age,job,marital,education,default,housing,loan,contact,month,day_of_week,duration,campaign,pdays,previous,poutcome,emp.var.rate,cons.price.idx,cons.conf.idx,euribor3m,nr.employed,Label
41,7,3,7,1,2,2,2,5,3,23,17,999,0,2,1.1,93.994,-36.4,4.857,5191.0,0
45,1,2,4,1,2,1,1,10,5,738,3,6,1,3,-1.1,94.601,-49.5,1.029,4963.6,1
47,6,3,2,3,2,2,1,7,1,431,3,999,0,2,1.4,93.918,-42.7,4.962,5228.1,0
29,10,3,7,1,2,2,1,11,4,281,2,999,0,2,-0.1,93.2,-42.0,4.0760000000000005,5195.8,0
44,3,2,7,1,2,2,1,11,4,96,1,999,0,2,-0.1,93.2,-42.0,4.0760000000000005,5195.8,0
40,11,2,6,1,2,1,1,9,5,155,3,999,0,2,-3.4,92.379,-29.8,0.773,5017.5,0
33,1,3,4,1,2,1,1,5,2,659,1,999,0,2,-1.8,92.893,-46.2,1.344,5099.1,0
43,10,1,6,1,2,1,1,5,1,143,1,999,0,2,-1.8,92.893,-46.2,1.264,5099.1,0
31,10,2,7,1,1,1,1,8,4,56,2,999,0,2,1.4,93.444,-36.1,4.964,5228.1,0
36,2,2,2,1,2,1,1,11,3,70,1,999,0,2,-0.1,93.2,-42.0,4.12,5195.8,0
38,11,2,1,3,1,1,1,7,2,1058,1,999,0,2,1.4,93.918,-42.7,4.961,5228.1,1
33,2,2,3,1,2,2,1,5,2,341,1,999,0,2,-1.8,92.893,-46.2,1.291,5099.1,0
35,2,2,3,1,2,1,1,12,4,105,1,4,3,3,-3.0,92.713,-33.0,0.7070000000000001,5023.5,0
49,10,2,6,1,2,1,2,5,2,57,1,999,0,2,1.1,93.994,-36.4,4.856,5191.0,0
28,2,2,1,1,2,1,1,7,1,113,1,999,0,2,1.4,93.918,-42.7,4.96,5228.1,0
27,1,2,4,1,2,2,1,5,4,201,1,999,0,2,-1.8,92.893,-46.2,1.266,5099.1,0
60,10,2,6,3,1,1,2,7,2,55,15,999,0,2,1.4,93.918,-42.7,4.961,5228.1,0
38,1,3,3,3,2,1,2,6,3,247,5,999,0,2,1.4,94.465,-41.8,4.962,5228.1,0
18,9,3,8,1,2,2,2,8,3,297,1,999,0,2,-1.7,94.027,-38.3,0.9,4991.6,0
42,1,2,4,1,1,1,1,11,1,651,2,999,1,1,-0.1,93.2,-42.0,4.191,5195.8,1
77,6,1,6,1,1,1,1,8,1,258,1,999,0,2,-1.7,94.027,-38.3,0.898,4991.6,0
37,8,2,4,3,2,2,2,5,4,73,3,999,0,2,1.1,93.994,-36.4,4.86,5191.0,0
41,10,2,6,1,2,1,2,5,3,446,2,999,0,2,1.1,93.994,-36.4,4.8580000000000005,5191.0,0
41,1,2,3,1,2,1,1,11,3,135,1,999,0,2,-0.1,93.2,-42.0,4.12,5195.8,0
26,2,2,3,1,2,1,1,7,1,159,2,999,0,2,1.4,93.918,-42.7,4.96,5228.1,0
40,2,2,1,1,1,1,2,6,1,258,2,999,0,2,1.4,94.465,-41.8,4.961,5228.1,0
31,10,1,7,1,2,1,1,8,4,132,1,999,0,2,1.4,93.444,-36.1,4.963,5228.1,0
54,1,2,7,3,1,2,2,5,4,82,2,999,0,2,1.1,93.994,-36.4,4.86,5191.0,0
30,10,2,7,3,2,1,2,5,3,72,3,999,0,2,1.1,93.994,-36.4,4.8580000000000005,5191.0,0
55,2,2,6,1,2,2,1,5,5,197,3,999,1,1,-1.8,92.893,-46.2,1.25,5099.1,0
41,2,2,1,1,2,1,2,5,3,152,3,999,0,2,1.1,93.994,-36.4,4.856,5191.0,0
44,5,1,7,1,2,1,1,4,5,230,1,999,0,2,-1.8,93.075,-47.1,1.479,5099.1,0
28,1,3,4,1,2,1,1,5,2,59,3,999,0,2,-1.8,92.893,-46.2,1.291,5099.1,0
26,4,3,4,3,2,2,2,7,4,127,1,999,0,2,1.4,93.918,-42.7,4.963,5228.1,0
36,2,2,2,1,2,1,2,5,3,57,1,999,0,2,1.1,93.994,-36.4,4.859,5191.0,0
42,4,2,1,3,2,1,2,6,5,38,8,999,0,2,1.4,94.465,-41.8,4.959,5228.1,0
54,10,2,6,3,2,1,1,4,1,698,1,999,0,2,-1.8,93.075,-47.1,1.405,5099.1,0
49,1,2,4,1,1,1,1,8,5,151,1,999,0,2,1.4,93.444,-36.1,4.966,5228.1,0
27,9,3,3,1,2,1,1,8,3,111,1,999,0,2,-1.7,94.027,-38.3,0.9,4991.6,0
42,1,2,7,1,2,1,1,5,1,370,5,999,0,2,-1.8,92.893,-46.2,1.354,5099.1,0
31,2,3,3,1,1,1,2,6,3,767,2,999,0,2,1.4,94.465,-41.8,4.864,5228.1,1
28,2,2,2,3,1,1,1,5,1,68,2,999,1,1,-1.8,92.893,-46.2,1.2990000000000002,5099.1,0
54,2,1,8,3,2,1,2,6,4,339,3,999,0,2,1.4,94.465,-41.8,4.958,5228.1,0
35,2,2,3,3,1,1,2,5,4,170,1,999,0,2,1.1,93.994,-36.4,4.855,5191.0,0
32,8,3,4,1,2,1,1,5,3,53,1,999,1,1,-1.8,92.893,-46.2,1.281,5099.1,0
24,9,2,7,1,1,1,1,7,2,114,1,999,0,2,1.4,93.918,-42.7,4.961,5228.1,0
32,8,2,4,1,1,2,1,7,5,157,3,999,0,2,1.4,93.918,-42.7,4.957,5228.1,0
48,8,3,1,3,2,2,1,5,4,106,2,999,0,2,-1.8,92.893,-46.2,1.266,5099.1,0
30,1,2,4,3,2,1,1,11,3,246,3,999,0,2,-0.1,93.2,-42.0,4.12,5195.8,0
34,2,2,3,1,1,1,2,6,2,7,1,999,0,2,-1.7,94.055,-39.8,0.7020000000000001,4991.6,0
23,2,3,4,1,1,1,1,7,3,251,1,999,0,2,1.4,93.918,-42.7,4.957,5228.1,0
31,1,2,7,1,2,1,1,8,4,280,7,999,0,2,1.4,93.444,-36.1,4.963,5228.1,0
30,1,3,7,1,2,1,1,11,2,288,1,999,0,2,-0.1,93.2,-42.0,4.1530000000000005,5195.8,0
32,2,2,3,1,1,1,1,11,1,1091,2,5,1,3,-0.1,93.2,-42.0,4.191,5195.8,1
39,2,3,3,1,2,1,1,11,1,78,2,999,0,2,-0.1,93.2,-42.0,4.191,5195.8,0
33,2,2,2,3,2,2,2,5,5,1132,2,999,0,2,1.1,93.994,-36.4,4.855,5191.0,1
46,8,2,3,1,1,2,1,5,3,227,2,999,0,2,-1.8,92.893,-46.2,1.334,5099.1,0
35,2,2,2,1,2,1,1,11,2,372,2,999,0,2,-0.1,93.2,-42.0,4.1530000000000005,5195.8,0
52,2,2,1,1,1,1,2,5,5,136,2,999,0,2,1.1,93.994,-36.4,4.859,5191.0,0
34,2,2,2,1,1,1,2,6,5,381,3,999,0,2,1.4,94.465,-41.8,4.947,5228.1,0
31,1,2,7,1,2,1,1,8,4,96,5,999,0,2,1.4,93.444,-36.1,4.962,5228.1,0
45,5,2,1,3,2,1,2,5,5,100,1,999,0,2,1.1,93.994,-36.4,4.855,5191.0,0
42,2,2,1,1,1,1,2,5,3,456,2,999,0,2,1.1,93.994,-36.4,4.857,5191.0,0
52,8,2,6,3,2,2,1,8,1,84,3,999,0,2,1.4,93.444,-36.1,4.965,5228.1,0
32,8,3,7,1,1,1,1,9,4,128,3,999,2,1,-1.1,94.199,-37.5,0.884,4963.6,0
46,8,2,4,1,2,1,1,4,1,180,1,999,0,2,-1.8,93.075,-47.1,1.405,5099.1,0
45,1,2,7,3,2,1,2,5,2,99,6,999,0,2,1.1,93.994,-36.4,4.857,5191.0,0
32,2,2,1,1,1,1,1,5,1,299,3,999,0,2,-1.8,92.893,-46.2,1.2990000000000002,5099.1,0
38,10,2,7,1,2,1,1,5,3,147,1,999,0,2,-1.8,92.893,-46.2,1.334,5099.1,0
38,3,1,7,1,2,1,1,11,4,252,1,999,0,2,-0.1,93.2,-42.0,4.0760000000000005,5195.8,0
50,2,2,3,3,2,1,1,7,2,215,3,999,0,2,1.4,93.918,-42.7,4.961,5228.1,0
31,2,3,3,1,2,1,2,9,1,5,1,999,0,2,-1.1,94.199,-37.5,0.879,4963.6,0
34,11,2,3,1,1,1,1,5,1,123,2,999,0,2,-1.8,92.893,-46.2,1.2990000000000002,5099.1,0
36,7,2,3,1,2,2,1,11,4,151,3,999,0,2,-0.1,93.2,-42.0,4.0760000000000005,5195.8,0
31,10,3,4,1,1,1,1,8,2,191,1,999,0,2,1.4,93.444,-36.1,4.966,5228.1,0
44,1,1,7,1,1,1,1,7,3,191,6,999,0,2,1.4,93.918,-42.7,4.957,5228.1,0
60,3,2,8,1,1,1,1,8,4,130,2,999,0,2,-2.9,92.201,-31.4,0.883,5076.2,0
28,1,2,7,1,1,1,1,5,2,72,3,999,1,1,-1.8,92.893,-46.2,1.291,5099.1,0
41,2,2,1,1,2,2,1,5,3,389,2,999,0,2,-1.8,92.893,-46.2,1.334,5099.1,0
43,8,2,4,1,1,1,1,11,4,81,1,999,0,2,-0.1,93.2,-42.0,4.0760000000000005,5195.8,0
30,8,2,3,1,1,1,1,7,2,70,2,999,0,2,1.4,93.918,-42.7,4.961,5228.1,0
35,1,2,7,1,1,1,2,5,2,235,4,999,0,2,1.1,93.994,-36.4,4.857,5191.0,0
33,1,3,4,1,1,1,1,7,1,31,1,999,0,2,1.4,93.918,-42.7,4.96,5228.1,0
53,1,3,2,1,2,2,2,5,1,148,2,999,0,2,1.1,93.994,-36.4,4.857,5191.0,0
25,10,3,7,1,2,2,2,6,1,35,6,999,0,2,1.4,94.465,-41.8,4.96,5228.1,0
28,9,3,8,1,2,1,1,8,4,111,1,999,1,1,-2.9,92.201,-31.4,0.883,5076.2,0
47,1,2,7,1,1,1,2,5,4,42,1,999,0,2,1.1,93.994,-36.4,4.855,5191.0,0
41,6,3,1,1,2,1,1,10,5,278,1,999,0,2,-1.1,94.601,-49.5,0.942,4963.6,0
55,3,1,7,3,1,1,1,5,5,56,1,999,1,1,-1.8,92.893,-46.2,1.3130000000000002,5099.1,0
54,1,2,7,1,2,1,2,5,4,461,3,999,0,2,1.1,93.994,-36.4,4.855,5191.0,0
55,12,2,1,1,1,2,1,7,4,185,1,999,0,2,1.4,93.918,-42.7,4.962,5228.1,0
42,10,2,4,1,2,1,1,8,2,188,1,999,0,2,1.4,93.444,-36.1,4.968,5228.1,0
25,9,3,8,3,2,1,1,8,5,81,1,999,1,1,-2.9,92.201,-31.4,0.825,5076.2,0
50,4,1,1,1,1,1,2,9,2,57,1,999,0,2,-1.1,94.199,-37.5,0.877,4963.6,0
50,2,2,3,3,2,1,2,5,1,192,2,999,0,2,1.1,93.994,-36.4,4.857,5191.0,0
54,5,2,7,1,1,2,1,7,2,218,1,999,0,2,1.4,93.918,-42.7,4.961,5228.1,0
41,1,2,7,1,2,1,1,8,3,206,1,999,0,2,1.4,93.444,-36.1,4.965,5228.1,0
44,3,2,6,1,1,1,2,5,1,259,1,999,0,2,1.1,93.994,-36.4,4.8580000000000005,5191.0,0
48,10,2,6,1,2,1,1,8,5,336,8,999,0,2,1.4,93.444,-36.1,4.964,5228.1,1
39,2,1,2,3,1,1,1,5,3,101,1,999,0,2,-1.8,92.893,-46.2,1.281,5099.1,0
57,10,2,1,3,1,1,2,5,2,101,1,999,0,2,1.1,93.994,-36.4,4.857,5191.0,0
33,1,3,7,1,1,1,1,5,3,6,7,999,0,2,-1.8,92.893,-46.2,1.281,5099.1,0
27,7,3,7,1,2,2,2,6,3,161,1,999,0,2,1.4,94.465,-41.8,4.864,5228.1,0
55,11,2,1,1,2,1,2,9,2,6,1,999,0,2,-1.1,94.199,-37.5,0.879,4963.6,0
33,5,2,7,1,1,1,2,5,5,21,1,999,0,2,1.1,93.994,-36.4,4.855,5191.0,0
41,10,2,6,3,2,1,2,6,1,442,11,999,0,2,1.4,94.465,-41.8,4.865,5228.1,0
30,1,2,4,1,1,1,1,7,3,227,1,999,0,2,1.4,93.918,-42.7,4.957,5228.1,0
36,8,2,4,1,1,1,1,7,3,98,3,999,0,2,1.4,93.918,-42.7,4.963,5228.1,0
35,10,3,3,1,1,1,1,11,3,178,1,999,1,1,-0.1,93.2,-42.0,4.12,5195.8,0
27,1,3,4,1,2,1,1,7,4,130,1,999,0,2,1.4,93.918,-42.7,4.958,5228.1,0
30,1,3,7,1,1,1,1,11,5,258,2,999,1,1,-0.1,93.2,-42.0,4.021,5195.8,0
44,10,3,7,1,1,2,1,7,5,228,2,999,0,2,1.4,93.918,-42.7,4.963,5228.1,0
36,1,3,4,1,2,1,1,5,4,27,1,999,1,1,-1.8,92.893,-46.2,1.327,5099.1,0
52,3,2,3,3,2,1,2,6,1,699,2,999,0,2,1.4,94.465,-41.8,4.961,5228.1,0
36,7,3,1,1,1,1,1,7,4,148,1,999,0,2,1.4,93.918,-42.7,4.968,5228.1,0
30,2,2,3,1,2,1,1,5,5,487,2,999,0,2,-1.8,92.893,-46.2,1.3130000000000002,5099.1,0
40,5,2,8,1,2,1,1,11,4,165,1,999,1,1,-0.1,93.2,-42.0,4.0760000000000005,5195.8,0
25,8,3,2,3,2,1,1,7,4,301,1,999,0,2,1.4,93.918,-42.7,4.958,5228.1,0
32,10,3,7,1,1,1,1,8,2,264,12,999,0,2,1.4,93.444,-36.1,4.966,5228.1,0
33,2,2,4,1,2,1,2,5,3,233,1,999,0,2,1.1,93.994,-36.4,4.856,5191.0,0
46,2,3,3,3,2,1,1,7,4,155,1,999,0,2,1.4,93.918,-42.7,4.963,5228.1,0
54,6,3,4,1,2,1,1,7,4,577,3,999,0,2,1.4,93.918,-42.7,4.962,5228.1,0
32,1,3,6,1,2,1,2,5,1,16,11,999,0,2,1.1,93.994,-36.4,4.857,5191.0,0
33,5,2,7,1,2,1,1,5,2,35,6,999,0,2,-1.8,92.893,-46.2,1.344,5099.1,0
28,10,2,3,1,2,1,1,7,1,236,2,999,0,2,1.4,93.918,-42.7,4.96,5228.1,0
32,3,2,4,1,2,1,1,11,3,100,1,999,1,1,-0.1,93.2,-42.0,4.12,5195.8,0
32,3,2,7,1,1,1,1,11,4,73,4,999,0,2,-0.1,93.2,-42.0,4.0760000000000005,5195.8,0
67,4,1,6,1,2,1,1,11,1,655,2,5,5,3,-1.1,94.767,-50.8,1.039,4963.6,1
50,10,2,7,1,2,1,1,7,5,367,1,999,0,2,1.4,93.918,-42.7,4.962,5228.1,0
34,2,3,2,1,2,2,1,7,3,195,1,999,0,2,1.4,93.918,-42.7,4.957,5228.1,0
56,3,2,7,1,2,2,2,6,4,82,1,999,0,2,1.4,94.465,-41.8,4.961,5228.1,0
54,10,2,7,3,1,1,2,6,1,71,4,999,0,2,1.4,94.465,-41.8,4.96,5228.1,0
35,9,3,7,3,1,1,2,6,4,618,1,999,0,2,1.4,94.465,-41.8,4.961,5228.1,1
54,5,2,7,1,1,1,1,5,1,397,1,999,1,1,-1.8,92.893,-46.2,1.264,5099.1,1
48,4,2,1,3,1,2,1,8,1,148,1,999,0,2,1.4,93.444,-36.1,4.97,5228.1,0
60,8,2,4,3,1,1,1,8,2,73,1,999,0,2,1.4,93.444,-36.1,4.966,5228.1,0
40,11,3,4,1,2,1,1,7,1,300,5,999,0,2,1.4,93.918,-42.7,4.96,5228.1,0
53,8,2,4,3,1,1,2,5,4,203,4,999,0,2,1.1,93.994,-36.4,4.86,5191.0,0
44,2,2,4,3,1,1,2,6,2,390,2,999,0,2,1.4,94.465,-41.8,4.961,5228.1,0
58,6,2,1,1,2,1,1,4,4,185,1,2,1,3,-1.8,93.075,-47.1,1.365,5099.1,0
42,7,2,7,1,1,1,1,7,1,84,2,999,0,2,1.4,93.918,-42.7,4.962,5228.1,0
35,2,2,2,1,2,1,2,5,5,115,6,999,0,2,1.1,93.994,-36.4,4.864,5191.0,0
32,8,2,4,1,3,3,2,5,1,72,2,999,0,2,1.1,93.994,-36.4,4.857,5191.0,0
54,1,2,7,1,1,1,1,7,4,9,5,999,0,2,1.4,93.918,-42.7,4.968,5228.1,0
42,10,1,6,3,1,2,2,5,5,286,3,999,0,2,1.1,93.994,-36.4,4.859,5191.0,0
45,10,1,3,3,1,1,1,7,3,80,2,999,0,2,1.4,93.918,-42.7,4.962,5228.1,0
30,1,3,7,1,2,1,1,5,1,232,2,999,1,1,-1.8,92.893,-46.2,1.2990000000000002,5099.1,0
30,1,2,7,1,1,1,2,5,2,178,2,999,0,2,1.1,93.994,-36.4,4.857,5191.0,0
36,2,2,2,1,2,1,2,5,3,167,1,999,0,2,1.1,93.994,-36.4,4.8580000000000005,5191.0,0
52,5,2,7,1,2,1,2,5,5,412,1,999,0,2,1.1,93.994,-36.4,4.859,5191.0,0
35,10,2,6,1,1,1,1,7,4,126,4,999,0,2,1.4,93.918,-42.7,4.968,5228.1,0
36,1,3,7,1,2,1,1,8,4,379,1,999,0,2,1.4,93.444,-36.1,4.963,5228.1,0
36,10,3,4,1,2,1,1,7,3,243,1,999,1,1,-2.9,92.469,-33.6,1.029,5076.2,0
36,10,1,3,1,1,1,2,7,3,372,1,999,0,2,1.4,93.918,-42.7,4.962,5228.1,0
40,1,2,4,1,1,1,2,5,1,160,3,999,0,2,1.1,93.994,-36.4,4.857,5191.0,0
36,2,2,3,3,1,1,1,5,3,951,3,999,1,1,-1.8,92.893,-46.2,1.281,5099.1,1
57,8,2,6,3,1,1,1,8,1,153,2,999,0,2,1.4,93.444,-36.1,4.965,5228.1,0
42,8,2,7,1,2,1,1,4,1,257,1,999,0,2,-1.8,93.075,-47.1,1.405,5099.1,0
47,8,3,3,1,1,1,1,11,2,187,2,999,0,2,-0.1,93.2,-42.0,4.1530000000000005,5195.8,0
40,1,2,7,1,2,2,1,8,2,117,1,999,0,2,1.4,93.444,-36.1,4.966,5228.1,0
48,8,2,4,1,1,1,2,9,2,11,1,999,0,2,-1.1,94.199,-37.5,0.8809999999999999,4963.6,0
51,2,2,2,1,1,1,1,8,5,393,1,999,0,2,1.4,93.444,-36.1,4.964,5228.1,0
29,1,3,7,1,2,2,2,5,3,266,2,999,0,2,1.1,93.994,-36.4,4.859,5191.0,0
50,10,2,6,1,1,1,2,5,5,121,2,999,0,2,1.1,93.994,-36.4,4.859,5191.0,0
27,1,2,4,3,1,1,1,7,4,84,3,999,0,2,1.4,93.918,-42.7,4.968,5228.1,0
37,5,1,7,1,2,1,1,5,1,176,1,999,0,2,-1.8,92.893,-46.2,1.244,5099.1,0
34,10,2,7,1,2,1,1,11,3,686,1,999,0,2,-0.1,93.2,-42.0,4.12,5195.8,1
48,10,3,8,3,1,1,2,5,4,257,7,999,0,2,1.1,93.994,-36.4,4.86,5191.0,0
46,4,1,2,1,2,1,2,6,2,143,8,999,0,2,1.4,94.465,-41.8,4.864,5228.1,0
48,2,2,1,1,1,2,2,6,2,291,1,999,0,2,1.4,94.465,-41.8,4.864,5228.1,0
38,1,2,7,1,2,1,1,8,2,35,6,999,0,2,1.4,93.444,-36.1,4.965,5228.1,0
41,2,1,3,1,2,1,1,5,4,102,1,999,0,2,-1.8,92.893,-46.2,1.327,5099.1,0
37,5,2,7,1,2,1,1,7,5,292,1,6,1,3,-1.7,94.215,-40.3,0.8959999999999999,4991.6,1
27,10,3,6,1,1,1,2,5,2,148,1,999,0,2,1.1,93.994,-36.4,4.857,5191.0,0
33,1,2,7,1,2,1,2,5,4,139,2,999,0,2,1.1,93.994,-36.4,4.86,5191.0,0
56,2,2,3,3,1,1,2,6,5,143,2,999,0,2,1.4,94.465,-41.8,4.967,5228.1,0
34,2,2,3,1,2,1,1,7,3,487,5,999,0,2,1.4,93.918,-42.7,4.963,5228.1,0
52,2,2,3,1,1,1,1,8,5,809,1,999,0,2,1.4,93.444,-36.1,4.966,5228.1,1
32,5,1,7,1,1,1,1,5,2,342,3,999,0,2,-1.8,92.893,-46.2,1.344,5099.1,0
50,1,2,3,1,1,1,1,8,4,84,1,999,0,2,1.4,93.444,-36.1,4.968,5228.1,0
39,10,1,4,1,1,1,1,3,1,222,1,12,2,3,-1.8,93.369,-34.8,0.639,5008.7,1
33,1,3,7,1,2,2,1,8,2,275,6,999,0,2,1.4,93.444,-36.1,4.963,5228.1,0
50,2,2,2,1,2,1,1,5,1,293,3,3,1,3,-1.8,92.893,-46.2,1.354,5099.1,1
45,7,1,7,1,1,2,1,5,5,133,1,999,0,2,-1.8,92.893,-46.2,1.25,5099.1,0
25,8,2,4,1,2,1,1,7,5,164,1,999,0,2,1.4,93.918,-42.7,4.957,5228.1,0
28,2,2,2,3,1,1,2,6,2,151,7,999,0,2,1.4,94.465,-41.8,4.864,5228.1,0
44,1,2,4,1,2,1,1,8,5,111,1,999,0,2,1.4,93.444,-36.1,4.964,5228.1,0
55,3,2,6,1,2,2,1,10,1,233,1,999,2,1,-3.4,92.431,-26.9,0.7390000000000001,5017.5,0
33,1,3,7,1,2,1,1,8,4,686,4,999,0,2,1.4,93.444,-36.1,4.963,5228.1,1
35,8,2,6,1,2,1,1,4,4,218,2,6,1,3,-1.8,93.749,-34.6,0.644,5008.7,1
50,1,2,7,1,1,1,1,11,5,206,1,999,0,2,-0.1,93.2,-42.0,4.021,5195.8,0
35,1,3,7,1,1,1,1,8,1,167,2,999,0,2,1.4,93.444,-36.1,4.97,5228.1,0
76,6,2,7,1,1,1,1,8,4,126,1,999,1,1,-1.7,94.027,-38.3,0.899,4991.6,0
33,1,3,7,1,2,2,2,4,3,117,1,999,0,2,-1.8,93.075,-47.1,1.415,5099.1,0
38,1,2,7,1,2,1,1,11,2,64,1,3,3,3,-3.4,92.649,-30.1,0.715,5017.5,1
29,1,3,7,1,1,1,1,8,4,139,1,999,0,2,1.4,93.444,-36.1,4.963,5228.1,0
45,1,3,7,1,1,1,1,8,4,505,1,999,0,2,1.4,93.444,-36.1,4.964,5228.1,1
31,1,2,7,1,2,1,1,8,4,113,1,999,0,2,1.4,93.444,-36.1,4.964,5228.1,0
46,5,2,7,1,2,1,1,11,4,205,6,999,0,2,-0.1,93.2,-42.0,4.0760000000000005,5195.8,0
44,1,2,7,1,2,1,1,5,2,201,1,999,0,2,-1.8,92.893,-46.2,1.344,5099.1,0
26,9,3,4,1,2,1,1,5,1,113,2,999,0,2,-1.8,92.893,-46.2,1.244,5099.1,0
43,5,2,6,1,1,1,1,11,2,257,2,999,0,2,-0.1,93.2,-42.0,4.1530000000000005,5195.8,0
57,6,2,3,1,1,1,1,8,2,388,4,999,0,2,1.4,93.444,-36.1,4.965,5228.1,1
46,5,2,7,1,1,2,1,7,5,153,2,999,0,2,1.4,93.918,-42.7,4.962,5228.1,0
47,5,2,1,3,1,1,2,5,5,190,1,999,0,2,1.1,93.994,-36.4,4.857,5191.0,0
32,1,3,4,1,1,1,1,11,1,74,2,999,2,1,-1.1,94.767,-50.8,1.048,4963.6,0
30,10,2,7,1,2,1,2,7,3,31,2,999,0,2,1.4,93.918,-42.7,4.963,5228.1,0
30,8,2,4,1,1,1,2,6,1,151,3,999,0,2,1.4,94.465,-41.8,4.865,5228.1,0
56,5,2,3,1,2,1,2,6,2,941,3,999,0,2,1.4,94.465,-41.8,4.864,5228.1,1
39,1,2,7,1,2,1,1,8,4,217,3,999,0,2,1.4,93.444,-36.1,4.968,5228.1,0
40,2,2,3,1,2,1,1,7,2,107,4,999,0,2,1.4,93.918,-42.7,4.961,5228.1,0
31,2,3,4,1,2,1,1,5,4,361,1,999,0,2,-1.8,92.893,-46.2,1.327,5099.1,0
41,3,1,6,1,2,1,1,7,4,72,1,999,0,2,1.4,93.918,-42.7,4.963,5228.1,0
24,9,3,4,3,1,1,1,7,2,86,1,999,0,2,1.4,93.918,-42.7,4.962,5228.1,0
37,1,2,4,1,2,1,2,5,1,166,4,999,0,2,1.1,93.994,-36.4,4.857,5191.0,0
29,1,3,3,1,1,1,1,5,1,79,2,999,0,2,-1.8,92.893,-46.2,1.2990000000000002,5099.1,0
23,1,3,7,1,2,2,2,7,1,69,3,999,0,2,1.4,93.918,-42.7,4.96,5228.1,0
30,3,2,4,1,2,1,1,11,3,164,3,999,0,2,-0.1,93.2,-42.0,4.12,5195.8,0
51,10,2,8,1,2,1,2,6,5,17,3,999,0,2,1.4,94.465,-41.8,4.959,5228.1,0
39,10,2,6,1,3,3,2,5,3,575,2,999,0,2,1.1,93.994,-36.4,4.8580000000000005,5191.0,0
49,10,1,4,1,2,1,1,7,4,388,1,999,0,2,1.4,93.918,-42.7,4.958,5228.1,0
31,5,2,7,1,2,1,1,8,3,181,2,999,0,2,1.4,93.444,-36.1,4.964,5228.1,0
30,2,3,8,1,2,2,2,5,1,408,1,999,0,2,1.1,93.994,-36.4,4.857,5191.0,0
43,1,2,6,1,2,1,2,6,4,193,2,999,0,2,1.4,94.465,-41.8,4.8660000000000005,5228.1,0
59,6,2,6,3,2,1,2,6,3,59,8,999,0,2,1.4,94.465,-41.8,4.959,5228.1,0
29,9,3,8,1,1,1,2,5,1,1143,4,999,0,2,-1.8,92.893,-46.2,1.2990000000000002,5099.1,0
56,2,2,1,3,2,1,1,7,2,335,2,999,0,2,1.4,93.918,-42.7,4.961,5228.1,0
36,1,2,4,1,1,1,2,5,4,263,3,999,0,2,1.1,93.994,-36.4,4.86,5191.0,0
26,9,3,3,1,2,1,1,3,1,1447,2,999,0,2,-1.8,92.843,-50.0,1.811,5099.1,1
52,2,1,8,1,1,1,1,7,2,111,8,999,0,2,1.4,93.918,-42.7,4.961,5228.1,0
44,1,2,4,1,1,1,2,5,3,83,3,999,0,2,1.1,93.994,-36.4,4.856,5191.0,0
32,1,2,4,1,1,1,1,8,5,52,8,999,0,2,1.4,93.444,-36.1,4.966,5228.1,0
29,5,2,7,1,1,2,1,8,3,181,2,999,0,2,1.4,93.444,-36.1,4.967,5228.1,0
58,2,2,6,1,1,1,2,6,5,15,12,999,0,2,1.4,94.465,-41.8,4.959,5228.1,0
54,10,2,7,3,1,1,2,6,4,322,2,999,0,2,1.4,94.465,-41.8,4.958,5228.1,0
33,3,2,3,3,1,1,2,5,2,82,1,999,0,2,1.1,93.994,-36.4,4.857,5191.0,0
38,2,2,2,1,2,1,2,7,4,389,2,999,0,2,1.4,93.918,-42.7,4.966,5228.1,0
37,5,2,7,1,2,1,1,11,4,252,1,999,0,2,-0.1,93.2,-42.0,4.0760000000000005,5195.8,0
48,1,2,7,1,2,2,1,7,5,154,2,999,0,2,1.4,93.918,-42.7,4.963,5228.1,0
36,4,2,1,1,3,3,1,8,2,23,14,999,0,2,1.4,93.444,-36.1,4.965,5228.1,0
41,10,2,6,1,2,1,1,8,1,984,1,999,0,2,1.4,93.444,-36.1,4.963,5228.1,0
31,1,3,7,1,2,1,2,6,3,357,2,999,0,2,1.4,94.465,-41.8,4.864,5228.1,0
54,10,1,6,1,2,2,1,7,2,797,14,999,0,2,1.4,93.918,-42.7,4.961,5228.1,0
27,1,3,4,1,1,1,2,4,4,198,3,999,0,2,-1.8,93.075,-47.1,1.41,5099.1,0
34,10,2,3,1,1,1,1,5,1,103,1,999,0,2,-1.8,92.893,-46.2,1.2990000000000002,5099.1,0
38,2,2,3,1,1,1,1,5,3,204,1,11,1,3,-1.8,92.893,-46.2,1.281,5099.1,0
43,2,2,8,1,2,1,1,5,2,128,7,999,0,2,-1.8,92.893,-46.2,1.291,5099.1,0
38,1,1,7,1,1,1,1,4,1,360,1,999,0,2,-1.8,93.075,-47.1,1.392,5099.1,1
32,8,3,4,1,3,3,1,5,3,363,1,999,1,1,-1.8,92.893,-46.2,1.281,5099.1,0
43,2,3,1,3,1,1,2,5,3,339,3,999,0,2,1.1,93.994,-36.4,4.8580000000000005,5191.0,0
52,1,2,4,1,2,1,1,4,4,152,2,999,1,1,-1.8,93.075,-47.1,1.435,5099.1,0
53,7,2,7,1,1,1,1,8,5,59,3,999,0,2,1.4,93.444,-36.1,4.963,5228.1,0
47,2,2,4,1,3,3,1,8,2,153,10,999,0,2,1.4,93.444,-36.1,4.965,5228.1,0
43,11,2,7,3,2,1,2,5,2,424,1,999,0,2,1.1,93.994,-36.4,4.857,5191.0,0
30,10,3,6,1,1,1,1,7,2,136,2,999,0,2,1.4,93.918,-42.7,4.962,5228.1,0
42,7,2,7,1,2,1,1,11,5,888,3,999,0,2,-0.1,93.2,-42.0,4.021,5195.8,0
54,2,2,8,1,2,1,1,8,3,99,3,999,0,2,1.4,93.444,-36.1,4.964,5228.1,0
43,5,2,7,3,2,2,1,4,5,307,1,999,0,2,-1.8,93.075,-47.1,1.405,5099.1,0
25,1,2,7,1,2,1,2,6,5,109,1,999,0,2,1.4,94.465,-41.8,4.967,5228.1,0
33,2,3,2,1,2,1,1,5,5,474,2,999,0,2,-1.8,92.893,-46.2,1.3130000000000002,5099.1,0
27,2,3,3,1,2,1,1,5,2,352,1,999,0,2,-1.8,92.893,-46.2,1.344,5099.1,0
29,1,3,4,1,1,1,1,5,5,553,2,999,0,2,-1.8,92.893,-46.2,1.3130000000000002,5099.1,0
34,8,3,4,1,2,1,1,5,4,541,3,999,1,1,-1.8,92.893,-46.2,1.327,5099.1,0
38,5,2,7,1,2,1,1,5,5,1276,1,999,0,2,-1.8,92.893,-46.2,1.3130000000000002,5099.1,1
49,10,2,3,1,2,1,2,5,1,146,6,999,0,2,1.1,93.994,-36.4,4.857,5191.0,0
31,10,3,4,1,2,2,1,8,3,113,2,999,0,2,1.4,93.444,-36.1,4.967,5228.1,0
46,1,2,4,1,2,2,2,6,3,148,10,999,0,2,1.4,94.465,-41.8,4.864,5228.1,0
29,1,3,7,1,2,1,2,6,5,10,27,999,0,2,1.4,94.465,-41.8,4.959,5228.1,0
44,4,2,1,1,2,1,1,5,3,31,1,999,1,1,-1.8,92.893,-46.2,1.281,5099.1,0
43,5,2,7,1,1,1,1,8,1,75,1,999,0,2,-2.9,92.201,-31.4,0.861,5076.2,0
30,8,3,4,1,2,1,1,6,1,181,2,999,0,2,-2.9,92.963,-40.8,1.26,5076.2,1
38,5,2,7,1,1,2,1,11,5,79,1,999,0,2,-0.1,93.2,-42.0,4.021,5195.8,0
39,7,2,7,1,1,1,2,5,3,17,2,999,0,2,1.1,93.994,-36.4,4.8580000000000005,5191.0,0
31,4,3,4,1,2,1,1,7,3,125,3,999,0,2,1.4,93.918,-42.7,4.963,5228.1,0
37,10,3,4,1,2,1,1,4,4,44,2,999,0,2,-1.8,93.075,-47.1,1.41,5099.1,0
41,12,2,8,1,1,1,1,8,1,258,2,999,0,2,1.4,93.444,-36.1,4.97,5228.1,0
41,2,2,3,1,2,1,1,4,1,148,2,999,0,2,-1.8,93.075,-47.1,1.405,5099.1,0
47,1,2,7,1,2,1,1,11,1,58,1,999,0,2,-0.1,93.2,-42.0,4.191,5195.8,0
51,12,2,8,3,2,1,1,8,5,10,5,999,0,2,1.4,93.444,-36.1,4.963,5228.1,0
25,10,1,7,1,2,1,2,6,1,214,2,999,0,2,1.4,94.465,-41.8,4.865,5228.1,0
33,10,2,7,1,1,1,2,11,3,91,2,999,0,2,-0.1,93.2,-42.0,4.12,5195.8,0
39,8,3,4,1,1,1,2,5,5,346,4,999,0,2,1.1,93.994,-36.4,4.855,5191.0,0
28,2,2,2,3,1,1,2,5,4,262,1,999,0,2,1.1,93.994,-36.4,4.855,5191.0,0
29,2,1,3,1,2,1,1,5,3,168,4,999,1,1,-1.8,92.893,-46.2,1.281,5099.1,0
38,7,3,7,1,1,1,2,5,4,459,2,999,0,2,1.1,93.994,-36.4,4.855,5191.0,0
58,6,2,2,3,1,1,2,5,1,268,3,999,0,2,1.1,93.994,-36.4,4.857,5191.0,0
41,11,2,8,1,1,1,2,6,5,280,3,999,0,2,1.4,94.465,-41.8,4.967,5228.1,0
57,6,2,7,1,2,1,1,4,4,374,1,2,1,3,-1.8,93.075,-47.1,1.365,5099.1,0
52,5,2,7,3,2,2,1,8,4,118,1,999,0,2,1.4,93.444,-36.1,4.968,5228.1,0
56,6,2,1,3,2,1,1,8,3,102,1,999,0,2,1.4,93.444,-36.1,4.967,5228.1,0
34,1,2,7,1,2,2,1,11,5,85,3,999,0,2,-0.1,93.2,-42.0,4.021,5195.8,0
32,10,2,6,1,1,1,1,7,2,711,1,999,0,2,1.4,93.918,-42.7,4.962,5228.1,0
30,11,2,4,1,2,1,1,7,2,383,3,999,0,2,1.4,93.918,-42.7,4.961,5228.1,0
44,12,3,3,3,2,1,2,6,1,76,3,999,0,2,1.4,94.465,-41.8,4.96,5228.1,0
59,8,2,1,3,1,1,1,8,4,93,7,999,0,2,1.4,93.444,-36.1,4.963,5228.1,0
42,2,2,1,1,1,1,2,5,3,51,1,999,0,2,1.1,93.994,-36.4,4.859,5191.0,0
33,2,3,1,1,1,2,1,5,2,807,3,999,1,1,-1.8,92.893,-46.2,1.291,5099.1,0
46,8,2,6,1,2,1,2,5,2,273,4,999,0,2,1.1,93.994,-36.4,4.856,5191.0,0
41,2,1,3,1,2,1,1,5,5,88,1,999,1,1,-1.8,92.893,-46.2,1.3130000000000002,5099.1,0
24,9,3,4,1,1,1,1,6,2,292,1,999,1,1,-1.7,94.055,-39.8,0.737,4991.6,0
75,6,2,7,1,2,1,1,7,4,229,1,999,2,1,-1.7,94.215,-40.3,0.81,4991.6,1
33,10,2,7,1,2,1,1,5,1,182,1,999,0,2,-1.8,92.893,-46.2,1.244,5099.1,0
29,1,2,7,1,2,2,1,4,1,245,1,999,0,2,-1.8,93.075,-47.1,1.405,5099.1,0
32,1,2,6,1,2,1,1,7,3,173,3,999,0,2,1.4,93.918,-42.7,4.963,5228.1,0
30,10,3,7,1,1,1,1,8,4,183,7,999,0,2,1.4,93.444,-36.1,4.963,5228.1,0
57,6,2,7,1,2,1,2,6,5,12,5,999,0,2,1.4,94.465,-41.8,4.959,5228.1,0
33,8,2,4,3,2,1,2,6,1,393,3,999,0,2,1.4,94.465,-41.8,4.865,5228.1,0
35,7,4,7,1,1,1,1,11,4,221,1,999,0,2,-0.1,93.2,-42.0,4.0760000000000005,5195.8,0
31,9,3,7,1,1,1,1,7,5,608,3,6,2,3,-1.7,94.215,-40.3,0.885,4991.6,1
34,10,3,7,1,2,2,1,8,3,455,3,999,0,2,1.4,93.444,-36.1,4.967,5228.1,1
41,2,2,4,1,2,1,1,5,5,239,1,999,0,2,-1.8,92.893,-46.2,1.25,5099.1,0
30,1,3,7,1,1,1,2,5,3,25,1,999,0,2,1.1,93.994,-36.4,4.856,5191.0,0
32,2,2,3,1,2,1,1,4,4,114,1,999,1,1,-1.8,93.075,-47.1,1.41,5099.1,0
28,8,3,4,1,1,1,1,7,3,73,1,999,0,2,1.4,93.918,-42.7,4.963,5228.1,0
31,7,2,7,1,2,1,1,8,5,73,1,999,0,2,1.4,93.444,-36.1,4.963,5228.1,0
44,7,2,3,1,2,1,2,6,2,249,1,999,0,2,1.4,94.465,-41.8,4.864,5228.1,0
35,1,2,4,1,1,1,2,5,1,165,5,999,0,2,1.1,93.994,-36.4,4.857,5191.0,0
31,10,3,4,1,2,2,1,8,2,768,1,999,0,2,1.4,93.444,-36.1,4.966,5228.1,1
41,1,1,2,1,1,1,2,7,1,141,1,999,0,2,1.4,93.918,-42.7,4.96,5228.1,0
59,6,2,1,1,1,1,2,4,2,353,4,999,0,2,-1.8,93.075,-47.1,1.453,5099.1,0
36,10,2,4,3,2,1,1,8,3,112,2,999,0,2,1.4,93.444,-36.1,4.964,5228.1,0
36,10,1,6,3,1,1,2,6,1,90,4,999,0,2,1.4,94.465,-41.8,4.865,5228.1,0
46,1,1,7,1,2,1,2,7,1,59,4,999,0,2,1.4,93.918,-42.7,4.962,5228.1,0
39,2,3,3,1,1,1,2,5,2,650,3,999,0,2,1.1,93.994,-36.4,4.856,5191.0,1
29,10,2,6,1,1,1,2,5,5,886,3,999,0,2,1.1,93.994,-36.4,4.864,5191.0,1
45,2,2,3,3,2,1,1,4,2,427,4,999,1,1,-1.8,93.075,-47.1,1.423,5099.1,0
25,2,3,4,3,2,1,1,5,1,23,1,999,0,2,-1.8,92.893,-46.2,1.2990000000000002,5099.1,0
34,10,3,6,1,1,1,1,8,1,468,1,999,0,2,1.4,93.444,-36.1,4.965,5228.1,0
35,10,2,7,1,2,1,1,5,1,262,3,999,0,2,-1.8,92.893,-46.2,1.2990000000000002,5099.1,0
25,1,3,7,1,1,1,1,5,3,101,1,999,0,2,-1.8,92.893,-46.2,1.334,5099.1,0
29,3,2,1,1,1,1,1,7,2,103,4,999,0,2,1.4,93.918,-42.7,4.961,5228.1,0
54,1,2,7,1,2,2,1,8,5,204,1,999,1,1,-2.9,92.201,-31.4,0.8490000000000001,5076.2,1
39,4,2,1,3,2,1,1,8,4,223,6,999,0,2,1.4,93.444,-36.1,4.963,5228.1,0
34,4,3,7,1,1,1,2,6,4,267,2,999,0,2,1.4,94.465,-41.8,4.961,5228.1,0
58,3,1,7,1,1,1,2,6,4,40,2,999,0,2,1.4,94.465,-41.8,4.8660000000000005,5228.1,0
49,5,2,4,1,1,1,1,11,3,582,1,999,0,2,-0.1,93.2,-42.0,4.12,5195.8,0
48,10,2,2,1,1,2,2,5,2,175,1,999,0,2,1.1,93.994,-36.4,4.857,5191.0,0
52,10,2,4,1,2,1,2,5,1,503,2,999,0,2,1.1,93.994,-36.4,4.857,5191.0,0
38,1,1,7,1,1,1,2,6,5,50,3,999,0,2,1.4,94.465,-41.8,4.959,5228.1,0
31,10,3,6,1,3,3,1,8,1,202,7,999,0,2,1.4,93.444,-36.1,4.963,5228.1,0
29,10,3,6,1,2,1,1,5,1,245,1,999,0,2,-1.8,92.893,-46.2,1.244,5099.1,0
45,2,2,1,3,2,2,1,8,1,187,1,999,0,2,1.4,93.444,-36.1,4.965,5228.1,0
24,10,2,7,1,2,2,1,9,2,89,2,3,1,3,-3.4,92.379,-29.8,0.77,5017.5,1
42,1,2,4,1,2,1,1,7,5,311,6,999,0,2,1.4,93.918,-42.7,4.962,5228.1,0
34,10,2,6,1,2,1,1,8,5,36,1,999,0,2,1.4,93.444,-36.1,4.963,5228.1,0
45,2,3,3,1,1,1,2,6,1,185,1,999,0,2,1.4,94.465,-41.8,4.865,5228.1,0
32,10,3,7,1,2,1,1,8,3,168,1,999,0,2,1.4,93.444,-36.1,4.965,5228.1,0
38,1,3,8,1,2,1,1,5,5,191,1,999,0,2,-1.8,92.893,-46.2,1.3130000000000002,5099.1,0
52,7,1,3,1,2,1,1,11,4,26,5,999,1,1,-0.1,93.2,-42.0,4.0760000000000005,5195.8,0
52,5,2,6,1,2,2,2,5,2,280,1,999,0,2,1.1,93.994,-36.4,4.857,5191.0,0
32,1,2,7,1,1,1,2,11,4,132,1,999,0,2,-0.1,93.2,-42.0,4.592,5195.8,0
23,1,3,7,1,2,1,1,7,3,104,1,999,2,1,-1.7,94.215,-40.3,0.8809999999999999,4991.6,0
24,10,3,7,1,1,1,1,7,3,141,4,999,0,2,1.4,93.918,-42.7,4.963,5228.1,0
36,4,2,1,1,1,1,1,8,1,73,2,999,0,2,1.4,93.444,-36.1,4.965,5228.1,0
28,8,2,4,1,1,1,1,7,2,289,1,999,0,2,1.4,93.918,-42.7,4.962,5228.1,0
36,2,2,2,1,2,1,2,7,3,16,1,999,0,2,1.4,93.918,-42.7,4.962,5228.1,0
30,10,3,7,1,2,1,1,8,1,14,13,999,0,2,1.4,93.444,-36.1,4.965,5228.1,0
61,2,2,2,1,2,2,1,5,5,403,1,3,2,3,-1.8,93.876,-40.0,0.695,5008.7,1
81,6,2,1,1,1,1,1,5,1,617,2,999,0,2,-1.8,92.893,-46.2,1.354,5099.1,1
56,10,2,7,3,1,1,1,7,1,17,19,999,0,2,1.4,93.918,-42.7,4.96,5228.1,0
31,10,2,6,1,2,1,2,5,3,157,6,999,0,2,1.1,93.994,-36.4,4.856,5191.0,0
35,2,1,3,1,1,2,2,5,2,131,1,999,0,2,1.1,93.994,-36.4,4.856,5191.0,0
32,1,3,4,1,1,2,2,6,5,180,2,999,0,2,1.4,94.465,-41.8,4.967,5228.1,0
52,12,2,2,1,1,1,2,5,5,54,4,999,0,2,1.1,93.994,-36.4,4.864,5191.0,0
42,2,1,3,1,3,3,2,5,1,100,1,999,0,2,1.1,93.994,-36.4,4.8580000000000005,5191.0,0
40,10,2,3,1,2,1,2,5,2,34,3,999,0,2,1.1,93.994,-36.4,4.857,5191.0,0
42,8,2,4,3,2,1,1,7,1,136,4,999,0,2,1.4,93.918,-42.7,4.96,5228.1,0
34,1,2,7,1,1,1,1,8,2,109,1,999,0,2,1.4,93.444,-36.1,4.963,5228.1,0
22,2,3,3,1,2,1,2,7,1,110,7,999,0,2,1.4,93.918,-42.7,4.96,5228.1,0
51,2,2,1,3,2,1,2,6,2,334,2,999,0,2,1.4,94.465,-41.8,4.961,5228.1,0
26,1,3,7,1,2,2,1,5,2,15,7,999,0,2,-1.8,92.893,-46.2,1.291,5099.1,0
44,8,2,6,1,1,1,1,8,1,341,2,999,0,2,1.4,93.444,-36.1,4.97,5228.1,0
34,1,3,7,1,1,1,1,5,5,101,4,999,1,1,-1.8,92.893,-46.2,1.25,5099.1,0
51,2,2,4,1,2,1,1,5,3,809,1,999,1,1,-1.8,92.893,-46.2,1.281,5099.1,1
36,1,2,4,1,1,1,2,5,3,97,2,999,0,2,1.1,93.994,-36.4,4.859,5191.0,0
33,5,2,4,3,2,1,2,5,3,641,1,999,0,2,1.1,93.994,-36.4,4.8580000000000005,5191.0,0
32,1,2,7,1,2,2,1,8,3,224,1,999,0,2,1.4,93.444,-36.1,4.965,5228.1,0
37,1,3,4,1,1,2,1,7,2,223,6,999,0,2,1.4,93.918,-42.7,4.961,5228.1,0
25,1,3,7,1,1,1,2,6,1,94,2,999,0,2,-2.9,92.963,-40.8,1.26,5076.2,0
41,5,1,2,1,1,1,1,11,4,268,1,999,0,2,-0.1,93.2,-42.0,4.0760000000000005,5195.8,0
77,5,2,8,1,2,1,1,8,5,160,1,3,6,3,-1.7,94.027,-38.3,0.905,4991.6,1
32,8,2,4,3,1,1,2,6,5,174,1,999,0,2,1.4,94.465,-41.8,4.959,5228.1,0
45,7,1,7,1,2,2,2,6,1,173,1,999,0,2,1.4,94.465,-41.8,4.961,5228.1,0
44,1,1,4,1,2,1,1,5,2,173,8,999,1,1,-1.8,92.893,-46.2,1.291,5099.1,0
28,2,3,2,1,1,1,2,5,5,557,1,999,0,2,1.1,93.994,-36.4,4.855,5191.0,0
31,8,2,4,1,1,2,1,11,4,49,1,999,0,2,-0.1,93.2,-42.0,4.0760000000000005,5195.8,0
32,8,2,4,1,2,2,2,5,3,184,9,999,0,2,1.1,93.994,-36.4,4.8580000000000005,5191.0,0
32,2,2,8,1,1,1,1,11,4,366,4,999,0,2,-0.1,93.2,-42.0,4.0760000000000005,5195.8,0
60,3,2,1,1,3,3,2,5,4,101,3,999,0,2,1.1,93.994,-36.4,4.86,5191.0,0
34,10,2,6,1,2,2,1,11,4,42,7,999,0,2,-0.1,93.2,-42.0,4.0760000000000005,5195.8,0
27,2,3,3,1,2,1,1,5,2,339,2,999,1,1,-1.8,92.893,-46.2,1.291,5099.1,0
43,12,2,4,3,2,2,2,5,1,329,2,999,0,2,1.1,93.994,-36.4,4.857,5191.0,0
30,9,3,8,3,2,1,2,5,1,114,2,999,0,2,1.1,93.994,-36.4,4.857,5191.0,0
43,11,2,1,1,1,1,1,5,3,117,2,999,0,2,-1.8,92.893,-46.2,1.334,5099.1,0
42,1,3,7,1,1,1,1,8,1,1013,3,999,0,2,-1.7,94.027,-38.3,0.898,4991.6,0
26,10,3,7,1,2,1,1,7,5,806,3,6,2,3,-1.7,94.215,-40.3,0.861,4991.6,1
34,1,2,6,1,2,1,2,5,2,248,2,999,0,2,1.1,93.994,-36.4,4.856,5191.0,0
56,6,2,4,1,1,1,1,5,1,317,1,999,0,2,-1.8,92.893,-46.2,1.244,5099.1,0
38,2,2,2,1,1,1,2,5,1,177,3,999,0,2,1.1,93.994,-36.4,4.857,5191.0,0
47,8,3,3,1,3,3,2,6,4,835,3,999,0,2,1.4,94.465,-41.8,4.961,5228.1,1
35,2,2,3,3,2,1,2,7,4,19,1,999,0,2,1.4,93.918,-42.7,4.968,5228.1,0
36,5,2,7,1,2,1,2,5,5,170,4,999,0,2,1.1,93.994,-36.4,4.864,5191.0,0
40,2,2,2,3,1,1,2,5,2,85,2,999,0,2,1.1,93.994,-36.4,4.856,5191.0,0
51,2,2,1,1,1,1,1,8,2,132,2,999,0,2,1.4,93.444,-36.1,4.968,5228.1,0
35,2,3,2,1,1,1,1,11,4,370,1,999,1,1,-0.1,93.2,-42.0,4.0760000000000005,5195.8,0
57,6,3,6,1,2,1,2,5,1,188,1,999,0,2,1.1,93.994,-36.4,4.857,5191.0,0
35,5,3,4,1,2,2,1,5,5,130,2,999,0,2,-1.8,92.893,-46.2,1.3130000000000002,5099.1,0
43,7,2,3,1,1,1,2,5,3,173,2,999,0,2,1.1,93.994,-36.4,4.8580000000000005,5191.0,0
36,1,3,7,1,1,1,1,8,3,142,1,999,0,2,1.4,93.444,-36.1,4.965,5228.1,0
36,10,2,7,1,2,2,2,5,2,232,4,999,0,2,1.1,93.994,-36.4,4.856,5191.0,0
41,3,2,7,3,2,1,1,11,1,44,2,999,0,2,-0.1,93.2,-42.0,4.191,5195.8,0
27,2,2,3,1,1,2,2,5,4,1170,1,999,0,2,1.1,93.994,-36.4,4.855,5191.0,0
31,10,3,7,1,1,1,2,10,4,154,1,999,0,2,-0.1,93.798,-40.4,4.794,5195.8,1
45,8,2,4,3,2,1,1,5,5,250,1,999,0,2,-1.8,92.893,-46.2,1.25,5099.1,0
31,10,3,8,1,2,1,1,5,3,84,1,999,1,1,-1.8,92.893,-46.2,1.334,5099.1,0
39,5,2,4,1,1,1,1,8,5,215,3,999,0,2,1.4,93.444,-36.1,4.966,5228.1,0
39,9,3,8,1,2,1,2,6,2,367,1,999,0,2,1.4,94.465,-41.8,4.961,5228.1,0
50,1,1,3,1,1,1,2,5,5,145,4,999,0,2,1.1,93.994,-36.4,4.857,5191.0,0
40,1,3,7,1,2,1,1,7,5,250,1,999,0,2,1.4,93.918,-42.7,4.962,5228.1,0
33,7,1,8,1,1,1,2,5,3,1161,4,999,0,2,1.1,93.994,-36.4,4.8580000000000005,5191.0,0
36,1,2,7,1,1,1,1,5,2,65,1,999,1,1,-1.8,92.893,-46.2,1.266,5099.1,0
31,8,1,4,1,2,2,1,11,1,90,1,999,0,2,-0.1,93.2,-42.0,4.191,5195.8,0
29,10,2,7,1,2,2,1,8,3,94,2,999,0,2,1.4,93.444,-36.1,4.964,5228.1,0
30,1,3,7,1,2,1,1,8,1,39,1,999,0,2,1.4,93.444,-36.1,4.97,5228.1,0
27,10,2,6,1,1,1,1,7,4,102,9,999,0,2,1.4,93.918,-42.7,4.963,5228.1,0
37,10,1,6,1,1,1,2,5,3,374,1,999,0,2,1.1,93.994,-36.4,4.856,5191.0,0
35,2,2,3,1,2,1,2,5,3,162,1,999,0,2,1.1,93.994,-36.4,4.8580000000000005,5191.0,0
82,4,2,1,1,1,1,2,9,2,279,3,3,2,3,-1.1,94.199,-37.5,0.877,4963.6,1
34,10,2,6,1,1,2,2,5,5,388,2,999,0,2,1.1,93.994,-36.4,4.855,5191.0,0
38,1,2,7,1,2,1,2,6,2,43,9,999,0,2,1.4,94.465,-41.8,4.961,5228.1,0
39,5,3,7,3,1,1,1,5,4,412,2,999,0,2,-1.8,92.893,-46.2,1.327,5099.1,0
46,1,2,6,1,1,1,1,4,5,609,1,999,1,1,-1.8,93.075,-47.1,1.405,5099.1,0
34,10,2,6,1,2,1,1,7,3,144,5,999,0,2,1.4,93.918,-42.7,4.962,5228.1,0
34,5,2,7,3,2,1,1,5,4,281,1,999,0,2,-1.8,92.893,-46.2,1.327,5099.1,0
38,2,2,3,3,3,3,2,6,5,430,1,999,0,2,1.4,94.465,-41.8,4.967,5228.1,0
34,1,2,2,1,2,2,1,11,3,102,2,999,0,2,-0.1,93.2,-42.0,4.12,5195.8,0
31,1,3,4,1,2,1,1,7,4,304,2,999,0,2,1.4,93.918,-42.7,4.962,5228.1,0
41,5,2,7,1,2,1,1,5,4,93,1,999,0,2,-1.8,92.893,-46.2,1.327,5099.1,0
58,2,2,3,1,1,1,1,11,2,64,1,999,1,1,-0.1,93.2,-42.0,4.1530000000000005,5195.8,0
35,8,2,4,1,1,1,1,5,5,301,2,999,0,2,-1.8,92.893,-46.2,1.3130000000000002,5099.1,0
49,11,2,4,1,2,1,1,7,3,98,1,999,0,2,1.4,93.918,-42.7,4.963,5228.1,0
40,1,3,4,3,2,1,2,6,1,142,3,999,0,2,1.4,94.465,-41.8,4.865,5228.1,0
54,5,2,7,1,2,1,1,6,3,42,1,999,0,2,-2.9,92.963,-40.8,1.26,5076.2,0
34,10,2,6,1,2,2,2,5,5,224,3,999,0,2,1.1,93.994,-36.4,4.855,5191.0,0
28,5,3,3,1,2,1,2,5,4,166,1,999,0,2,-1.8,92.893,-46.2,1.266,5099.1,0
44,2,2,1,3,1,1,1,5,2,659,1,999,1,1,-1.8,92.893,-46.2,1.344,5099.1,0
45,1,3,7,1,2,1,1,8,3,99,1,999,0,2,1.4,93.444,-36.1,4.965,5228.1,0
36,10,2,6,1,2,1,2,5,3,86,4,999,0,2,-1.8,92.893,-46.2,1.27,5099.1,0
25,2,2,2,3,2,1,1,7,4,59,3,999,0,2,1.4,93.918,-42.7,4.958,5228.1,0
37,2,3,3,1,1,1,2,5,3,211,2,999,0,2,1.1,93.994,-36.4,4.857,5191.0,0
30,2,2,3,1,2,1,1,11,3,175,1,999,1,1,-0.1,93.2,-42.0,4.12,5195.8,0
54,7,2,4,1,2,1,1,8,4,204,4,999,0,2,1.4,93.444,-36.1,4.964,5228.1,0
41,10,2,6,1,1,2,1,8,4,898,2,999,0,2,1.4,93.444,-36.1,4.963,5228.1,0
29,2,2,6,1,1,1,2,5,3,34,8,999,0,2,-1.8,92.893,-46.2,1.281,5099.1,0
49,11,2,6,1,1,1,1,6,5,317,1,999,0,2,-2.9,92.963,-40.8,1.268,5076.2,0
57,2,2,8,3,2,1,2,5,2,473,2,999,0,2,1.1,93.994,-36.4,4.856,5191.0,0
50,2,2,1,3,2,1,2,5,5,74,1,999,0,2,1.1,93.994,-36.4,4.859,5191.0,0
35,10,3,6,1,2,1,1,5,4,141,1,999,0,2,-1.8,92.893,-46.2,1.327,5099.1,0
51,2,2,3,3,2,1,1,11,2,62,1,999,0,2,-0.1,93.2,-42.0,4.1530000000000005,5195.8,0
34,3,2,7,1,1,2,1,4,5,77,3,999,0,2,-1.8,93.075,-47.1,1.405,5099.1,0
37,8,2,3,3,2,1,2,5,3,211,1,999,0,2,-1.8,92.893,-46.2,1.281,5099.1,0
49,10,1,8,1,2,2,1,10,4,81,1,999,0,2,-3.4,92.431,-26.9,0.754,5017.5,0
28,10,2,4,1,1,1,2,5,2,180,1,999,0,2,1.1,93.994,-36.4,4.856,5191.0,0
51,5,1,7,1,1,1,1,5,3,345,2,999,0,2,-1.8,92.893,-46.2,1.334,5099.1,0
29,10,3,7,1,1,1,1,5,1,68,2,999,0,2,-1.8,92.893,-46.2,1.244,5099.1,0
49,2,1,8,3,2,1,1,7,3,284,1,999,0,2,1.4,93.918,-42.7,4.957,5228.1,0
54,2,2,1,1,2,1,1,8,2,153,1,999,0,2,1.4,93.444,-36.1,4.963,5228.1,0
28,11,3,7,1,2,1,1,5,1,434,1,999,0,2,-1.8,92.893,-46.2,1.244,5099.1,0
36,7,3,6,1,2,1,2,5,1,113,4,999,0,2,1.1,93.994,-36.4,4.857,5191.0,0
47,1,3,8,3,1,1,2,5,4,127,1,999,0,2,1.1,93.994,-36.4,4.86,5191.0,0
29,10,3,7,1,2,2,1,8,3,626,3,999,0,2,1.4,93.444,-36.1,4.967,5228.1,0
31,2,2,2,1,2,1,2,6,5,55,12,999,0,2,1.4,94.465,-41.8,4.959,5228.1,0
45,5,2,7,1,2,1,1,5,4,239,1,999,0,2,-1.8,92.893,-46.2,1.327,5099.1,0
41,5,1,2,1,2,1,1,11,4,147,1,999,0,2,-0.1,93.2,-42.0,4.0760000000000005,5195.8,0
30,10,3,7,1,2,1,1,9,5,173,2,15,4,1,-1.1,94.199,-37.5,0.879,4963.6,1
57,7,2,7,3,1,1,1,7,1,83,4,999,0,2,1.4,93.918,-42.7,4.962,5228.1,0
29,1,3,7,3,2,1,1,5,5,104,10,999,0,2,-1.8,92.893,-46.2,1.25,5099.1,0
36,10,1,6,1,1,1,2,5,3,446,1,999,0,2,1.1,93.994,-36.4,4.856,5191.0,0
59,12,2,8,3,1,1,2,6,4,701,1,999,0,2,1.4,94.465,-41.8,4.8660000000000005,5228.1,1
45,4,3,1,1,1,1,2,9,1,569,4,999,0,2,-3.4,92.379,-29.8,0.797,5017.5,1
42,10,2,6,1,1,1,1,8,3,96,1,999,1,1,-2.9,92.201,-31.4,0.879,5076.2,0
59,10,2,6,1,1,1,1,6,4,1207,4,999,1,1,-1.7,94.055,-39.8,0.742,4991.6,1
31,1,2,4,3,2,1,2,5,2,101,13,999,0,2,1.1,93.994,-36.4,4.856,5191.0,0
36,2,2,6,3,2,2,2,6,2,102,3,999,0,2,1.4,94.465,-41.8,4.961,5228.1,0
42,5,2,4,1,1,1,1,11,4,59,2,999,0,2,-0.1,93.2,-42.0,4.0760000000000005,5195.8,0
31,1,2,7,1,1,1,2,5,3,197,2,999,0,2,1.1,93.994,-36.4,4.859,5191.0,0
34,1,3,7,1,1,1,1,8,5,114,1,999,0,2,1.4,93.444,-36.1,4.964,5228.1,0
18,9,3,8,1,1,1,1,9,4,385,1,3,1,3,-3.4,92.379,-29.8,0.809,5017.5,1
44,2,2,1,1,3,3,2,6,4,471,3,999,0,2,1.4,94.465,-41.8,4.8660000000000005,5228.1,0
38,2,2,3,1,1,1,1,11,2,180,2,999,1,1,-0.1,93.2,-42.0,4.1530000000000005,5195.8,0
33,8,3,4,1,2,1,2,5,5,111,1,999,0,2,1.1,93.994,-36.4,4.864,5191.0,0
35,10,3,7,3,1,1,1,4,1,712,1,999,0,2,-1.8,93.075,-47.1,1.405,5099.1,0
37,3,2,4,3,1,1,1,11,4,68,1,999,1,1,-0.1,93.2,-42.0,4.0760000000000005,5195.8,0
44,10,2,6,3,2,1,2,5,5,388,7,999,0,2,1.1,93.994,-36.4,4.864,5191.0,0
55,6,1,6,1,1,2,2,5,3,217,2,999,0,2,1.1,93.994,-36.4,4.857,5191.0,0
37,7,2,3,1,2,2,1,7,4,171,1,999,0,2,1.4,93.918,-42.7,4.963,5228.1,0
59,6,2,7,1,2,1,1,8,4,17,18,999,0,2,1.4,93.444,-36.1,4.962,5228.1,0
41,2,2,1,3,1,1,2,6,3,38,1,999,0,2,1.4,94.465,-41.8,4.864,5228.1,0
49,10,2,6,3,2,1,2,5,2,82,9,999,0,2,1.1,93.994,-36.4,4.856,5191.0,0
48,10,2,7,1,1,1,1,8,4,42,7,999,0,2,1.4,93.444,-36.1,4.962,5228.1,0
56,5,1,3,3,2,1,2,5,4,313,2,999,0,2,1.1,93.994,-36.4,4.86,5191.0,0
24,12,3,7,1,2,2,1,6,2,696,1,999,2,1,-2.9,92.963,-40.8,1.262,5076.2,0
50,1,2,3,3,2,1,1,8,4,122,3,999,0,2,1.4,93.444,-36.1,4.963,5228.1,0
26,1,3,7,1,2,1,1,9,2,355,1,999,1,1,-1.1,94.199,-37.5,0.8809999999999999,4963.6,0
49,2,2,3,3,1,1,2,6,4,1149,2,999,0,2,1.4,94.465,-41.8,4.8660000000000005,5228.1,1
36,1,2,7,1,2,1,1,9,5,355,1,999,0,2,-3.4,92.379,-29.8,0.773,5017.5,0
44,10,2,6,1,1,1,2,5,5,124,3,999,0,2,1.1,93.994,-36.4,4.864,5191.0,0
49,2,3,1,3,1,1,1,7,3,121,1,999,0,2,1.4,93.918,-42.7,4.962,5228.1,0
41,12,3,8,3,2,1,2,6,5,94,2,999,0,2,1.4,94.465,-41.8,4.967,5228.1,0
59,6,2,4,1,3,3,2,8,4,204,2,999,0,2,1.4,93.444,-36.1,4.968,5228.1,0
36,1,2,7,1,2,1,1,11,5,248,1,999,0,2,-0.1,93.2,-42.0,4.021,5195.8,0
58,2,2,3,1,2,1,1,8,1,846,1,999,0,2,1.4,93.444,-36.1,4.97,5228.1,1
24,2,2,3,1,2,1,1,10,5,160,1,999,0,2,-3.4,92.431,-26.9,0.72,5017.5,0
53,12,2,3,1,1,2,1,11,3,242,1,999,1,1,-3.4,92.649,-30.1,0.716,5017.5,0
71,2,1,1,3,1,1,1,8,4,224,1,999,0,2,-1.7,94.027,-38.3,0.904,4991.6,0
25,7,2,6,1,2,1,2,6,3,394,2,999,0,2,1.4,94.465,-41.8,4.959,5228.1,0
59,1,2,7,1,2,2,1,7,3,92,1,999,0,2,-2.9,92.469,-33.6,1.085,5076.2,0
57,10,2,3,1,1,1,1,7,2,94,1,999,0,2,1.4,93.918,-42.7,4.961,5228.1,0
29,10,2,7,1,1,1,1,4,1,135,3,999,1,1,-1.8,93.749,-34.6,0.645,5008.7,0
54,1,2,6,1,1,1,1,11,2,1868,2,10,1,3,-1.1,94.767,-50.8,1.035,4963.6,1
31,8,1,4,3,2,1,1,5,4,236,1,999,0,2,-1.8,92.893,-46.2,1.327,5099.1,0
41,1,1,4,1,2,1,2,6,2,204,2,999,0,2,1.4,94.465,-41.8,4.961,5228.1,0
47,10,2,7,1,2,1,1,8,3,345,7,999,0,2,1.4,93.444,-36.1,4.964,5228.1,0
39,8,2,4,1,2,2,1,5,2,200,1,999,0,2,-1.8,92.893,-46.2,1.344,5099.1,0
33,1,2,7,1,1,1,1,4,4,157,6,999,0,2,-1.8,93.749,-34.6,0.659,5008.7,0
29,2,2,4,1,2,1,2,7,3,42,1,999,0,2,1.4,93.918,-42.7,4.962,5228.1,0
64,12,2,8,1,2,1,2,8,5,239,4,999,0,2,-1.7,94.027,-38.3,0.905,4991.6,1
59,5,2,1,3,2,2,2,5,2,318,1,999,0,2,1.1,93.994,-36.4,4.857,5191.0,0
47,2,2,3,1,2,2,1,5,3,74,6,999,2,1,-1.8,92.893,-46.2,1.334,5099.1,0
41,10,1,1,1,2,1,2,5,2,270,1,999,0,2,1.1,93.994,-36.4,4.856,5191.0,0
41,3,2,7,1,2,1,1,8,4,324,1,999,0,2,-1.7,94.027,-38.3,0.904,4991.6,1
27,1,2,6,1,1,1,1,5,4,584,1,999,0,2,-1.8,92.893,-46.2,1.266,5099.1,0
29,10,3,7,1,2,1,1,7,3,438,1,999,0,2,1.4,93.918,-42.7,4.963,5228.1,0
40,2,1,3,1,2,1,1,7,3,207,3,999,0,2,1.4,93.918,-42.7,4.962,5228.1,0
32,1,3,7,1,2,1,1,8,4,206,1,999,0,2,1.4,93.444,-36.1,4.964,5228.1,0
45,5,2,7,1,2,1,1,7,4,391,1,999,0,2,1.4,93.918,-42.7,4.968,5228.1,0
52,8,2,4,1,1,1,1,7,3,183,1,999,0,2,1.4,93.918,-42.7,4.962,5228.1,0
36,1,3,7,3,1,1,2,5,3,117,4,999,0,2,1.1,93.994,-36.4,4.859,5191.0,0
49,1,2,4,1,2,1,1,8,5,183,1,999,0,2,1.4,93.444,-36.1,4.966,5228.1,0
50,2,2,1,1,1,2,1,7,2,849,1,999,0,2,1.4,93.918,-42.7,4.961,5228.1,1
30,8,1,3,1,1,1,2,5,4,177,1,999,0,2,1.1,93.994,-36.4,4.86,5191.0,0
28,2,3,1,1,2,1,2,5,1,101,2,999,0,2,1.1,93.994,-36.4,4.857,5191.0,0
53,8,2,4,3,2,1,1,8,4,76,1,999,0,2,1.4,93.444,-36.1,4.964,5228.1,0
57,1,2,7,1,1,1,1,7,1,230,1,999,0,2,1.4,93.918,-42.7,4.96,5228.1,0
33,1,3,4,1,2,1,1,7,2,498,5,999,0,2,1.4,93.918,-42.7,4.961,5228.1,0
30,10,3,7,1,1,2,1,8,5,81,2,999,0,2,1.4,93.444,-36.1,4.964,5228.1,0
54,3,2,6,1,2,2,1,11,2,134,1,999,0,2,-0.1,93.2,-42.0,4.1530000000000005,5195.8,0
32,1,3,7,1,2,1,1,9,1,290,4,999,0,2,-1.1,94.199,-37.5,0.879,4963.6,0
35,1,3,7,1,2,1,1,7,1,447,3,999,0,2,1.4,93.918,-42.7,4.96,5228.1,0
55,8,2,4,1,1,1,1,5,1,336,1,999,1,1,-1.8,92.893,-46.2,1.244,5099.1,0
25,9,3,4,1,1,1,1,11,4,244,1,999,0,2,-1.1,94.767,-50.8,1.041,4963.6,1
37,7,2,7,1,2,2,1,8,3,585,2,999,0,2,1.4,93.444,-36.1,4.967,5228.1,0
32,5,3,1,1,1,1,2,5,1,73,7,999,0,2,1.1,93.994,-36.4,4.8580000000000005,5191.0,0
56,6,2,4,1,2,1,2,5,1,167,3,999,0,2,1.1,93.994,-36.4,4.857,5191.0,0
32,4,3,7,3,2,1,1,7,2,71,4,999,0,2,1.4,93.918,-42.7,4.961,5228.1,0
42,2,2,3,1,1,1,1,5,2,632,5,10,1,3,-1.8,92.893,-46.2,1.344,5099.1,0
31,1,3,4,1,2,2,1,5,3,149,1,999,0,2,-1.8,92.893,-46.2,1.281,5099.1,0
26,1,2,4,1,1,1,2,5,4,326,4,999,0,2,1.1,93.994,-36.4,4.86,5191.0,0
33,5,2,7,3,2,2,1,4,2,258,8,999,0,2,-1.8,93.075,-47.1,1.423,5099.1,0
57,1,3,4,1,2,1,2,5,1,26,5,12,1,3,-1.8,92.893,-46.2,1.244,5099.1,0
29,1,3,4,1,2,1,2,11,1,207,1,6,1,3,-1.1,94.767,-50.8,1.05,4963.6,0
38,8,2,4,1,1,1,1,7,4,81,1,999,0,2,1.4,93.918,-42.7,4.968,5228.1,0
44,2,2,3,3,2,1,2,6,1,147,1,999,0,2,1.4,94.465,-41.8,4.865,5228.1,0
29,8,1,4,1,1,2,2,6,1,361,3,999,0,2,1.4,94.465,-41.8,4.865,5228.1,0
36,7,2,3,3,1,1,1,8,4,406,1,999,0,2,1.4,93.444,-36.1,4.964,5228.1,0
42,2,2,1,3,2,2,2,5,1,105,1,999,0,2,1.1,93.994,-36.4,4.857,5191.0,0
31,2,2,2,1,2,1,2,6,3,406,2,999,0,2,1.4,94.465,-41.8,4.864,5228.1,0
32,10,2,4,1,2,1,1,5,2,67,1,999,0,2,-1.8,92.893,-46.2,1.344,5099.1,0
37,7,2,7,1,1,1,1,5,5,395,1,999,1,1,-1.8,92.893,-46.2,1.3130000000000002,5099.1,0
52,2,1,1,1,2,1,1,4,4,291,1,999,1,1,-1.8,93.075,-47.1,1.41,5099.1,0
29,10,3,7,1,1,1,1,7,3,259,1,999,0,2,1.4,93.918,-42.7,4.963,5228.1,0
51,2,2,1,3,2,2,1,8,4,297,2,999,0,2,1.4,93.444,-36.1,4.964,5228.1,0
44,1,2,4,1,1,1,1,8,1,126,1,999,0,2,1.4,93.444,-36.1,4.965,5228.1,0
33,10,2,6,1,1,1,1,4,4,285,1,999,0,2,-1.8,93.075,-47.1,1.41,5099.1,1
39,8,2,1,1,1,1,2,5,4,126,2,999,0,2,1.1,93.994,-36.4,4.86,5191.0,0
30,10,3,7,1,2,2,1,8,2,433,2,999,0,2,1.4,93.444,-36.1,4.966,5228.1,0
30,10,3,7,3,2,1,1,8,4,103,2,999,0,2,1.4,93.444,-36.1,4.968,5228.1,0
52,1,2,8,1,2,1,2,4,3,403,1,6,1,3,-1.8,93.749,-34.6,0.654,5008.7,1
38,5,2,7,1,2,1,1,5,3,172,3,999,0,2,-1.8,92.893,-46.2,1.281,5099.1,0
46,1,3,4,1,2,1,1,11,1,199,2,999,2,1,-1.1,94.767,-50.8,1.048,4963.6,0
23,5,3,7,1,2,1,1,7,2,314,2,999,0,2,1.4,93.918,-42.7,4.961,5228.1,0
31,2,2,3,1,1,1,1,7,3,152,1,999,0,2,1.4,93.918,-42.7,4.963,5228.1,0
36,10,3,6,1,1,1,1,6,5,146,2,999,0,2,-2.9,92.963,-40.8,1.268,5076.2,1
55,2,2,3,3,1,1,1,11,2,63,2,999,0,2,-0.1,93.2,-42.0,4.1530000000000005,5195.8,0
53,10,2,6,1,2,1,2,3,1,247,5,999,2,1,-1.8,93.369,-34.8,0.6459999999999999,5008.7,0
43,2,2,2,1,1,1,2,5,5,218,3,999,0,2,1.1,93.994,-36.4,4.859,5191.0,0
37,2,2,3,1,2,1,1,5,3,204,2,999,0,2,-1.8,92.893,-46.2,1.334,5099.1,0
40,5,2,7,1,1,2,1,8,2,454,3,999,0,2,1.4,93.444,-36.1,4.966,5228.1,0
32,1,3,7,1,1,1,2,5,3,180,1,999,0,2,1.1,93.994,-36.4,4.859,5191.0,0
46,1,2,7,1,2,1,2,5,2,158,1,999,0,2,1.1,93.994,-36.4,4.857,5191.0,0
56,2,2,1,3,1,1,1,7,2,368,5,999,0,2,1.4,93.918,-42.7,4.961,5228.1,0
40,1,2,7,1,2,1,1,8,2,124,1,999,0,2,1.4,93.444,-36.1,4.966,5228.1,0
26,1,3,4,1,2,1,2,5,5,160,3,999,0,2,1.1,93.994,-36.4,4.864,5191.0,0
58,1,2,7,1,1,1,1,8,3,233,2,999,0,2,1.4,93.444,-36.1,4.965,5228.1,0
36,2,2,3,3,2,1,2,5,3,38,1,999,1,1,-1.8,92.893,-46.2,1.281,5099.1,0
50,7,2,1,3,3,3,2,5,3,153,3,999,0,2,1.1,93.994,-36.4,4.856,5191.0,0
30,8,2,3,3,2,1,1,11,1,209,1,999,0,2,-0.1,93.2,-42.0,4.191,5195.8,0
28,2,2,3,1,2,1,1,7,1,225,3,999,0,2,1.4,93.918,-42.7,4.96,5228.1,0
30,10,2,7,1,1,1,1,6,5,171,1,7,1,3,-1.7,94.055,-39.8,0.748,4991.6,0
48,7,2,7,3,2,1,2,5,4,750,2,999,0,2,1.1,93.994,-36.4,4.86,5191.0,0
45,2,1,2,3,2,1,1,5,4,219,1,999,0,2,-1.8,92.893,-46.2,1.327,5099.1,0
46,2,2,1,1,1,1,1,5,1,471,3,999,0,2,-1.8,92.893,-46.2,1.2990000000000002,5099.1,0
33,8,3,4,1,2,1,2,6,4,326,5,999,0,2,1.4,94.465,-41.8,4.961,5228.1,0
31,1,3,7,1,1,1,2,5,1,237,1,999,0,2,1.1,93.994,-36.4,4.857,5191.0,0
58,6,1,4,1,2,1,1,6,2,145,2,999,0,2,-2.9,92.963,-40.8,1.262,5076.2,0
43,2,2,1,3,2,1,2,5,2,193,1,999,0,2,1.1,93.994,-36.4,4.857,5191.0,0
31,11,3,7,1,2,1,1,7,2,309,1,6,3,3,-1.7,94.215,-40.3,0.835,4991.6,1
50,1,2,3,1,1,1,1,8,4,23,14,999,0,2,1.4,93.444,-36.1,4.962,5228.1,0
36,2,2,3,1,2,2,1,5,3,55,1,999,1,1,-1.8,92.893,-46.2,1.281,5099.1,0
52,10,2,3,1,2,1,1,11,5,102,1,999,0,2,-0.1,93.2,-42.0,4.021,5195.8,0
24,1,3,4,1,2,2,1,3,3,224,1,999,0,2,-1.8,92.843,-50.0,1.602,5099.1,1
25,2,3,3,1,2,2,1,7,4,212,2,999,0,2,1.4,93.918,-42.7,4.962,5228.1,0
41,10,2,6,1,1,1,2,5,2,92,1,999,0,2,1.1,93.994,-36.4,4.856,5191.0,0
27,1,2,7,1,1,1,2,5,3,191,5,999,0,2,1.1,93.994,-36.4,4.857,5191.0,0
32,1,2,7,1,2,2,1,8,5,131,1,999,0,2,-2.9,92.201,-31.4,0.8809999999999999,5076.2,0
74,6,2,7,1,1,1,2,10,1,160,1,999,0,2,-1.1,94.601,-49.5,0.977,4963.6,0
54,5,2,7,1,2,1,1,4,2,336,1,999,0,2,-1.8,93.075,-47.1,1.405,5099.1,0
42,2,2,3,3,1,1,2,5,5,148,9,999,0,2,1.1,93.994,-36.4,4.859,5191.0,0
35,2,2,6,1,2,2,2,5,3,634,2,999,0,2,1.1,93.994,-36.4,4.8580000000000005,5191.0,0
45,5,3,3,1,2,1,1,11,4,165,3,999,1,1,-0.1,93.2,-42.0,4.0760000000000005,5195.8,0
33,1,3,7,1,1,1,1,5,1,305,2,999,0,2,-1.8,92.893,-46.2,1.244,5099.1,0
51,2,1,1,1,2,1,1,5,2,314,4,999,0,2,-1.8,92.893,-46.2,1.291,5099.1,0
28,10,3,4,1,2,2,1,4,4,48,4,999,1,1,-1.8,93.075,-47.1,1.41,5099.1,0
38,1,3,7,1,2,1,2,6,3,190,2,999,0,2,1.4,94.465,-41.8,4.962,5228.1,0
40,5,2,4,1,2,1,1,8,3,286,1,999,0,2,1.4,93.444,-36.1,4.965,5228.1,0
43,2,2,1,1,1,2,1,5,3,69,1,999,1,1,-1.8,92.893,-46.2,1.281,5099.1,0
34,10,2,6,3,2,1,1,7,3,64,4,999,0,2,1.4,93.918,-42.7,4.963,5228.1,0
56,6,2,7,1,2,1,1,6,3,252,1,999,2,1,-2.9,92.963,-40.8,1.26,5076.2,0
46,2,3,2,3,1,2,1,5,4,245,2,999,1,1,-1.8,92.893,-46.2,1.327,5099.1,0
44,1,2,3,3,1,1,1,5,3,217,3,999,1,1,-1.8,92.893,-46.2,1.334,5099.1,0
32,9,3,7,1,1,1,1,11,4,151,2,999,0,2,-0.1,93.2,-42.0,4.0760000000000005,5195.8,0
32,10,3,4,1,1,1,2,7,3,40,5,999,0,2,1.4,93.918,-42.7,4.963,5228.1,0
32,1,3,7,1,3,3,1,11,5,59,1,999,0,2,-0.1,93.2,-42.0,4.021,5195.8,0
28,2,2,1,1,1,1,1,5,2,189,1,999,0,2,-1.8,92.893,-46.2,1.291,5099.1,0
45,1,2,7,1,1,1,1,8,5,27,2,999,0,2,1.4,93.444,-36.1,4.963,5228.1,0
47,2,1,3,1,1,1,1,5,2,295,1,999,0,2,-1.8,92.893,-46.2,1.344,5099.1,0
41,8,3,4,3,3,3,1,5,1,772,2,999,1,1,-1.8,92.893,-46.2,1.2990000000000002,5099.1,0
25,8,2,4,1,2,1,2,6,3,227,1,999,0,2,1.4,94.465,-41.8,4.962,5228.1,0
41,8,2,4,1,1,1,1,3,3,377,6,999,0,2,-1.8,92.843,-50.0,1.778,5099.1,1
25,1,2,8,1,1,1,2,6,1,112,1,999,0,2,1.4,94.465,-41.8,4.865,5228.1,0
29,2,3,4,1,2,1,1,7,5,90,1,999,0,2,1.4,93.918,-42.7,4.957,5228.1,0
43,2,2,1,1,2,1,1,5,1,221,2,999,0,2,-1.8,92.893,-46.2,1.244,5099.1,0
46,5,1,4,1,1,1,1,11,3,499,1,999,0,2,-0.1,93.2,-42.0,4.12,5195.8,0
41,10,2,6,1,2,1,1,11,1,545,2,999,0,2,-1.1,94.767,-50.8,1.039,4963.6,1
56,6,2,3,1,2,2,2,5,3,71,4,999,0,2,1.1,93.994,-36.4,4.856,5191.0,0
30,2,3,6,1,1,1,1,5,2,165,1,999,1,1,-1.8,93.876,-40.0,0.6679999999999999,5008.7,0
42,2,1,2,1,2,1,1,5,3,16,2,999,0,2,-1.8,92.893,-46.2,1.281,5099.1,0
38,10,3,6,1,2,1,1,5,1,202,3,999,1,1,-1.8,92.893,-46.2,1.244,5099.1,0
28,2,3,3,1,2,1,1,5,4,225,1,999,1,1,-1.8,92.893,-46.2,1.266,5099.1,0
21,9,3,4,1,1,1,1,8,2,259,1,999,1,1,-2.9,92.201,-31.4,0.884,5076.2,0
46,3,2,7,1,2,1,1,11,2,148,2,999,0,2,-0.1,93.2,-42.0,4.1530000000000005,5195.8,0
35,2,1,3,1,2,1,1,5,2,523,1,999,1,1,-1.8,92.893,-46.2,1.344,5099.1,0
27,1,3,7,1,2,2,1,7,1,150,4,999,0,2,1.4,93.918,-42.7,4.96,5228.1,0
58,11,2,7,1,2,1,1,11,4,344,2,999,0,2,-1.1,94.767,-50.8,1.041,4963.6,1
40,5,2,7,1,2,1,1,5,2,459,1,999,0,2,-1.8,92.893,-46.2,1.344,5099.1,0
31,11,2,3,1,2,1,2,5,3,43,1,999,0,2,-1.8,92.893,-46.2,1.281,5099.1,0
36,1,2,7,1,2,1,1,5,5,334,3,999,0,2,-1.8,92.893,-46.2,1.3130000000000002,5099.1,0
37,5,2,7,3,1,2,1,4,5,76,1,999,1,1,-1.8,93.075,-47.1,1.405,5099.1,0
26,2,2,2,1,1,1,2,5,3,389,1,999,0,2,1.1,93.994,-36.4,4.859,5191.0,0
49,2,2,3,3,1,2,2,5,3,667,3,999,0,2,1.1,93.994,-36.4,4.857,5191.0,0
45,3,1,6,1,2,1,1,7,2,211,3,999,0,2,1.4,93.918,-42.7,4.961,5228.1,0
53,8,2,7,1,1,1,1,5,5,136,1,999,1,1,-1.8,92.893,-46.2,1.25,5099.1,0
25,1,2,4,1,1,2,2,5,2,125,4,999,0,2,1.1,93.994,-36.4,4.856,5191.0,0
43,2,2,8,3,1,2,2,5,3,73,1,999,0,2,1.1,93.994,-36.4,4.859,5191.0,0
59,6,2,6,1,1,1,2,5,4,422,3,999,0,2,1.1,93.994,-36.4,4.86,5191.0,0
20,9,3,8,1,1,1,1,10,1,137,3,999,3,1,-1.1,94.601,-49.5,0.977,4963.6,0
42,10,2,7,3,2,1,1,5,3,301,1,999,0,2,-1.8,92.893,-46.2,1.334,5099.1,0
35,1,1,4,1,2,2,2,5,1,82,2,999,1,1,-1.8,92.893,-46.2,1.2990000000000002,5099.1,0
38,1,2,4,3,1,1,2,4,1,121,4,999,0,2,-1.8,93.075,-47.1,1.405,5099.1,0
41,10,2,7,1,2,2,1,5,5,170,4,999,0,2,-1.8,92.893,-46.2,1.3130000000000002,5099.1,0
34,10,2,6,1,1,1,1,5,5,83,2,999,1,1,-1.8,92.893,-46.2,1.3130000000000002,5099.1,0
31,1,2,4,1,1,1,1,10,4,142,1,999,0,2,-3.4,92.431,-26.9,0.722,5017.5,1
50,1,1,7,1,2,1,1,8,2,73,2,999,0,2,1.4,93.444,-36.1,4.965,5228.1,0
42,1,2,3,1,1,1,2,4,1,406,3,999,1,1,-1.8,93.075,-47.1,1.405,5099.1,0
35,5,2,7,1,2,1,1,4,4,584,1,999,0,2,-1.8,93.075,-47.1,1.365,5099.1,0
51,1,3,7,1,2,2,1,6,5,263,2,999,0,2,-2.9,92.963,-40.8,1.268,5076.2,0
34,1,2,4,1,2,1,1,6,3,238,1,6,2,3,-1.7,94.055,-39.8,0.7040000000000001,4991.6,1
24,2,3,3,1,2,1,1,7,5,545,2,999,0,2,1.4,93.918,-42.7,4.963,5228.1,0
38,10,2,7,1,2,2,1,3,2,113,1,999,1,1,-1.8,92.843,-50.0,1.6869999999999998,5099.1,0
47,2,2,4,1,2,1,1,5,5,181,1,999,0,2,-1.8,92.893,-46.2,1.25,5099.1,0
51,7,2,1,3,1,2,2,5,3,91,7,999,0,2,1.1,93.994,-36.4,4.859,5191.0,0
56,2,2,1,3,1,2,1,8,4,360,1,999,0,2,1.4,93.444,-36.1,4.968,5228.1,0
34,10,2,4,1,2,1,1,8,5,107,1,999,0,2,1.4,93.444,-36.1,4.964,5228.1,0
28,2,3,3,1,2,1,2,6,3,525,1,999,0,2,1.4,94.465,-41.8,4.864,5228.1,0
49,2,2,1,3,1,1,2,6,4,67,3,999,0,2,1.4,94.465,-41.8,4.958,5228.1,0
43,1,1,7,3,1,1,1,8,2,111,2,999,0,2,1.4,93.444,-36.1,4.966,5228.1,0
36,10,2,6,1,3,3,2,5,2,155,2,999,0,2,1.1,93.994,-36.4,4.857,5191.0,0
43,1,2,4,1,3,3,2,5,3,164,2,999,0,2,1.1,93.994,-36.4,4.8580000000000005,5191.0,0
27,8,2,4,1,1,1,1,7,4,184,3,999,0,2,1.4,93.918,-42.7,4.963,5228.1,0
32,3,3,7,1,1,2,1,11,4,126,1,999,0,2,-0.1,93.2,-42.0,4.0760000000000005,5195.8,0
34,8,2,4,1,1,1,2,5,4,285,1,999,0,2,1.1,93.994,-36.4,4.86,5191.0,0
39,2,2,2,1,1,1,2,5,4,393,1,999,0,2,1.1,93.994,-36.4,4.855,5191.0,0
40,2,2,1,3,3,3,2,7,3,135,1,999,0,2,1.4,93.918,-42.7,4.962,5228.1,0
24,8,3,7,1,1,1,1,7,4,113,6,999,0,2,1.4,93.918,-42.7,4.963,5228.1,0
25,1,3,7,1,2,1,1,9,4,420,1,1,1,3,-3.4,92.379,-29.8,0.809,5017.5,0
47,2,2,1,1,2,1,2,6,4,211,2,999,0,2,1.4,94.465,-41.8,4.958,5228.1,0
37,2,2,3,3,2,1,1,7,4,117,1,999,0,2,1.4,93.918,-42.7,4.958,5228.1,0
59,1,2,7,1,2,2,2,5,4,29,9,999,0,2,1.1,93.994,-36.4,4.86,5191.0,0
28,3,2,3,3,1,1,1,5,5,22,5,999,0,2,-1.8,92.893,-46.2,1.25,5099.1,0
38,1,3,6,1,1,1,2,5,1,160,1,999,0,2,1.1,93.994,-36.4,4.857,5191.0,0
53,2,1,1,1,1,1,2,6,3,706,1,999,0,2,1.4,94.465,-41.8,4.959,5228.1,1
41,3,2,7,1,1,1,2,5,3,130,4,999,0,2,1.1,93.994,-36.4,4.856,5191.0,0
32,10,2,6,1,2,1,1,7,4,255,1,999,0,2,1.4,93.918,-42.7,4.963,5228.1,1
25,7,2,7,1,2,1,2,5,5,274,2,999,0,2,1.1,93.994,-36.4,4.857,5191.0,0
44,1,3,4,1,2,1,1,5,3,728,1,999,0,2,-1.8,92.893,-46.2,1.334,5099.1,0
41,3,2,7,1,2,1,1,11,2,854,1,999,0,2,-0.1,93.2,-42.0,4.1530000000000005,5195.8,1
38,2,2,4,3,1,1,1,7,1,90,3,999,0,2,1.4,93.918,-42.7,4.962,5228.1,0
31,2,2,1,1,2,1,2,5,3,159,2,999,0,2,1.1,93.994,-36.4,4.857,5191.0,0
34,1,2,7,1,1,1,1,11,1,141,2,999,0,2,-1.1,94.767,-50.8,1.05,4963.6,0
49,2,2,2,1,1,1,1,8,4,139,2,999,0,2,1.4,93.444,-36.1,4.963,5228.1,0
30,1,3,4,1,3,3,1,11,2,229,2,999,0,2,-0.1,93.2,-42.0,4.1530000000000005,5195.8,0
28,8,2,4,1,2,2,2,5,1,114,2,999,0,2,1.1,93.994,-36.4,4.857,5191.0,0
40,1,1,7,1,2,1,1,8,1,257,1,999,0,2,1.4,93.444,-36.1,4.965,5228.1,0
41,1,2,4,1,2,1,1,5,2,181,1,999,1,1,-1.8,92.893,-46.2,1.344,5099.1,0
51,10,3,7,1,1,1,1,6,5,151,2,999,0,2,-2.9,92.963,-40.8,1.268,5076.2,0
28,2,3,4,1,2,1,2,6,1,102,2,999,0,2,1.4,94.465,-41.8,4.865,5228.1,0
40,10,2,3,3,1,2,2,5,4,171,4,999,0,2,1.1,93.994,-36.4,4.86,5191.0,0
60,12,2,7,1,1,2,2,5,4,112,1,999,0,2,1.1,93.994,-36.4,4.86,5191.0,0
38,3,2,7,3,1,1,2,5,2,477,11,999,0,2,1.1,93.994,-36.4,4.857,5191.0,0
51,5,2,7,3,1,2,2,6,4,93,1,999,0,2,1.4,94.465,-41.8,4.955,5228.1,0
36,2,2,3,1,2,1,1,7,1,80,3,999,0,2,1.4,93.918,-42.7,4.962,5228.1,0
54,2,2,1,1,2,1,1,8,4,109,2,999,0,2,1.4,93.444,-36.1,4.964,5228.1,0
31,1,3,7,1,1,1,2,8,2,387,1,999,0,2,-2.9,92.201,-31.4,0.883,5076.2,0
25,2,3,3,1,2,1,2,5,3,155,1,999,0,2,1.1,93.994,-36.4,4.859,5191.0,0
34,1,3,2,1,1,1,1,5,4,22,11,999,0,2,-1.8,92.893,-46.2,1.327,5099.1,0
47,8,1,4,1,2,1,2,5,2,313,1,999,0,2,1.1,93.994,-36.4,4.857,5191.0,0
33,5,2,7,1,1,1,2,5,4,166,3,999,0,2,1.1,93.994,-36.4,4.855,5191.0,0
24,9,3,4,1,1,1,1,7,3,115,1,999,1,1,-2.9,92.469,-33.6,1.029,5076.2,0
31,10,2,3,1,1,2,1,7,4,1319,5,999,0,2,1.4,93.918,-42.7,4.958,5228.1,1
52,1,2,8,1,1,1,1,8,2,91,1,999,0,2,1.4,93.444,-36.1,4.968,5228.1,0
54,6,1,1,3,2,1,1,7,2,141,1,999,0,2,1.4,93.918,-42.7,4.962,5228.1,0
25,1,2,7,1,1,1,2,5,5,56,1,999,0,2,1.1,93.994,-36.4,4.864,5191.0,0
35,1,1,4,1,1,1,1,11,1,49,3,999,0,2,-0.1,93.2,-42.0,4.191,5195.8,0
35,1,2,7,1,2,1,1,9,3,110,2,18,2,1,-1.1,94.199,-37.5,0.8859999999999999,4963.6,0
29,10,3,6,1,2,1,1,5,3,231,2,999,0,2,-1.8,92.893,-46.2,1.281,5099.1,0
24,10,3,6,1,1,1,2,5,2,240,4,999,0,2,-1.8,92.893,-46.2,1.266,5099.1,0
40,5,2,4,1,1,2,1,8,3,119,1,999,0,2,1.4,93.444,-36.1,4.965,5228.1,0
49,1,2,7,1,2,1,2,5,1,212,1,999,0,2,1.1,93.994,-36.4,4.857,5191.0,0
44,3,2,1,1,2,1,1,5,2,955,2,999,0,2,-1.8,92.893,-46.2,1.344,5099.1,1
39,10,3,7,1,2,2,1,4,1,861,6,999,1,1,-1.8,93.075,-47.1,1.405,5099.1,0
37,1,3,4,1,2,1,2,7,2,49,4,999,0,2,1.4,93.918,-42.7,4.961,5228.1,0
47,5,1,1,1,1,1,2,5,5,241,2,999,0,2,1.1,93.994,-36.4,4.855,5191.0,0
31,11,3,1,1,1,1,1,11,5,12,8,999,0,2,-0.1,93.2,-42.0,4.021,5195.8,0
34,2,2,3,1,2,1,1,4,1,151,2,999,0,2,-1.8,93.075,-47.1,1.405,5099.1,0
29,2,3,3,3,2,2,1,7,2,532,1,999,0,2,1.4,93.918,-42.7,4.961,5228.1,0
40,1,2,8,1,1,1,2,5,4,387,4,999,0,2,1.1,93.994,-36.4,4.86,5191.0,0
52,8,1,4,3,1,1,1,11,1,190,1,999,0,2,-0.1,93.2,-42.0,4.191,5195.8,0
28,1,2,4,1,2,1,1,5,3,293,3,999,0,2,-1.8,92.893,-46.2,1.334,5099.1,0
73,6,2,7,1,2,1,1,3,5,179,1,999,0,2,-1.8,92.843,-50.0,1.531,5099.1,1
51,8,2,4,3,2,1,2,7,1,596,3,999,0,2,1.4,93.918,-42.7,4.962,5228.1,1
40,2,2,8,1,2,2,2,5,1,155,1,999,0,2,1.1,93.994,-36.4,4.857,5191.0,0
32,1,2,7,1,2,1,1,5,5,374,2,999,0,2,-1.8,92.893,-46.2,1.3130000000000002,5099.1,0
30,2,2,8,1,1,1,2,5,5,85,2,999,0,2,1.1,93.994,-36.4,4.864,5191.0,0
32,1,2,4,1,1,1,1,7,1,549,2,999,0,2,1.4,93.918,-42.7,4.96,5228.1,0
55,8,2,2,3,2,1,1,7,2,326,6,999,0,2,1.4,93.918,-42.7,4.962,5228.1,0
24,10,3,7,1,1,1,1,7,4,299,3,999,0,2,1.4,93.918,-42.7,4.968,5228.1,0
42,8,2,4,1,2,2,2,4,5,73,1,999,1,1,-1.8,93.075,-47.1,1.405,5099.1,0
30,2,3,3,1,1,1,1,11,3,30,1,999,0,2,-0.1,93.2,-42.0,4.12,5195.8,0
49,7,3,3,1,1,1,2,5,1,58,10,999,0,2,1.1,93.994,-36.4,4.8580000000000005,5191.0,0
56,5,2,7,1,1,2,2,5,3,171,1,999,0,2,1.1,93.994,-36.4,4.8580000000000005,5191.0,0
48,1,2,7,3,2,1,1,8,2,286,1,999,0,2,1.4,93.444,-36.1,4.965,5228.1,0
55,8,2,3,1,1,1,1,8,3,76,13,999,0,2,1.4,93.444,-36.1,4.964,5228.1,0
39,10,3,6,3,1,1,2,6,1,432,4,999,0,2,1.4,94.465,-41.8,4.865,5228.1,1
54,1,3,7,3,1,1,1,8,4,218,2,999,0,2,1.4,93.444,-36.1,4.968,5228.1,0
30,8,2,2,1,1,1,1,11,2,154,2,999,0,2,-0.1,93.2,-42.0,4.1530000000000005,5195.8,0
39,1,2,7,1,1,1,2,6,1,135,2,999,0,2,1.4,94.465,-41.8,4.961,5228.1,0
35,10,3,7,1,2,1,2,5,3,294,1,999,0,2,1.1,93.994,-36.4,4.857,5191.0,0
42,2,3,1,1,3,3,2,7,5,385,1,999,0,2,1.4,93.918,-42.7,4.962,5228.1,0
45,3,2,7,3,2,2,1,8,1,38,2,999,0,2,1.4,93.444,-36.1,4.965,5228.1,0
51,2,2,4,1,1,1,1,11,5,11,4,999,0,2,-0.1,93.2,-42.0,4.021,5195.8,0
32,11,2,4,1,2,1,1,11,4,640,1,999,0,2,-0.1,93.2,-42.0,4.0760000000000005,5195.8,0
53,12,2,8,3,1,1,1,8,1,51,4,999,0,2,1.4,93.444,-36.1,4.965,5228.1,0
47,1,3,7,1,2,1,1,6,1,243,4,999,0,2,-2.9,92.963,-40.8,1.281,5076.2,1
42,3,2,7,1,2,1,2,5,2,154,1,999,0,2,1.1,93.994,-36.4,4.857,5191.0,0
28,1,3,7,1,2,2,1,12,5,454,6,999,1,1,-3.0,92.713,-33.0,0.71,5023.5,0
35,10,1,8,1,2,2,2,5,3,432,1,999,0,2,1.1,93.994,-36.4,4.856,5191.0,0
37,8,2,4,1,2,2,1,5,4,436,3,999,0,2,-1.8,92.893,-46.2,1.266,5099.1,0
29,1,2,7,1,2,2,2,6,3,281,3,999,0,2,1.4,94.465,-41.8,4.958,5228.1,0
57,8,2,4,1,2,1,1,5,1,126,2,999,0,2,-1.8,92.893,-46.2,1.244,5099.1,0
24,8,3,6,1,2,1,2,5,1,314,1,999,0,2,1.1,93.994,-36.4,4.8580000000000005,5191.0,0
29,1,3,7,1,2,1,1,8,4,228,3,999,0,2,1.4,93.444,-36.1,4.968,5228.1,0
27,5,3,7,1,2,1,2,5,2,134,2,999,0,2,1.1,93.994,-36.4,4.856,5191.0,0
48,10,1,6,1,1,1,1,8,2,69,1,999,0,2,1.4,93.444,-36.1,4.968,5228.1,0
43,1,2,7,1,2,2,2,7,2,377,1,999,0,2,1.4,93.918,-42.7,4.962,5228.1,0
53,5,2,7,1,1,1,1,7,2,477,2,999,0,2,1.4,93.918,-42.7,4.961,5228.1,0
38,1,3,4,1,2,2,1,11,4,1476,4,999,0,2,-0.1,93.2,-42.0,4.0760000000000005,5195.8,0
31,2,2,3,1,1,1,2,7,2,280,6,999,0,2,1.4,93.918,-42.7,4.961,5228.1,0
41,1,2,7,1,1,1,1,7,1,1360,3,999,0,2,1.4,93.918,-42.7,4.96,5228.1,1
30,1,3,7,1,1,1,1,8,1,135,1,999,0,2,1.4,93.444,-36.1,4.965,5228.1,0
42,2,2,1,3,1,1,2,6,4,236,1,999,0,2,1.4,94.465,-41.8,4.958,5228.1,0
34,10,2,3,1,2,1,1,5,1,95,1,999,0,2,-1.8,92.893,-46.2,1.2990000000000002,5099.1,0
35,7,3,7,1,1,2,1,11,3,197,1,3,1,3,-0.1,93.2,-42.0,4.12,5195.8,0
39,5,2,2,3,1,1,2,6,1,156,5,999,0,2,1.4,94.465,-41.8,4.865,5228.1,0
41,2,2,1,3,2,1,1,4,5,150,2,999,1,1,-1.8,93.075,-47.1,1.405,5099.1,0
59,6,1,6,1,1,1,1,5,3,69,1,999,0,2,-1.8,92.893,-46.2,1.281,5099.1,0
43,7,3,4,3,1,1,1,5,3,79,1,999,1,1,-1.8,92.893,-46.2,1.281,5099.1,0
49,5,2,7,1,1,1,1,7,1,549,3,999,0,2,1.4,93.918,-42.7,4.962,5228.1,0
48,1,1,7,1,1,1,1,8,4,544,1,999,0,2,-1.7,94.027,-38.3,0.904,4991.6,1
46,2,2,6,1,1,1,1,11,5,383,1,999,0,2,-1.1,94.767,-50.8,1.028,4963.6,0
27,8,3,4,3,1,1,1,7,2,509,4,999,0,2,1.4,93.918,-42.7,4.962,5228.1,1
30,2,3,2,3,2,1,2,6,3,100,1,999,0,2,1.4,94.465,-41.8,4.959,5228.1,0
28,10,1,7,1,2,1,1,7,3,136,1,999,0,2,1.4,93.918,-42.7,4.962,5228.1,0
47,6,2,1,3,3,3,2,5,3,441,2,999,0,2,1.1,93.994,-36.4,4.856,5191.0,0
31,10,2,6,1,1,1,2,5,3,257,2,999,0,2,1.1,93.994,-36.4,4.8580000000000005,5191.0,0
41,2,2,3,3,1,1,2,6,4,142,2,999,0,2,1.4,94.465,-41.8,4.8660000000000005,5228.1,0
60,5,2,8,3,1,1,1,7,1,230,1,999,0,2,1.4,93.918,-42.7,4.96,5228.1,0
35,2,2,2,1,2,1,1,4,5,113,1,999,1,1,-1.8,93.075,-47.1,1.405,5099.1,0
29,5,2,7,1,2,2,1,8,2,116,2,999,0,2,1.4,93.444,-36.1,4.966,5228.1,0
30,10,2,4,1,2,1,2,5,4,212,6,999,0,2,1.1,93.994,-36.4,4.86,5191.0,0
50,2,1,4,1,2,2,1,7,1,629,2,999,0,2,1.4,93.918,-42.7,4.96,5228.1,1
55,1,2,1,1,2,1,1,4,5,548,1,999,1,1,-1.8,93.075,-47.1,1.405,5099.1,0
46,3,2,6,3,1,1,2,6,1,88,1,999,0,2,1.4,94.465,-41.8,4.961,5228.1,0
49,2,2,1,3,1,1,2,5,5,187,1,999,0,2,1.1,93.994,-36.4,4.859,5191.0,0
30,1,3,4,1,2,1,1,7,3,605,1,999,0,2,1.4,93.918,-42.7,4.963,5228.1,0
46,10,2,6,1,1,2,2,6,1,63,1,999,0,2,1.4,94.465,-41.8,4.865,5228.1,0
44,7,3,6,1,2,1,1,5,1,775,5,999,1,1,-1.8,92.893,-46.2,1.354,5099.1,1
39,1,3,4,1,1,1,1,4,5,297,1,999,0,2,-1.8,93.075,-47.1,1.405,5099.1,0
58,3,2,7,1,1,1,2,7,3,175,1,999,0,2,1.4,93.918,-42.7,4.963,5228.1,0
25,11,2,4,3,3,3,1,7,5,147,10,999,0,2,1.4,93.918,-42.7,4.963,5228.1,0
54,2,2,1,3,2,2,1,7,4,71,5,999,0,2,1.4,93.918,-42.7,4.962,5228.1,0
57,6,2,1,1,2,2,2,4,2,1348,4,999,0,2,-1.8,93.075,-47.1,1.405,5099.1,1
33,2,2,3,1,2,1,1,5,4,263,1,999,0,2,-1.8,92.893,-46.2,1.327,5099.1,0
29,9,3,7,1,2,1,1,7,4,489,1,999,0,2,1.4,93.918,-42.7,4.963,5228.1,0
58,2,2,1,3,2,2,1,5,3,173,1,999,0,2,-1.8,92.893,-46.2,1.281,5099.1,0
30,1,3,7,1,2,1,1,8,3,105,1,999,0,2,1.4,93.444,-36.1,4.964,5228.1,0
60,1,1,6,1,2,1,1,9,3,481,1,999,1,1,-1.1,94.199,-37.5,0.8859999999999999,4963.6,1
60,6,2,8,1,2,1,1,8,1,600,2,999,0,2,1.4,93.444,-36.1,4.965,5228.1,1
33,11,2,3,1,1,1,2,6,5,11,6,999,0,2,1.4,94.465,-41.8,4.959,5228.1,0
24,1,3,4,3,2,1,2,7,4,15,1,999,0,2,1.4,93.918,-42.7,4.958,5228.1,0
30,9,3,4,1,1,1,1,8,4,200,1,999,1,1,-1.7,94.027,-38.3,0.904,4991.6,0
43,1,2,3,3,1,1,1,7,4,294,2,999,0,2,1.4,93.918,-42.7,4.958,5228.1,0
31,8,2,4,3,1,1,1,7,1,160,3,999,0,2,1.4,93.918,-42.7,4.96,5228.1,0
58,2,3,3,1,2,1,1,5,3,127,2,999,0,2,-1.8,92.893,-46.2,1.334,5099.1,0
31,8,1,6,1,1,1,1,11,2,68,1,999,1,1,-0.1,93.2,-42.0,4.1530000000000005,5195.8,0
48,1,2,7,1,2,1,1,11,3,288,1,999,0,2,-0.1,93.2,-42.0,4.12,5195.8,0
25,7,3,7,1,1,1,2,5,2,247,3,999,0,2,1.1,93.994,-36.4,4.856,5191.0,0
27,8,3,7,1,1,1,1,7,3,698,2,999,0,2,1.4,93.918,-42.7,4.963,5228.1,0
36,10,2,2,1,1,1,1,4,1,316,2,999,1,1,-1.8,93.075,-47.1,1.405,5099.1,0
39,10,1,6,1,2,1,2,5,5,135,1,999,0,2,1.1,93.994,-36.4,4.855,5191.0,0
55,6,1,2,3,1,1,2,6,1,228,2,999,0,2,1.4,94.465,-41.8,4.865,5228.1,0
58,1,2,4,3,2,1,1,7,2,103,1,999,0,2,1.4,93.918,-42.7,4.961,5228.1,0
39,1,3,8,1,1,2,2,5,5,219,4,999,0,2,1.1,93.994,-36.4,4.857,5191.0,0
40,2,2,4,3,2,1,2,5,1,98,1,999,0,2,1.1,93.994,-36.4,4.857,5191.0,0
38,2,2,8,3,1,2,2,5,3,181,1,999,0,2,1.1,93.994,-36.4,4.856,5191.0,0
31,4,3,6,3,2,2,1,8,2,213,1,999,0,2,1.4,93.444,-36.1,4.966,5228.1,0
33,2,2,3,1,2,1,1,7,2,132,1,999,0,2,1.4,93.918,-42.7,4.961,5228.1,0
35,10,3,6,1,3,3,1,5,1,146,2,999,0,2,-1.8,92.893,-46.2,1.2990000000000002,5099.1,0
33,2,1,3,1,2,1,2,6,4,155,1,999,0,2,1.4,94.465,-41.8,4.958,5228.1,0
37,8,3,3,1,1,1,1,5,2,37,1,999,0,2,-1.8,92.893,-46.2,1.344,5099.1,0
34,5,2,7,1,2,1,1,5,3,77,4,999,0,2,-1.8,92.893,-46.2,1.281,5099.1,0
23,9,3,4,1,2,1,1,10,1,226,2,999,1,1,-1.1,94.601,-49.5,1.032,4963.6,1
29,1,3,7,3,2,1,1,8,2,158,5,999,0,2,1.4,93.444,-36.1,4.963,5228.1,0
30,1,2,4,1,2,1,1,7,5,53,6,999,0,2,1.4,93.918,-42.7,4.959,5228.1,0
33,2,2,3,1,1,2,2,7,1,9,1,999,0,2,-1.7,94.215,-40.3,0.8270000000000001,4991.6,0
57,1,2,2,1,1,1,1,5,5,259,1,999,1,1,-1.8,92.893,-46.2,1.259,5099.1,0
36,8,1,3,1,2,1,1,5,2,255,2,999,0,2,-1.8,92.893,-46.2,1.291,5099.1,0
51,2,2,3,1,1,2,2,5,5,653,1,999,0,2,1.1,93.994,-36.4,4.855,5191.0,1
39,11,2,7,1,2,1,2,5,4,168,2,999,0,2,1.1,93.994,-36.4,4.855,5191.0,0
46,8,2,4,1,1,1,1,7,1,93,3,999,0,2,1.4,93.918,-42.7,4.962,5228.1,0
47,5,2,7,1,2,1,1,7,3,123,1,999,0,2,-2.9,92.469,-33.6,1.029,5076.2,0
30,2,2,8,1,1,1,2,5,3,85,2,999,0,2,1.1,93.994,-36.4,4.857,5191.0,0
48,4,2,4,1,1,1,2,6,2,87,1,999,0,2,1.4,94.465,-41.8,4.864,5228.1,0
33,1,2,7,1,2,1,1,11,5,482,1,12,1,3,-1.1,94.767,-50.8,1.0490000000000002,4963.6,1
31,2,2,2,1,1,1,1,7,5,103,2,999,0,2,1.4,93.918,-42.7,4.963,5228.1,0
28,10,3,6,1,2,1,1,4,4,477,2,999,1,1,-1.8,93.075,-47.1,1.483,5099.1,0
29,10,2,4,3,1,1,1,7,4,321,1,999,0,2,1.4,93.918,-42.7,4.958,5228.1,0
49,8,2,4,1,2,1,2,5,5,344,2,999,0,2,1.1,93.994,-36.4,4.855,5191.0,0
46,2,2,2,3,2,2,2,5,1,440,1,999,0,2,1.1,93.994,-36.4,4.857,5191.0,0
33,1,2,7,1,2,1,2,7,5,52,4,999,0,2,1.4,93.918,-42.7,4.963,5228.1,0
44,2,2,4,1,1,1,1,4,1,271,2,999,1,1,-1.8,93.075,-47.1,1.466,5099.1,0
45,4,1,7,1,2,1,2,5,4,105,1,999,0,2,1.1,93.994,-36.4,4.86,5191.0,0
30,11,2,4,1,1,1,1,5,1,417,1,3,1,3,-1.8,92.893,-46.2,1.354,5099.1,1
24,2,2,3,1,2,2,2,5,5,101,6,999,0,2,1.1,93.994,-36.4,4.855,5191.0,0
32,1,1,7,1,2,1,2,5,4,147,4,999,0,2,1.1,93.994,-36.4,4.86,5191.0,0
35,1,3,7,1,2,1,1,7,5,199,1,999,0,2,1.4,93.918,-42.7,4.957,5228.1,0
44,1,2,7,3,1,1,2,5,5,165,6,999,0,2,1.1,93.994,-36.4,4.859,5191.0,0
34,2,2,1,1,1,1,2,6,5,78,2,999,0,2,1.4,94.465,-41.8,4.967,5228.1,0
32,2,2,3,1,2,1,2,5,2,999,3,999,0,2,1.1,93.994,-36.4,4.856,5191.0,0
75,6,2,1,1,1,1,1,4,2,109,1,999,1,1,-1.8,93.075,-47.1,1.405,5099.1,1
34,1,2,7,1,1,2,2,5,3,157,2,999,0,2,1.1,93.994,-36.4,4.857,5191.0,0
32,10,1,6,1,2,1,1,11,2,250,1,999,0,2,-0.1,93.2,-42.0,4.1530000000000005,5195.8,0
43,3,2,7,3,2,1,1,7,2,261,1,999,0,2,1.4,93.918,-42.7,4.961,5228.1,0
38,5,1,7,1,1,1,1,11,1,136,2,999,1,1,-0.1,93.2,-42.0,4.191,5195.8,0
35,1,2,7,1,1,1,1,5,4,322,3,999,0,2,-1.8,92.893,-46.2,1.27,5099.1,0
49,1,2,4,1,2,1,1,7,5,59,2,999,0,2,1.4,93.918,-42.7,4.963,5228.1,0
23,10,3,4,1,1,1,1,5,4,104,1,999,0,2,-1.8,92.893,-46.2,1.266,5099.1,0
59,6,2,1,1,2,1,1,8,5,94,1,999,0,2,1.4,93.444,-36.1,4.963,5228.1,0
37,10,2,6,1,2,1,2,7,2,242,6,999,0,2,1.4,93.918,-42.7,4.955,5228.1,0
42,10,2,6,3,2,1,1,7,4,721,10,999,0,2,1.4,93.918,-42.7,4.968,5228.1,0
36,10,2,7,1,1,1,2,5,3,146,2,999,0,2,1.1,93.994,-36.4,4.857,5191.0,0
41,1,2,8,1,2,1,1,9,4,228,1,999,1,1,-1.1,94.199,-37.5,0.879,4963.6,0
31,10,2,3,1,2,1,1,11,3,17,5,999,1,1,-0.1,93.2,-42.0,4.12,5195.8,0
39,10,2,6,1,1,1,2,6,2,83,2,999,0,2,1.4,94.465,-41.8,4.961,5228.1,0
31,7,3,7,1,1,1,1,8,1,209,1,999,2,1,-1.7,94.027,-38.3,0.898,4991.6,0
34,1,3,4,1,1,1,2,6,2,423,1,999,0,2,1.4,94.465,-41.8,4.961,5228.1,0
64,11,1,3,1,2,1,1,10,3,604,2,999,0,2,-1.1,94.601,-49.5,0.959,4963.6,0
39,8,1,3,1,2,1,2,5,4,51,1,999,0,2,1.1,93.994,-36.4,4.86,5191.0,0
32,1,3,7,1,2,1,1,7,4,96,1,999,0,2,1.4,93.918,-42.7,4.958,5228.1,0
31,2,3,3,1,1,1,2,4,4,285,2,999,0,2,-1.8,93.075,-47.1,1.483,5099.1,0
33,10,2,6,1,1,1,2,5,4,191,4,999,0,2,1.1,93.994,-36.4,4.86,5191.0,0
35,8,2,4,3,2,1,1,5,2,31,1,999,0,2,-1.8,92.893,-46.2,1.344,5099.1,0
46,7,2,2,3,2,1,1,11,2,32,1,999,1,1,-0.1,93.2,-42.0,4.1530000000000005,5195.8,0
40,5,2,7,1,2,1,1,8,4,77,6,999,0,2,1.4,93.444,-36.1,4.963,5228.1,0
57,8,1,8,1,1,1,1,5,5,405,3,999,0,2,-1.8,92.893,-46.2,1.3130000000000002,5099.1,0
28,1,3,7,1,1,1,1,4,5,69,1,999,0,2,-1.8,93.075,-47.1,1.405,5099.1,0
35,2,2,4,1,1,2,1,7,1,149,4,999,0,2,1.4,93.918,-42.7,4.962,5228.1,0
47,2,2,2,1,2,2,1,7,1,298,3,999,0,2,1.4,93.918,-42.7,4.962,5228.1,0
54,1,2,8,3,1,1,2,6,5,34,16,999,0,2,1.4,94.465,-41.8,4.967,5228.1,0
59,10,2,6,1,2,1,2,8,3,240,3,999,1,1,-2.9,92.201,-31.4,0.8340000000000001,5076.2,0
50,8,2,8,1,2,1,1,8,4,90,2,999,0,2,1.4,93.444,-36.1,4.968,5228.1,0
56,8,1,4,3,1,1,2,5,4,311,5,999,0,2,1.1,93.994,-36.4,4.86,5191.0,0
31,10,2,7,1,1,1,1,10,2,146,2,12,3,1,-1.1,94.601,-49.5,0.982,4963.6,0
42,1,2,7,3,2,1,2,6,4,160,2,999,0,2,1.4,94.465,-41.8,4.8660000000000005,5228.1,0
35,5,2,7,1,2,1,1,11,3,265,2,999,0,2,-0.1,93.2,-42.0,4.12,5195.8,0
30,2,3,2,1,2,1,2,7,2,135,5,999,0,2,1.4,93.918,-42.7,4.961,5228.1,0
31,8,2,4,1,3,3,1,5,4,582,2,999,1,1,-1.8,92.893,-46.2,1.327,5099.1,0
51,6,2,3,3,1,1,1,7,5,64,1,999,0,2,1.4,93.918,-42.7,4.959,5228.1,0
38,10,2,6,1,2,1,1,8,1,479,1,999,0,2,1.4,93.444,-36.1,4.965,5228.1,1
47,1,2,4,1,1,1,1,5,3,99,2,999,0,2,-1.8,92.893,-46.2,1.27,5099.1,0
42,10,3,7,1,2,2,1,8,3,275,8,999,0,2,1.4,93.444,-36.1,4.965,5228.1,0
40,10,3,7,1,1,1,1,11,1,130,1,7,2,1,-3.4,92.649,-30.1,0.7140000000000001,5017.5,1
28,10,3,6,1,2,1,1,8,4,63,2,3,1,3,-2.9,92.201,-31.4,0.851,5076.2,1
32,2,2,1,1,1,2,1,5,4,80,4,999,0,2,-1.8,92.893,-46.2,1.266,5099.1,0
53,5,2,7,1,1,1,1,8,1,313,4,999,0,2,1.4,93.444,-36.1,4.965,5228.1,0
56,5,2,7,1,2,2,1,11,3,104,1,999,1,1,-0.1,93.2,-42.0,4.12,5195.8,0
40,10,2,6,1,2,1,1,11,4,180,1,999,1,1,-0.1,93.2,-42.0,4.0760000000000005,5195.8,0
58,6,2,3,1,1,2,1,5,3,144,1,999,0,2,-1.8,92.893,-46.2,1.334,5099.1,0
40,2,2,3,1,2,2,2,5,3,951,2,999,0,2,1.1,93.994,-36.4,4.8580000000000005,5191.0,0
41,2,2,3,1,1,1,2,5,2,216,1,999,0,2,1.1,93.994,-36.4,4.856,5191.0,0
33,1,2,7,1,2,1,1,6,2,690,1,999,0,2,-2.9,92.963,-40.8,1.262,5076.2,1
29,1,3,7,3,2,1,1,8,5,142,2,999,0,2,1.4,93.444,-36.1,4.966,5228.1,0
49,2,2,1,3,2,1,2,5,4,282,1,999,0,2,1.1,93.994,-36.4,4.86,5191.0,0
43,1,2,4,1,2,1,1,7,1,128,22,999,0,2,1.4,93.918,-42.7,4.962,5228.1,0
54,2,2,3,3,2,1,1,8,2,439,3,999,0,2,1.4,93.444,-36.1,4.966,5228.1,0
34,5,2,7,1,2,2,2,6,3,192,1,999,0,2,-2.9,92.963,-40.8,1.26,5076.2,0
25,10,3,4,1,2,1,1,5,5,581,3,999,2,1,-1.8,93.876,-40.0,0.6990000000000001,5008.7,0
43,1,2,6,3,1,1,1,7,4,127,3,999,0,2,1.4,93.918,-42.7,4.968,5228.1,0
57,6,4,1,1,1,1,2,5,2,673,1,999,0,2,1.1,93.994,-36.4,4.857,5191.0,0
33,1,3,7,1,2,1,1,5,4,143,1,999,0,2,-1.8,92.893,-46.2,1.327,5099.1,0
21,9,3,4,1,2,2,1,6,3,286,2,999,0,2,-1.7,94.055,-39.8,0.767,4991.6,1
34,2,2,6,1,2,1,1,11,2,135,3,999,0,2,-0.1,93.2,-42.0,4.1530000000000005,5195.8,0
45,2,2,3,3,1,1,2,5,2,121,1,999,0,2,1.1,93.994,-36.4,4.856,5191.0,0
22,9,3,4,1,1,2,1,7,5,154,2,999,0,2,1.4,93.918,-42.7,4.957,5228.1,0
27,10,3,7,1,2,1,1,10,3,184,1,999,1,1,-1.1,94.601,-49.5,1.043,4963.6,1
38,8,2,3,1,3,3,2,6,5,17,3,999,0,2,1.4,94.465,-41.8,4.959,5228.1,0
86,6,2,8,3,2,2,1,9,2,211,1,7,4,3,-1.1,94.199,-37.5,0.877,4963.6,1
49,11,2,1,1,2,1,1,8,3,155,2,999,0,2,1.4,93.444,-36.1,4.964,5228.1,0
47,1,3,4,1,1,1,1,5,1,1114,2,999,0,2,-1.8,92.893,-46.2,1.2990000000000002,5099.1,0
24,8,3,3,3,1,2,2,6,1,222,2,999,0,2,1.4,94.465,-41.8,4.865,5228.1,0
37,1,2,4,1,2,1,2,5,1,115,4,999,0,2,1.1,93.994,-36.4,4.857,5191.0,0
76,6,3,1,1,1,1,1,11,1,347,4,6,1,3,-3.4,92.649,-30.1,0.715,5017.5,1
51,1,1,7,3,1,1,2,8,5,86,1,999,0,2,1.4,93.444,-36.1,4.963,5228.1,0
50,2,2,1,3,2,1,1,8,5,80,1,999,0,2,1.4,93.444,-36.1,4.966,5228.1,0
29,10,3,7,1,1,1,1,6,4,442,3,999,0,2,-2.9,92.963,-40.8,1.26,5076.2,0
54,3,2,1,3,1,2,2,5,4,108,1,999,0,2,1.1,93.994,-36.4,4.855,5191.0,0
51,3,1,7,1,2,1,1,5,1,212,1,999,0,2,-1.8,92.893,-46.2,1.2990000000000002,5099.1,0
41,1,1,4,1,1,1,2,5,2,293,2,999,0,2,1.1,93.994,-36.4,4.857,5191.0,0
42,8,2,7,1,1,1,1,12,3,179,1,6,1,3,-3.0,92.713,-33.0,0.715,5023.5,1
33,8,2,6,1,2,2,1,8,4,331,1,999,0,2,1.4,93.444,-36.1,4.962,5228.1,0
50,2,2,6,3,2,1,1,5,4,157,1,999,1,1,-1.8,92.893,-46.2,1.327,5099.1,0
25,1,3,7,1,1,1,2,6,3,188,2,999,0,2,1.4,94.465,-41.8,4.864,5228.1,0
34,4,1,7,1,2,2,1,4,5,73,1,999,0,2,-1.8,93.075,-47.1,1.405,5099.1,0
30,2,3,1,3,2,1,2,6,2,256,1,999,0,2,1.4,94.465,-41.8,4.864,5228.1,0
32,4,2,1,1,2,2,1,5,5,340,1,999,0,2,-1.8,92.893,-46.2,1.3130000000000002,5099.1,0
40,5,2,8,1,1,1,2,5,5,97,3,999,0,2,1.1,93.994,-36.4,4.859,5191.0,0
29,1,3,7,1,2,1,1,3,1,215,1,999,0,2,-1.8,93.369,-34.8,0.639,5008.7,1
23,3,2,7,1,2,1,1,8,4,87,1,999,0,2,1.4,93.444,-36.1,4.964,5228.1,0
47,10,3,8,1,1,1,1,7,2,117,2,999,0,2,1.4,93.918,-42.7,4.961,5228.1,0
33,5,2,7,1,2,1,1,8,3,113,3,999,0,2,1.4,93.444,-36.1,4.964,5228.1,0
38,10,2,7,3,1,1,2,5,4,257,2,999,0,2,1.1,93.994,-36.4,4.855,5191.0,0
27,11,3,7,1,1,1,2,6,3,404,2,999,0,2,1.4,94.465,-41.8,4.864,5228.1,0
45,11,2,7,1,1,1,2,5,2,550,2,999,0,2,1.1,93.994,-36.4,4.856,5191.0,0
44,1,1,7,1,1,1,2,6,5,39,2,999,0,2,1.4,94.465,-41.8,4.959,5228.1,0
