intercolumnar distance,upper margin,lower margin ,exploitation ,row number,modular ratio,interlinear spacing ,weight ,peak number,modular ratio/ interlinear spacing,Label
0.290762,0.156278,0.136047,1.401386,0.08296100000000001,-0.30798400000000004,-0.081827,0.996475,0.282354,-0.108206,0
-0.091897,0.258344,0.445454,1.643582,0.08296100000000001,0.14879,0.484429,1.350108,-0.091823,0.004015,1
0.142636,0.164129,0.200063,-0.249732,0.261718,0.356414,0.446679,-1.071615,-0.8401790000000001,0.181443,0
0.216699,-0.291239,0.349432,0.5071100000000001,0.261718,1.020811,-0.157328,-1.345527,-0.777816,1.156184,0
-0.116585,-0.016447999999999997,0.288973,0.483747,0.17234000000000002,2.515706,0.295677,-1.43379,-0.933723,2.2104060000000003,2
-0.202992,-0.479668,-3.210528,-0.88764,0.261718,0.813187,-0.38383,-0.733282,-0.029461,1.135678,3
0.043885,-0.157769,0.328093,0.552225,0.261718,1.103861,0.257927,-0.207144,0.781258,0.971295,0
0.056229,-0.730905,0.441898,0.183695,0.261718,1.685209,0.371178,-0.963354,-0.216549,1.413682,0
-3.498799,0.391814,0.3743260000000001,-5.440122,0.261718,-0.266459,0.408929,0.664064,0.4694430000000001,-0.334481,0
-0.128929,0.022808,0.19295,0.837775,0.261718,0.314889,-0.081827,0.466183,0.219991,0.463316,0
0.907954,1.467426,0.37077,-1.242027,0.708609,-1.5952540000000002,-1.176589,0.15507,1.591976,-0.752131,4
0.043885,0.572391,0.00446,-0.3331,0.261718,-1.013906,0.295677,0.370076,0.968347,-0.946375,5
-0.00549,-0.071406,0.352988,-0.20667600000000005,0.261718,-1.429155,-0.006326,-1.185719,-0.341275,-1.164633,6
0.105604,0.10132,0.246296,0.08707999999999999,0.261718,-0.847807,-0.006326,-0.14136400000000002,-1.370264,-0.649289,0
0.364825,0.36826,0.19295,-0.4204060000000001,0.261718,-1.013906,0.408929,0.029725,0.687713,-0.97943,6
0.142636,-0.000745,0.153829,0.955845,0.261718,-0.30798400000000004,-2.837607,0.755181,0.095265,-1.801856,2
-0.153617,-0.840822,0.139604,-0.971903,0.17234000000000002,0.647088,0.7864329999999999,-2.889615,-1.027268,0.287491,7
0.216699,0.124874,-3.210528,-0.8869239999999999,0.261718,-0.349509,0.55993,0.7758390000000001,0.001721,-0.490245,0
-0.030178,0.391814,0.217845,-0.07332999999999999,0.261718,0.8962370000000001,0.748682,-0.545379,-0.216549,0.496058,5
-0.141273,-1.201976,0.6126050000000001,-0.518872,0.17234000000000002,1.35301,0.106925,-0.520256,-0.154186,1.29207,3
0.031541,0.446772,0.072032,0.600056,0.261718,-0.14188399999999998,0.069175,0.42376,0.095265,-0.057116,2
-0.22768,-0.251983,0.449011,-1.268911,0.261718,-0.30798400000000004,1.6546919999999998,0.701051,0.999528,-0.959648,8
0.031541,0.36826,-0.027547,0.237135,0.17234000000000002,0.190314,0.257927,-0.071974,0.064084,0.150268,0
0.09326,-0.3854530000000001,0.352988,0.546705,0.261718,-0.474083,0.031425,0.6582979999999999,0.219991,-0.329442,0
-0.030178,0.438921,-0.045329,0.766462,0.17234000000000002,0.190314,0.371178,0.275795,0.4694430000000001,0.101396,0
0.142636,-0.330495,0.299642,0.418282,0.17234000000000002,-0.01731,-2.837607,0.346195,0.126447,-1.839311,0
-0.486901,-0.03215,0.196506,-0.633748,0.261718,-0.349509,0.106925,-1.248353,-0.154186,-0.207383,9
0.13029200000000002,-0.071406,0.214288,0.915742,0.261718,0.730137,0.597681,-0.08946699999999999,-0.497183,0.455637,0
0.229043,-0.181323,0.23207,-0.893459,0.261718,-0.515608,-0.119577,-0.106766,-0.091823,-0.286586,2
-0.215336,-0.20487600000000006,0.456124,-0.099826,0.17234000000000002,-0.681707,-0.006326,0.4286720000000001,0.7500760000000001,-0.499998,8
0.019197,-0.016447999999999997,0.324537,-0.20781,0.261718,0.231839,0.710932,-0.171963,0.219991,-0.05866,6
0.019197,-0.040001,0.288973,-0.042597,0.261718,-0.847807,0.031425,0.460474,0.562987,-0.661139,2
0.216699,-0.189174,0.352988,-2.20129,0.261718,-0.349509,0.031425,0.268514,-0.278912,-0.199849,0
-0.672058,-0.613138,0.360101,0.373406,0.17234000000000002,-0.474083,-0.044076,0.264068,0.562987,-0.273843,8
-0.153617,-0.22843,0.488131,0.580183,0.261718,1.145386,0.333428,0.700274,0.282354,0.969258,0
0.09326,-1.680899,0.356544,0.180532,0.17234000000000002,-0.01731,0.408929,-0.490376,-0.029461,-0.11716300000000003,0
-0.079554,-0.338346,0.40989,0.129748,0.17234000000000002,0.14879,-0.081827,0.317713,0.18881,0.30892600000000003,0
-0.079554,-0.291239,0.388552,0.855618,0.261718,0.647088,0.257927,-0.491715,-0.777816,0.5874590000000001,2
-0.252367,-0.149918,0.313868,-0.243616,0.261718,1.186911,0.52218,-0.281175,0.126447,0.875842,0
0.006853,0.077766,0.342319,-0.12859,0.261718,-0.557133,0.069175,0.485443,-0.216549,-0.422833,2
0.562327,-0.29909,0.068476,-0.58926,0.976743,-1.22153,-1.365341,-0.961588,0.251173,-0.245972,4
0.290762,0.109171,-0.112901,0.221262,0.261718,0.356414,0.408929,0.107444,0.344717,0.221791,0
-0.104241,-0.055704,0.299642,0.391249,0.17234000000000002,-0.8062819999999999,-0.044076,-0.506374,-1.058449,-0.591966,0
0.13029200000000002,-0.071406,0.214288,0.915742,0.261718,0.730137,0.7864329999999999,0.006037,-0.185368,0.32901,0
0.068573,0.2976,0.022242,-0.22252,0.261718,-1.138481,0.748682,-0.8758879999999999,0.126447,-1.2658120000000002,5
-0.252367,0.06991499999999999,0.246296,0.52355,0.261718,-1.346105,0.446679,1.371251,1.186617,-1.314322,8
-0.363462,0.23479,0.000904,0.759778,0.261718,1.145386,0.257927,-0.340741,-0.372457,1.022553,5
0.229043,0.572391,0.050694,-0.980138,-0.27455100000000005,-1.5952540000000002,0.52218,-1.7433880000000002,0.18881,-1.574472,0
0.031541,0.666605,-0.095119,0.010217,0.17234000000000002,-0.01731,0.295677,1.096523,0.843621,-0.054356,5
-0.054866,-0.330495,-3.210528,-0.267456,0.261718,0.41178,0.799017,-0.398541,-0.330882,0.051826,2
-3.498799,-0.5660310000000001,0.139604,-5.440122,0.976743,-1.180006,-1.025587,-2.037531,-0.403638,-0.418686,4
0.401857,-0.29909,0.328093,0.432395,-1.257711,0.273364,0.333428,0.6921390000000001,-0.185368,0.190713,0
0.043885,0.274046,0.182281,0.095763,0.261718,-0.10036,0.408929,-0.313074,-0.216549,-0.190687,2
0.377169,-0.07925700000000001,0.153829,-1.1029520000000002,0.261718,-0.01731,0.106925,1.173544,0.282354,0.054333000000000006,0
-0.030178,-0.220579,0.242739,1.988271,0.17234000000000002,-0.183409,-0.044076,1.110619,-0.43482,-0.019215,0
-0.091897,-0.118513,0.189393,1.280303,0.261718,0.937762,-0.157328,1.404121,0.438262,1.123129,0
0.661077,-0.09496,0.01513,0.751961,0.976743,-0.30798400000000004,-1.176589,1.176922,1.24898,0.55743,4
0.043885,0.007106,1.348781,-1.249397,-0.185173,-0.14188399999999998,-0.610333,0.065934,-0.123005,0.353023,8
-0.400494,-0.16562000000000002,0.392108,0.485626,0.261718,-1.22153,0.144676,0.8946799999999999,0.18881,-1.064371,8
0.463576,0.109171,0.224957,-1.411178,0.261718,-0.224934,0.257927,1.136888,0.562987,-0.226033,0
-0.030178,0.391814,0.217845,-0.07332999999999999,0.261718,0.356414,0.371178,0.15551700000000002,0.251173,0.239379,5
-0.042522,0.140576,0.089814,0.07231,0.261718,2.349606,0.446679,-2.200485,-1.339082,1.956356,0
-0.38815,0.321153,0.107596,0.886232,0.351096,0.688613,0.182426,0.369998,0.095265,0.644612,2
0.068573,0.289748,0.107596,1.267115,0.261718,0.314889,0.371178,0.907611,0.001721,0.19721,0
0.229043,-0.016447999999999997,0.317424,-0.526838,0.261718,0.397939,0.597681,-0.936114,-0.091823,0.146579,2
0.056229,-0.087108,0.089814,1.312409,0.08296100000000001,-0.14188399999999998,0.333428,1.380124,0.8748020000000001,-0.189964,0
0.229043,-0.008597,0.17516800000000002,0.087408,0.17234000000000002,-0.183409,0.446679,-0.106669,0.531806,-0.288502,0
-0.141273,-1.201976,0.6126050000000001,-0.518872,0.17234000000000002,-1.38763,0.069175,-1.160013,-0.5283640000000001,-1.181475,3
0.698109,-0.369751,0.185837,-0.92264,0.976743,-0.515608,-0.836835,0.811059,1.68552,0.15345,4
-0.00549,0.054213,0.32098000000000004,0.804804,0.17234000000000002,1.103861,0.144676,0.81533,2.340331,1.072039,7
0.068573,-0.6523939999999999,0.395665,1.220985,0.261718,0.107265,0.295677,1.680015,0.781258,0.052573,0
-0.128929,-0.511072,0.342319,0.170775,0.261718,2.017408,-0.232828,-1.541196,-0.777816,2.15418,2
-0.202992,-0.479668,-3.210528,-0.88764,0.261718,0.480988,0.52218,-0.264807,-0.060642,0.265117,3
0.09326,-0.087108,-2.268081,-0.164963,0.261718,0.14879,0.333428,0.587587,0.219991,0.07259600000000001,0
-0.8819040000000001,-1.947839,0.217845,2.046336,0.17234000000000002,1.145386,0.710932,0.990535,1.124254,0.7902140000000001,7
0.117948,-0.291239,0.306755,0.255993,0.17234000000000002,1.020811,0.220177,-0.684821,-0.247731,0.918289,0
-0.22768,-0.11066199999999997,0.196506,1.060099,0.261718,-0.432558,0.257927,1.382571,1.529613,-0.412225,7
0.4142,-0.471816,0.239183,1.018385,0.887365,-0.515608,-1.28984,1.420702,1.186617,0.425161,4
-0.277055,-0.251983,-3.203415,1.957926,0.261718,1.602159,0.220177,1.859257,1.872609,1.480214,7
0.09326,0.34470700000000004,0.14315999999999998,-0.026574,0.261718,-0.8062819999999999,0.257927,0.54697,0.064084,-0.734398,5
-0.042522,0.7529680000000001,-0.109344,1.041241,-1.347089,1.020811,0.220177,0.20291,-0.185368,0.920265,2
-0.363462,-0.189174,0.641057,0.681245,0.17234000000000002,0.397939,0.408929,-0.613372,-0.5283640000000001,0.28191,9
0.142636,-0.142067,0.246296,0.789259,-1.347089,0.190314,0.408929,-0.320083,-1.151994,0.064327,0
-0.116585,-0.581733,0.569929,1.083313,0.08296100000000001,0.06573999999999999,0.031425,0.5359229999999999,0.219991,0.163577,3
0.599358,-2.426761,0.011573,0.5402600000000001,0.976743,-0.183409,-1.554093,0.065585,1.68552,0.959023,4
0.13029200000000002,-0.126364,0.377883,0.755362,0.261718,-0.972381,0.144676,-2.562893,-2.742249,-0.8360350000000001,0
0.031541,0.36826,-0.027547,0.237135,0.17234000000000002,-2.356543,-0.157328,-0.158722,-1.203963,-2.025201,0
-0.22768,-0.997846,0.356544,-0.026932,0.261718,-0.723232,0.069175,-0.410734,-0.123005,-0.580321,3
-0.06721,-0.149918,0.32098000000000004,0.118589,0.261718,-0.14188399999999998,0.408929,-0.097991,0.4694430000000001,-0.226371,0
-0.215336,-0.11066199999999997,0.68729,2.04189,0.708609,2.349606,-0.257995,-0.36169,0.334323,2.506202,10
0.31545,-0.236281,0.37077,0.812174,0.261718,0.356414,0.144676,-0.724564,-1.214356,0.364909,0
0.648733,0.242641,-0.045329,-0.444157,0.261718,0.522513,1.352689,0.606634,0.064084,-0.143793,0
-3.461768,-0.20487600000000006,-3.210528,-3.4418370000000005,-3.045274,-1.055431,0.182426,1.7228450000000002,-2.586341,-0.938491,2
0.624046,-0.189174,0.139604,0.38731,0.976743,-0.8062819999999999,-1.025587,0.437545,1.560794,-0.030185000000000007,4
-0.560964,0.329004,0.296086,0.755571,0.261718,-0.349509,0.484429,1.035986,0.781258,-0.454899,8
0.031541,0.666605,-0.095119,0.010217,0.17234000000000002,-0.889332,0.6354310000000001,0.64562,0.843621,-1.000419,5
-0.190648,-0.691649,0.28186,-0.194472,0.17234000000000002,-0.8062819999999999,1.503691,-0.227025,0.500624,-1.30129,8
0.364825,-0.047852,-0.038216,0.327813,0.261718,-0.30798400000000004,0.182426,0.860742,0.095265,-0.249456,0
0.031541,0.446772,0.072032,0.600056,0.261718,-0.14188399999999998,-0.5725819999999999,0.27032,0.157628,0.331481,2
0.229043,-0.369751,0.484575,0.25017399999999995,0.261718,-0.30798400000000004,0.597681,-1.7119540000000002,-1.806804,-0.466485,0
0.15498,0.336855,0.068476,0.021525,0.261718,-0.8062819999999999,-0.459331,0.224111,0.282354,-0.374661,0
0.698109,-0.306942,-0.03466,0.06264199999999999,0.976743,0.937762,-0.912336,-0.644359,0.7500760000000001,1.661644,4
0.167323,0.690159,-0.08445,-0.009059,0.261718,0.231839,0.182426,-0.392328,-0.154186,0.234943,2
0.698109,-0.306942,-0.03466,0.06264199999999999,0.976743,0.397939,-1.176589,-0.126997,1.061891,1.318133,4
-0.301743,0.352558,0.288973,1.638181,0.261718,0.107265,0.371178,1.076098,1.311343,0.029271,8
-0.153617,-0.22843,0.488131,0.580183,0.261718,-1.055431,-2.9131080000000003,-3.69219,-3.8336,-2.331691,0
-0.153617,9.65621,0.05425,0.56598,-1.078955,0.024215,0.975185,-1.469301,-2.399252,-0.467883,2
-0.128929,0.705861,0.413447,2.004055,0.6192300000000001,-0.8062819999999999,-0.308329,2.042986,1.124254,-0.456913,10
-0.202992,0.203385,0.33165,-1.115215,0.08296100000000001,0.854712,0.446679,-0.056208,0.095265,0.6337510000000001,3
-0.091897,-0.29909,0.562816,1.131322,0.440474,-0.972381,-1.591843,1.566298,1.093072,0.17711500000000002,10
0.13029200000000002,0.077766,-0.045329,0.285383,-0.095795,1.35301,-0.006326,-0.399609,0.18881,1.368294,0
-0.116585,-0.07925700000000001,0.381439,1.540879,0.17234000000000002,0.979286,0.446679,0.838318,1.342524,0.789575,7
0.303106,-0.03215,0.367214,-0.350585,0.17234000000000002,-1.013906,0.446679,-1.927174,-1.837986,-1.0243719999999998,0
-0.054866,-0.220579,0.466793,-0.21697,0.17234000000000002,0.356414,0.333428,0.602925,0.344717,0.242839,3
0.216699,0.2976,0.249852,-0.041313,0.261718,-0.224934,-0.044076,0.26366100000000003,0.001721,-0.056538,0
0.019197,-0.173471,0.306755,-0.081535,0.17234000000000002,-1.22153,0.182426,0.485598,-0.216549,-1.081646,2
-0.128929,-0.511072,0.342319,0.170775,0.261718,1.643684,0.333428,-0.46298,-0.278912,1.416563,2
0.364825,0.195534,0.17516800000000002,-0.027618,0.261718,0.107265,0.52218,-0.08820499999999999,0.282354,-0.073367,0
0.09326,0.2976,-0.013322,0.1091,0.261718,0.314889,0.446679,0.140043,0.18881,0.152185,0
0.068573,-0.26768600000000004,0.33165,-0.197963,-2.062114,-0.266459,0.220177,0.671481,0.344717,-0.240548,0
0.105604,-0.189174,0.164499,-0.683757,0.261718,0.397939,0.597681,0.310161,0.18881,0.145759,0
-0.116585,-0.581733,0.569929,1.083313,0.08296100000000001,2.183507,-0.610333,-1.6537080000000002,-2.118619,2.6033060000000003,3
-0.00549,0.486028,0.118265,0.446569,0.261718,-0.8062819999999999,0.484429,0.731009,0.4694430000000001,-0.8565280000000001,5
0.068573,-0.189174,-2.090261,-0.6335390000000001,0.17234000000000002,-0.14188399999999998,0.333428,-0.941532,-0.310094,-0.190808,8
-0.116585,0.423218,0.086258,1.919136,0.261718,-0.557133,0.295677,0.4236430000000001,0.62535,-0.5410699999999999,5
0.105604,0.10132,0.246296,0.08707999999999999,0.261718,0.688613,-0.195078,0.589063,0.500624,0.8773610000000001,0
-0.8819040000000001,-1.947839,0.217845,2.046336,0.17234000000000002,0.8962370000000001,0.408929,1.220083,1.623157,0.7334470000000001,7
-0.042522,-0.416858,0.569929,-2.224653,0.08296100000000001,2.55723,0.106925,-0.588851,-0.8401790000000001,2.38717,3
0.8462350000000001,-0.09496,0.182281,-1.981085,0.6192300000000001,-1.096956,-1.478592,-1.952103,-0.372457,-0.038901,4
0.229043,-0.354049,0.182281,0.210878,0.261718,0.273364,0.408929,-0.20623200000000005,-0.247731,0.141528,0
0.303106,0.022808,0.146717,-1.815842,0.261718,0.314889,-0.006326,-2.033629,-0.902542,0.414974,0
0.266074,0.556689,-0.020434,0.176624,0.261718,-0.557133,0.408929,0.467308,0.562987,-0.5995010000000001,5
-0.116585,-0.338346,-3.210528,-0.8658290000000001,-1.168333,3.304678,-0.308329,-1.835514,-2.711067,3.463356,0
-3.498799,0.211237,-3.210528,-0.4242260000000001,-4.9222150000000005,0.688613,-2.497853,0.352894,0.4694430000000001,-1.439466,0
0.229043,-1.044953,0.349432,0.8424299999999999,0.261718,1.35301,0.597681,0.5004310000000001,0.001721,0.994163,0
0.019197,-0.087108,0.292529,0.240776,0.17234000000000002,0.730137,0.7864329999999999,-0.559203,0.31353600000000004,0.329383,0
-0.153617,-0.22843,0.488131,0.580183,0.261718,1.103861,0.55993,0.746425,-0.154186,0.786514,0
0.352481,0.211237,0.306755,-0.946242,0.17234000000000002,-0.05883500000000001,0.6354310000000001,0.329168,0.157628,-0.281089,0
-0.128929,0.289748,0.235627,1.057473,0.17234000000000002,-0.224934,0.748682,0.299754,0.62535,-0.47649,8
0.229043,0.572391,0.050694,-0.980138,-0.27455100000000005,-2.176602,0.144676,-1.256119,0.40708,-1.936451,0
0.080916,-0.071406,0.160942,1.225521,0.17234000000000002,0.231839,-0.157328,0.112706,-0.497183,0.429308,0
0.080916,-0.291239,0.356544,0.226662,0.261718,-0.01731,0.220177,-0.242441,-0.060642,-0.021795,2
0.266074,-0.134216,0.214288,-0.229323,0.261718,-0.391033,0.144676,0.586577,-0.310094,-0.310491,2
-0.190648,-0.024299,0.367214,2.258633,0.17234000000000002,1.477585,0.295677,0.965935,1.966154,1.289816,7
0.562327,-0.000745,-3.210528,-2.832246,0.261718,-0.474083,0.371178,-0.288941,-0.154186,-0.500516,0
0.019197,-0.173471,0.306755,-0.081535,0.17234000000000002,-0.474083,1.050686,-0.25003200000000003,0.001721,-0.831936,2
0.204355,0.360409,0.139604,0.299019,-0.095795,-1.5952540000000002,0.899684,-0.679249,2.277968,-1.68433,0
-0.042522,0.10132,0.288973,0.7221529999999999,0.261718,0.107265,0.069175,0.502179,0.375899,0.181551,0
-0.104241,-0.314793,0.6659510000000001,-0.06411,0.17234000000000002,-1.512204,0.106925,0.11987,-0.123005,-1.312598,9
0.13029200000000002,0.8707360000000001,-3.210528,0.062492999999999986,0.261718,1.43606,1.46594,0.636203,0.282354,0.515587,0
-0.22768,-0.503221,0.406334,-0.671732,0.261718,0.397939,0.333428,1.153216,0.7500760000000001,0.32227,8
-0.215336,-1.296191,0.491688,1.050073,0.6192300000000001,0.647088,-1.138838,0.328566,2.122061,1.569446,7
-0.030178,0.391814,0.217845,-0.07332999999999999,0.261718,0.730137,0.484429,0.430846,0.438262,0.485075,5
0.488263,-0.49537,0.111153,0.334258,0.976743,-0.10036,-1.176589,0.924911,1.498432,0.782343,4
0.562327,-0.29909,0.068476,-0.58926,0.976743,0.522513,-0.610333,-1.6785990000000002,-0.154186,0.992693,4
0.006853,-0.26768600000000004,0.40989,0.565443,0.17234000000000002,0.107265,0.333428,0.276087,0.31353600000000004,0.030404,2
0.056229,-0.730905,0.441898,0.183695,0.261718,0.522513,-0.081827,-0.337111,-0.154186,0.650664,0
0.25373,-0.338346,0.352988,-1.154243,0.17234000000000002,-0.681707,-0.195078,-0.519537,-0.497183,-0.406655,2
-0.116585,-0.189174,0.694403,0.974792,0.708609,-0.8062819999999999,-1.2143389999999998,0.739648,1.03071,0.082964,10
0.562327,0.046362,0.210732,-1.052078,0.976743,-0.681707,-1.32759,0.211394,1.623157,0.271169,4
0.167323,0.690159,-0.08445,-0.009059,0.261718,-0.14188399999999998,0.295677,-0.7978,-0.43482,-0.170856,2
0.019197,-0.28338800000000003,0.214288,0.857677,0.261718,0.730137,-0.195078,-0.295309,-0.310094,0.928414,0
0.080916,-0.071406,0.160942,1.225521,0.17234000000000002,-0.14188399999999998,0.748682,0.776616,1.24898,-0.404726,0
0.216699,0.2976,0.249852,-0.041313,0.261718,-0.432558,0.333428,0.192814,0.219991,-0.444882,0
0.31545,0.540986,0.029355000000000006,-0.395163,0.261718,-0.432558,0.182426,0.645212,0.687713,-0.3631,5
0.105604,0.7215630000000001,0.086258,0.505409,0.261718,-0.6401819999999999,-0.119577,0.903223,0.095265,-0.407463,2
0.47592,-0.338346,0.047137,-0.000972,0.976743,-0.01731,-0.8745850000000001,-0.817389,0.812439,0.656716,4
-0.128929,12.655362,-0.16269,1.993015,-3.22403,1.934358,0.069175,0.12120999999999997,0.531806,1.847317,11
0.043885,-0.173471,0.285416,-0.775121,0.17234000000000002,0.14879,0.408929,0.610847,0.438262,0.037721,2
0.056229,-0.016447999999999997,0.345875,-0.053786,0.17234000000000002,0.14879,0.371178,0.478259,0.18881,0.057998,0
0.167323,0.148427,0.278304,-0.289596,0.261718,1.602159,0.899684,-2.140394,-2.0562560000000003,1.010136,6
-0.128929,-0.28338800000000003,0.488131,0.833628,0.797987,-0.266459,-1.818346,0.334099,1.46725,1.089013,10
-2.523635,-0.346197,-2.349878,-0.775688,0.17234000000000002,-0.474083,0.371178,0.574559,-0.029461,-0.5055430000000001,2
-0.128929,0.06991499999999999,0.313868,0.5105109999999999,0.08296100000000001,-1.346105,0.7864329999999999,-1.985828,-2.180982,-1.460539,6
-0.26471100000000003,-0.055704,-3.210528,0.413627,0.08296100000000001,-0.30798400000000004,-1.365341,0.766442,0.438262,0.657668,7
-0.153617,-0.22843,0.488131,0.580183,0.261718,2.55723,0.484429,-0.132492,0.31353600000000004,2.119944,0
-0.017834,-0.275537,0.388552,0.949727,0.261718,1.560634,0.446679,0.044111,-0.154186,1.25881,2
0.389513,-0.220579,-3.210528,-2.624155,0.261718,-0.474083,0.069175,-1.628429,-0.87136,-0.341256,0
0.17966700000000002,0.258344,0.189393,-0.133304,0.17234000000000002,-0.764757,0.333428,0.6314069999999999,0.531806,-0.750624,0
-0.042522,-0.189174,0.33165,-0.664392,0.261718,-1.512204,0.069175,0.063663,1.03071,-1.295118,6
1.019049,0.030659,0.335206,-2.318136,-4.654081,-1.055431,0.220177,-1.595442,-0.715453,-0.945194,0
0.031541,-0.118513,0.3743260000000001,-0.066706,0.261718,0.522513,-0.119577,0.186989,0.40708,0.6724,0
-0.153617,9.65621,0.05425,0.56598,-1.078955,0.647088,0.55993,0.260962,0.31353600000000004,0.406463,2
0.080916,-0.244132,0.214288,-0.37914,0.261718,0.647088,0.257927,-0.694237,-0.466001,0.5451819999999999,2
0.25373,-0.338346,0.352988,-1.154243,0.17234000000000002,-0.557133,0.182426,-0.501656,-0.684271,-0.497503,2
-0.00549,0.054213,0.32098000000000004,0.804804,0.17234000000000002,0.356414,0.144676,0.362815,1.747883,0.377122,7
-0.017834,-0.440412,0.26763400000000004,1.39515,0.261718,0.439463,-0.119577,-1.037424,-1.151994,0.600769,0
0.229043,0.572391,0.050694,-0.980138,-0.27455100000000005,-3.131673,0.220177,0.523885,-2.305708,-2.824432,0
0.204355,-0.134216,0.043581,-0.6548729999999999,0.261718,-0.224934,0.182426,-0.808497,0.18881,-0.17727,8
0.167323,0.588093,-0.002652,-0.309259,0.261718,0.024215,0.295677,1.63565,0.032902,-0.012368,2
-0.32643,-0.157769,0.424116,1.924954,0.17234000000000002,0.730137,0.333428,1.030064,2.028517,0.598526,7
0.8462350000000001,-0.09496,0.182281,-1.981085,0.6192300000000001,-1.429155,-1.25209,-2.003515,-1.151994,-0.5385979999999999,4
-0.116585,-0.338346,0.584154,1.143884,0.797987,-0.391033,-1.365341,0.271854,0.8748020000000001,0.6184649999999999,10
0.63639,-0.063555,0.132491,-0.6317189999999999,0.976743,-0.557133,-1.818346,-0.324587,0.8748020000000001,0.7589199999999999,4
-0.116585,-0.189174,0.694403,0.974792,0.708609,-1.138481,-1.403091,0.7671020000000001,1.155435,-0.137006,10
-0.06721,-0.275537,0.253409,0.371526,-1.078955,1.228436,0.484429,-0.434653,-0.091823,0.940904,0
-0.38815,-1.021399,0.057807,1.228564,-0.006417,0.605563,-2.384602,-0.516567,-0.684271,0.214727,7
0.759828,-0.134216,0.114709,-0.542563,0.797987,-0.889332,-0.006326,-2.43015,-0.497183,-0.691759,4
0.15498,0.23479,0.210732,0.643738,0.17234000000000002,1.477585,0.106925,-0.168837,-0.466001,1.406762,0
-0.00549,-0.20487600000000006,0.32098000000000004,-0.694588,0.261718,-0.349509,0.295677,0.071623,0.032902,-0.357748,2
0.006853,0.164129,0.125378,0.5845100000000001,0.261718,0.107265,0.106925,1.378415,0.594169,0.191629,0
0.006853,0.462474,-0.016878,0.649795,-1.347089,0.273364,0.144676,0.4829770000000001,0.001721,0.290277,2
0.080916,-0.142067,0.171611,-0.470713,0.261718,-0.05883500000000001,0.106925,0.242847,0.001721,0.006547,2
0.105604,0.014957,0.377883,-0.4322220000000001,0.261718,-0.723232,0.333428,0.347943,0.843621,-0.707659,6
0.056229,0.486028,0.10404,-0.053338,0.261718,0.024215,0.031425,-0.335247,0.095265,0.159635,5
-0.104241,-0.197025,0.221401,0.17367,0.261718,-0.05883500000000001,-0.006326,0.080826,-0.341275,0.071488,2
-0.128929,-0.409007,0.17516800000000002,-0.256565,0.08296100000000001,1.35301,0.7864329999999999,1.081826,0.968347,0.897819,8
-0.054866,-0.220579,0.466793,-0.21697,0.17234000000000002,0.439463,1.163937,-2.6656,-2.461615,-0.117742,3
0.229043,0.109171,-0.06666799999999999,0.073324,0.261718,1.643684,0.446679,-0.666745,-0.123005,1.340941,0
0.241386,0.23479,0.121822,1.037988,0.261718,-0.05883500000000001,0.52218,-0.656397,-0.964905,-0.223212,0
-0.252367,-0.008597,-2.044028,0.342613,0.351096,-0.764757,0.824183,0.130704,1.155435,-0.963469,7
-0.104241,-1.037102,0.388552,-1.099311,0.17234000000000002,-1.30458,1.805694,-1.5354290000000002,0.500624,-1.817793,7
0.167323,0.148427,0.278304,-0.289596,0.261718,-1.38763,-0.195078,0.062575,0.968347,-1.057644,6
-0.215336,-0.102811,0.360101,0.941284,0.17234000000000002,-0.266459,-0.42158,1.363465,1.03071,0.117357,8
-0.030178,-0.063555,0.274747,-0.394925,0.261718,-1.013906,0.031425,0.264923,0.282354,-0.81718,2
0.13029200000000002,0.336855,0.100483,0.382834,0.17234000000000002,0.647088,0.408929,0.412635,-0.029461,0.476576,0
0.73514,-0.28338800000000003,0.089814,-1.848127,0.976743,-1.180006,-1.28984,-0.94225,0.687713,-0.268768,4
-3.498799,0.250492,0.23207,1.224178,-4.9222150000000005,0.397939,0.55993,0.94219,0.375899,0.177356,1
0.759828,-0.134216,0.114709,-0.542563,0.797987,-0.349509,-1.025587,-0.755804,1.623157,0.41213,4
0.019197,0.289748,-0.116457,1.524856,-0.542686,0.397939,1.012935,1.920532,0.18881,-0.06313200000000001,2
0.8462350000000001,0.014957,-0.052442,0.98795,0.261718,0.356414,0.597681,0.572832,-0.123005,0.111089,0
0.068573,0.06991499999999999,-0.002652,-1.1498270000000002,-1.257711,1.186911,0.295677,0.460455,-0.185368,1.019768,2
-0.153617,-0.087108,0.299642,0.689629,0.261718,-0.30798400000000004,0.182426,0.8190189999999999,0.219991,-0.26016100000000003,2
0.167323,-0.322644,0.306755,-0.5435479999999999,0.261718,-0.723232,-0.195078,-1.2468,-1.339082,-0.460794,2
0.204355,-0.134216,0.043581,-0.6548729999999999,0.261718,-0.10036,0.597681,-0.460903,0.62535,-0.282825,8
-0.017834,-0.149918,-2.975805,-1.078156,0.08296100000000001,0.397939,0.446679,-0.19631,-0.247731,0.226951,2
0.624046,-2.426761,0.178724,0.7113520000000001,1.066121,-1.429155,-0.836835,-0.586773,0.282354,-0.741643,4
0.080916,-0.126364,0.360101,-0.587947,0.261718,0.06573999999999999,0.220177,-0.497928,-0.996086,0.066738,2
0.216699,-0.424709,0.306755,-0.043283,0.261718,1.477585,0.069175,-0.813759,-0.060642,1.442518,0
0.105604,0.289748,0.171611,-0.220044,0.261718,-0.8062819999999999,0.55993,0.001727,-0.341275,-0.877468,0
0.019197,0.588093,0.260522,-1.348758,0.08296100000000001,-0.183409,0.257927,-0.205688,0.126447,-0.173569,0
-0.116585,-0.07925700000000001,0.381439,1.540879,0.17234000000000002,0.439463,-0.42158,0.702778,1.46725,0.816049,7
0.426544,0.588093,0.160942,-0.889699,0.261718,-0.224934,0.144676,1.468328,-0.185368,-0.160224,2
-0.00549,0.611647,0.022242,1.0121790000000002,0.261718,0.8962370000000001,0.295677,0.37627,-0.029461,0.762897,0
-0.079554,0.187683,-0.070224,0.211236,0.261718,1.43606,0.220177,-0.915243,-0.091823,1.294927,0
0.006853,0.462474,-0.016878,0.649795,-1.347089,0.14879,-0.006326,0.498179,0.157628,0.251772,2
0.043885,0.572391,0.00446,-0.3331,0.261718,-0.8062819999999999,0.333428,1.1481290000000002,0.937165,-0.786126,5
0.290762,0.077766,0.118265,0.275805,0.261718,-0.14188399999999998,0.295677,0.164389,-0.278912,-0.165745,2
-0.16596,0.007106,-2.1720580000000003,-0.165858,0.261718,0.190314,-0.157328,0.882934,0.812439,0.371118,8
0.15498,0.140576,0.228514,0.766134,-1.257711,0.813187,0.52218,0.069293,-0.247731,0.553825,0
-0.240024,-0.424709,0.089814,1.094532,0.261718,0.8962370000000001,0.220177,-0.294998,-0.247731,0.848622,0
0.426544,-0.055704,-0.08445,0.139087,0.976743,0.231839,-1.063338,0.092844,0.905984,1.063673,4
-0.054866,0.313302,0.05425,0.218427,0.261718,0.107265,0.106925,0.14441099999999998,-0.029461,0.16053900000000002,0
-0.425181,-0.220579,0.306755,0.496637,0.261718,0.107265,-0.119577,-1.380067,-0.154186,0.285768,8
0.043885,0.187683,0.303198,-0.717056,-1.79398,-0.847807,-2.988609,1.02257,0.531806,-1.407858,0
-0.252367,-0.063555,0.594823,0.8912450000000001,0.529852,-0.10036,-0.34608,1.537583,2.52742,0.218777,7
0.426544,-0.055704,-0.08445,0.139087,0.976743,1.020811,-1.063338,-0.099038,0.781258,1.816034,4
-3.498799,0.517433,0.3743260000000001,-2.368622,-4.9222150000000005,-0.889332,0.182426,-1.737059,-1.214356,-0.785415,2
0.13029200000000002,0.077766,-0.045329,0.285383,-0.095795,0.190314,0.824183,0.289133,0.032902,-0.15293099999999998,0
-0.696746,-0.055704,-3.210528,0.628849,0.261718,1.768258,0.106925,0.614711,0.032902,1.6720830000000002,1
0.241386,0.23479,0.121822,1.037988,0.261718,0.854712,0.484429,0.32845,-0.403638,0.617006,0
-0.277055,-0.251983,-3.203415,1.957926,0.261718,1.228436,0.371178,1.895273,2.277968,1.02148,7
0.105604,-0.126364,0.388552,-0.425061,0.261718,-1.138481,0.182426,-0.818166,-0.466001,-1.003734,2
-0.128929,-0.28338800000000003,0.488131,0.833628,0.797987,0.107265,-1.403091,-0.011165,1.280161,1.141742,10
-0.06721,0.462474,0.10404,0.463129,0.261718,-0.05883500000000001,0.408929,1.022589,0.282354,-0.142575,2
0.241386,-0.11066199999999997,0.324537,-0.772226,0.261718,-0.10036,-0.119577,-2.168041,-0.746634,0.120685,2
0.809204,-0.16562000000000002,0.025799,0.7121270000000001,0.887365,-0.723232,-1.28984,-0.271195,1.591976,0.210917,4
0.056229,0.007106,0.406334,0.455401,0.261718,1.145386,0.673182,0.066847,0.4694430000000001,0.752892,0
-0.486901,-0.03215,0.196506,-0.633748,0.261718,0.688613,0.295677,-0.244693,0.40708,0.579635,9
0.105604,0.289748,0.171611,-0.220044,0.261718,-0.391033,0.257927,0.350408,0.126447,-0.365571,0
0.204355,-0.134216,0.043581,-0.6548729999999999,0.261718,-0.8062819999999999,-2.346852,-0.640185,0.531806,-2.475376,8
-0.252367,0.062064,0.171611,-0.420108,0.261718,-0.930856,0.031425,-0.219414,0.344717,-0.7549520000000001,8
-0.5979949999999999,-0.071406,0.352988,0.220844,0.261718,0.356414,0.144676,0.063546,0.718895,0.366103,8
0.47592,-0.4325600000000001,0.114709,-0.8709600000000001,0.976743,-1.30458,-1.138838,-1.660639,0.31353600000000004,-0.466015,4
-0.079554,-0.173471,0.367214,0.32450100000000004,0.261718,1.934358,0.52218,-1.09637,-0.154186,1.5297,2
-0.017834,-0.440412,0.26763400000000004,1.39515,0.261718,0.8962370000000001,0.408929,0.096494,-0.123005,0.700729,0
-0.153617,-0.087108,0.299642,0.689629,0.261718,0.647088,0.069175,-0.361321,-0.247731,0.682008,2
1.37702,-0.063555,0.349432,0.40572,0.17234000000000002,-0.391033,0.333428,-1.466058,-1.370264,-0.409946,0
-0.091897,-0.118513,0.189393,1.280303,0.261718,0.564038,0.597681,0.53633,0.251173,0.29737600000000003,0
0.17966700000000002,0.321153,0.242739,0.045844,0.17234000000000002,-0.266459,0.106925,0.045276,-0.185368,-0.185877,0
-2.215039,-0.29909,0.352988,0.054853999999999986,-1.704602,1.43606,0.52218,-1.105165,0.095265,1.097789,0
0.401857,-0.29909,0.328093,0.432395,-1.257711,-0.30798400000000004,0.144676,-0.814341,-1.214356,-0.24752800000000005,0
0.17966700000000002,-0.047852,0.274747,-0.605223,0.261718,-1.013906,0.333428,0.0518,0.282354,-0.966447,2
-0.06721,0.462474,0.10404,0.463129,0.261718,-0.515608,0.484429,1.016396,0.126447,-0.596487,2
0.117948,-0.220579,-3.210528,-1.623238,0.261718,-0.30798400000000004,-0.34608,-2.030076,-1.027268,0.035382,0
0.17966700000000002,-0.173471,0.121822,-1.139205,0.17234000000000002,0.107265,0.673182,-0.197067,-0.060642,-0.14787899999999998,0
0.377169,0.109171,0.317424,-1.658297,-0.9001979999999999,0.14879,0.6354310000000001,-1.447206,-0.154186,-0.092028,6
0.73514,-0.28338800000000003,0.089814,-1.848127,0.976743,-1.096956,-1.1010879999999998,-1.143316,0.344717,-0.28966,4
0.15498,-0.322644,0.17516800000000002,0.126526,0.17234000000000002,-0.681707,0.6354310000000001,-0.5846180000000001,-0.65309,-0.817241,0
0.216699,-2.08916,0.424116,-0.457525,0.08296100000000001,0.647088,0.55993,1.280251,0.718895,0.396108,0
0.364825,-0.149918,0.171611,0.04277,0.261718,-0.8062819999999999,-0.119577,0.275368,-0.466001,-0.555403,2
-0.128929,0.705861,0.413447,2.004055,0.6192300000000001,1.186911,-0.610333,1.192416,1.124254,1.638896,10
0.031541,0.203385,0.086258,0.045008,0.17234000000000002,-0.01731,0.484429,-0.226443,0.064084,-0.145095,2
0.056229,-0.09496,0.228514,-0.658066,0.17234000000000002,-0.01731,-0.270579,0.485676,0.126447,0.281271,2
0.241386,-0.126364,0.417003,0.096091,0.17234000000000002,0.024215,0.257927,0.982419,0.8748020000000001,0.004871,0
-3.498799,0.674456,0.210732,-1.548822,-4.9222150000000005,-1.30458,-11.935457,-3.795305,-2.55516,-6.719324,0
0.13029200000000002,-0.157769,0.577041,-0.670986,0.17234000000000002,-1.512204,0.673182,0.353554,0.375899,-1.556871,9
-0.22768,-0.11066199999999997,0.196506,1.060099,0.261718,0.314889,-0.006326,0.756152,1.217798,0.4109600000000001,7
0.043885,-0.157769,0.228514,-0.211361,0.261718,0.231839,0.371178,-0.349381,-0.497183,0.121372,2
-0.338774,-0.09496,0.527252,1.857252,-1.257711,-0.183409,-3.630366,2.673948,0.032902,-1.281966,7
-0.215336,-0.11066199999999997,0.68729,2.04189,0.708609,0.564038,-0.912336,1.331683,0.718895,1.2889959999999998,10
-3.498799,-0.11066199999999997,0.114709,0.500396,-4.9222150000000005,-0.8062819999999999,-0.950086,0.4607850000000001,1.529613,-0.08203400000000001,4
0.105604,-0.126364,0.388552,-0.425061,0.261718,-0.224934,0.257927,-0.557611,0.126447,-0.218149,2
0.907954,1.467426,0.37077,-1.242027,0.708609,-1.055431,-0.7613340000000001,1.051577,1.68552,-0.444328,4
0.09326,-0.26768600000000004,0.16805499999999998,-0.383884,0.261718,-0.183409,0.52218,-0.18202,0.064084,-0.32409,0
0.352481,-0.448263,0.196506,-0.5280020000000001,0.976743,-0.681707,-1.893847,-0.547574,0.687713,0.690483,4
0.229043,-0.354049,0.182281,0.210878,0.261718,0.14879,0.333428,-0.013513999999999998,0.126447,0.0776,0
-0.153617,-0.354049,0.37077,-0.513262,0.261718,-0.515608,-0.006326,-0.06273200000000001,0.157628,-0.34841700000000003,2
0.624046,-0.189174,0.139604,0.38731,0.976743,-1.5952540000000002,-1.440842,-0.465524,1.529613,-0.6021529999999999,4
0.488263,-0.49537,0.111153,0.334258,0.976743,-0.598658,-0.950086,0.5665020000000001,1.997335,0.136441,4
0.266074,-0.16562000000000002,0.32098000000000004,0.483299,0.17234000000000002,-1.636779,-2.837607,0.211977,-0.621908,-1.466446,0
-0.338774,-0.314793,0.449011,1.243006,0.797987,-0.349509,-1.28984,1.5979450000000002,2.465057,0.641334,7
-0.06721,0.462474,0.10404,0.463129,0.261718,0.107265,0.52218,0.687421,0.064084,-0.053765,2
0.241386,-0.322644,0.28186,0.274612,0.261718,-1.055431,-0.34608,0.681557,0.126447,-0.673736,2
0.266074,0.580242,0.114709,-0.165469,0.261718,0.107265,0.182426,0.021142,0.001721,0.110739,0
0.31545,-0.236281,0.37077,0.812174,0.261718,-0.30798400000000004,0.182426,1.109357,0.62535,-0.261041,0
-0.042522,0.007106,0.26407800000000003,-0.162546,0.17234000000000002,-0.14188399999999998,-0.006326,0.136567,0.937165,-0.004905,8
-0.178304,0.902141,-0.041773000000000005,0.5931029999999999,0.261718,-0.474083,0.484429,0.902311,-0.060642,-0.56289,2
0.401857,-0.26768600000000004,0.299642,-0.808002,0.261718,-0.391033,-0.044076,-1.093574,-0.497183,-0.211169,2
0.870923,-0.236281,0.025799,-1.94155,0.976743,-0.930856,-1.063338,0.35701,0.8748020000000001,-0.160827,4
-0.042522,-0.173471,0.644613,0.089437,-0.989576,-0.224934,-0.836835,-0.049801,0.4694430000000001,0.437312,10
-3.498799,-0.03215,-2.481465,-0.333876,-4.9222150000000005,0.564038,-0.044076,-0.218094,-0.123005,0.669784,0
-0.178304,-0.338346,0.45968,1.40246,0.797987,0.522513,-1.32759,0.41114,0.531806,1.538211,10
0.117948,0.124874,0.128935,0.3837,0.17234000000000002,0.231839,0.371178,-0.270613,-0.8089970000000001,0.135259,0
-0.00549,-0.259834,0.367214,-0.156667,0.261718,-0.30798400000000004,-0.044076,0.270417,-0.029461,-0.125903,2
0.266074,0.580242,0.114709,-0.165469,0.261718,-0.05883500000000001,0.446679,-0.5457489999999999,-0.278912,-0.181489,0
0.105604,0.556689,-0.031104000000000007,0.619301,0.17234000000000002,0.024215,0.144676,0.7435510000000001,-0.123005,0.0698,0
0.142636,0.06991499999999999,0.399221,0.5680390000000001,-1.168333,0.14879,0.597681,-0.918388,-0.621908,-0.059214,0
0.080916,-0.126364,0.360101,-0.587947,0.261718,0.107265,0.333428,0.665346,0.251173,0.032477,2
-0.017834,-0.330495,0.488131,-0.183313,0.17234000000000002,-0.847807,0.144676,0.580695,0.064084,-0.726224,2
-0.202992,-0.479668,-3.210528,-0.88764,0.261718,-0.266459,0.031425,0.201686,0.095265,-0.14083900000000002,3
0.192011,-0.259834,0.402778,-0.06592999999999999,0.261718,-0.391033,0.182426,-0.652378,0.095265,-0.324921,0
-0.22768,0.250492,0.207175,-0.481276,0.261718,-0.515608,0.408929,-1.516189,-0.43482,-0.55415,8
0.019197,-0.040001,0.288973,-0.042597,0.261718,-0.14188399999999998,0.371178,-1.180477,-0.777816,-0.209421,2
0.809204,-0.16562000000000002,0.025799,0.7121270000000001,0.887365,-0.6401819999999999,-1.516343,0.429449,1.498432,0.480531,4
0.019197,-0.016447999999999997,0.324537,-0.20781,0.261718,-0.224934,0.257927,0.255933,0.999528,-0.228348,6
0.056229,0.43107,-3.210528,-1.133148,0.261718,-0.30798400000000004,-0.006326,-0.491599,0.095265,-0.156391,0
0.624046,-0.071406,0.221401,-0.586246,0.887365,-0.723232,0.069175,-2.597414,-0.8401790000000001,-0.579936,4
0.006853,0.376111,0.125378,-1.299376,-1.078955,1.934358,0.220177,-0.065198,-0.684271,1.73078,5
-0.215336,0.250492,0.4739060000000001,1.1870889999999998,0.17234000000000002,1.35301,0.144676,-0.616945,0.4694430000000001,1.258508,7
0.4142,-0.471816,0.239183,1.018385,0.887365,-1.38763,-1.176589,-2.021009,-2.149801,-0.540805,4
-0.054866,0.179832,0.239183,-1.170087,0.261718,-0.474083,0.182426,1.484094,0.687713,-0.399554,8
-0.22768,0.109171,0.413447,0.118917,0.17234000000000002,-0.764757,0.333428,0.689246,0.687713,-0.74538,3
0.512951,-0.306942,0.061363,1.371548,0.976743,0.356414,-1.667344,-0.328781,1.747883,1.612893,4
-0.696746,-0.055704,-3.210528,0.628849,0.261718,-0.224934,-0.157328,0.76386,0.251173,0.020868,1
-3.498799,16.965662,0.384996,1.655159,-4.9222150000000005,-1.636779,-11.935457,2.714875,-3.864781,-6.719324,8
-0.017834,0.132725,0.125378,1.357345,0.261718,1.768258,0.069175,-0.8635010000000001,-1.463808,1.7438,0
0.019197,0.619498,0.032912000000000004,-0.18385,0.261718,-0.266459,0.446679,-0.344081,0.31353600000000004,-0.362172,5
-3.498799,-0.401156,0.352988,0.786513,-4.9222150000000005,0.8962370000000001,-0.5725819999999999,-0.938367,-1.058449,1.328332,0
0.056229,-0.291239,0.239183,0.767954,0.17234000000000002,0.979286,0.7864329999999999,0.119074,0.126447,0.539986,0
0.043885,0.572391,0.00446,-0.3331,0.261718,-0.01731,0.52218,-0.398813,0.4694430000000001,-0.177029,5
-0.16596,0.007106,-2.1720580000000003,-0.165858,0.261718,-0.432558,-0.459331,0.316121,0.7500760000000001,-0.001289,8
-0.289399,0.093469,0.402778,-0.087353,-1.436467,-0.584816,0.446679,1.242877,0.708501,-0.6439239999999999,8
-0.240024,-0.534626,0.075589,-0.617039,0.17234000000000002,2.100457,0.710932,-1.560553,-0.621908,1.575944,8
-0.301743,-0.314793,0.399221,0.77052,0.708609,0.688613,-1.2143389999999998,-0.455642,0.31353600000000004,1.603707,10
0.031541,0.117022,-0.17691600000000002,-0.620739,-1.168333,0.231839,-5.517887,-0.404579,-1.058449,-3.382922,0
-0.437525,0.423218,0.388552,0.6208520000000001,0.17234000000000002,-1.013906,0.220177,1.560202,0.375899,-0.91508,8
0.562327,-0.000745,-3.210528,-2.832246,0.261718,0.730137,0.446679,0.24325500000000005,0.282354,0.5077510000000001,0
0.09326,-0.212727,0.260522,-0.5272560000000001,0.261718,-0.474083,0.069175,-1.070275,-0.5283640000000001,-0.360906,2
0.080916,0.203385,0.310311,0.26951,0.261718,-0.224934,0.408929,-0.000175,-0.060642,-0.255616,6
0.204355,-0.275537,0.360101,-0.278884,0.261718,-0.681707,-0.119577,0.55495,0.531806,-0.418409,0
0.661077,-0.20487600000000006,-3.075385,0.471036,1.066121,-1.802878,-1.2143389999999998,-1.917136,-0.43482,-0.946447,4
0.241386,-0.4325600000000001,0.349432,-1.029281,0.261718,-0.847807,-0.119577,-0.246596,0.282354,-0.590641,2
-0.301743,0.352558,0.288973,1.638181,0.261718,1.934358,-0.308329,-0.7710060000000001,0.064084,2.126321,8
0.31545,-0.236281,0.37077,0.812174,0.261718,1.020811,1.2016870000000002,0.386696,0.438262,0.347477,0
0.006853,0.462474,-0.016878,0.649795,-1.347089,-0.515608,0.106925,1.179932,0.219991,-0.396504,2
0.4142,-0.471816,0.239183,1.018385,0.887365,-1.013906,-1.32759,-0.274515,-0.5283640000000001,-0.06654299999999999,4
0.303106,0.022808,0.146717,-1.815842,0.261718,-0.266459,0.55993,-1.896381,-0.8401790000000001,-0.407077,0
0.4142,-0.16562000000000002,0.05425,-0.8919959999999999,0.976743,-1.22153,-0.912336,-2.373263,-0.684271,-0.526616,4
0.352481,-0.259834,0.463236,-1.127687,-1.078955,-0.391033,0.182426,1.200998,-0.029461,-0.31753200000000004,2
-0.104241,-1.037102,0.388552,-1.099311,0.17234000000000002,-0.598658,0.6354310000000001,-0.704936,1.46725,-0.7373149999999999,7
-0.26471100000000003,-0.055704,-3.210528,0.413627,0.08296100000000001,0.605563,-0.195078,1.17601,2.433876,0.821787,7
0.266074,0.415367,0.089814,-0.68501,0.261718,-1.138481,0.446679,-0.124026,0.375899,-1.131566,5
-3.498799,0.250492,0.23207,1.224178,-4.9222150000000005,1.519109,0.484429,0.59512,0.251173,1.20684,1
-0.153617,-0.354049,0.37077,-0.513262,0.261718,-1.138481,-0.044076,-1.007039,-0.65309,-0.8977209999999999,2
-0.190648,-0.063555,0.441898,1.289493,0.261718,0.06573999999999999,0.748682,0.439428,0.282354,-0.204948,8
0.13029200000000002,-0.071406,0.214288,0.915742,0.261718,0.439463,0.597681,0.489675,0.032902,0.180707,0
0.080916,0.486028,0.14315999999999998,0.006427,0.261718,-0.723232,0.484429,-0.964344,-1.183175,-0.775229,5
0.204355,-0.275537,0.360101,-0.278884,0.261718,-0.05883500000000001,0.295677,0.3414,0.219991,-0.099719,0
0.117948,0.289748,0.392108,-1.747095,0.261718,-0.14188399999999998,0.55993,-2.65001,-3.178789,-0.297086,0
0.142636,-0.291239,-3.210528,-2.167812,0.351096,-0.30798400000000004,0.484429,-0.901555,-0.497183,-0.420711,2
-3.498799,0.062064,0.338762,0.963304,-4.9222150000000005,-0.557133,0.220177,1.013386,-1.650897,-0.500167,0
0.229043,-0.000745,0.171611,-0.002793,0.261718,1.26996,0.182426,-1.52013,-1.058449,1.165768,0
-0.178304,-0.189174,0.26407800000000003,-0.6404920000000001,0.17234000000000002,1.020811,0.182426,-1.6674349999999998,-1.993893,0.942495,0
0.167323,0.313302,0.16805499999999998,-0.383198,0.261718,0.314889,0.7864329999999999,0.940656,0.18881,-0.024977000000000003,0
-0.202992,-0.016447999999999997,0.594823,-1.5818219999999998,-0.363929,-0.557133,0.371178,0.377299,1.217798,-0.564662,8
-0.252367,0.093469,0.239183,-0.021441,0.17234000000000002,0.688613,-0.081827,-0.8602780000000001,-0.403638,0.8086949999999999,0
0.068573,-1.16272,-3.210528,-0.829367,0.261718,2.391131,0.673182,-1.074139,-0.777816,1.849005,0
-0.104241,-0.055704,0.299642,0.391249,0.17234000000000002,0.273364,0.295677,-0.8543370000000001,-0.372457,0.207059,0
0.142636,-0.291239,-3.210528,-2.167812,0.351096,-0.847807,0.069175,-0.259566,-0.091823,-0.681789,2
-0.178304,-0.189174,0.26407800000000003,-0.6404920000000001,0.17234000000000002,0.937762,-0.006326,-0.282573,-0.5283640000000001,0.988172,0
-0.363462,-0.189174,0.641057,0.681245,0.17234000000000002,0.564038,0.106925,0.291425,0.7500760000000001,0.582095,9
-0.042522,0.007106,0.26407800000000003,-0.162546,0.17234000000000002,-0.930856,0.144676,0.411664,1.124254,-0.8022199999999999,8
0.068573,-0.181323,-3.210528,-0.294311,-1.168333,0.231839,-0.081827,0.527866,0.032902,0.385222,2
-0.116585,-0.581733,0.569929,1.083313,0.08296100000000001,2.64028,-0.044076,-1.026008,-1.339082,2.601185,3
-0.06721,-0.149918,0.32098000000000004,0.118589,0.261718,0.688613,-0.006326,-0.5676100000000001,0.18881,0.753193,0
-0.00549,-0.071406,0.352988,-0.20667600000000005,0.261718,-1.180006,-0.006326,1.3994030000000002,1.716702,-0.965121,6
-3.498799,0.611647,0.064919,0.4551020000000001,-4.9222150000000005,-0.30798400000000004,0.55993,1.042607,-1.775623,-0.466593,0
-0.338774,-0.314793,0.449011,1.243006,0.797987,-0.01731,-1.176589,1.256293,2.558602,0.866439,7
0.056229,-0.09496,0.228514,-0.658066,0.17234000000000002,0.439463,0.295677,-0.88812,-0.559546,0.350492,2
-0.301743,-0.314793,0.399221,0.77052,0.708609,1.394535,-1.742845,-0.513461,0.562987,2.801023,10
0.09326,-0.055704,0.068476,0.305076,0.261718,0.273364,0.861934,0.568366,0.18881,-0.075923,0
0.883267,-0.314793,0.086258,-1.3378370000000002,0.976743,-0.930856,-1.1010879999999998,1.001388,1.966154,-0.095151,4
-3.498799,3.846334,0.185837,-1.070696,-4.9222150000000005,-0.224934,0.295677,-1.129298,-1.120812,-0.256918,0
0.364825,0.36826,0.19295,-0.4204060000000001,0.261718,-0.05883500000000001,0.371178,-0.398094,0.251173,-0.148181,6
0.068573,-0.016447999999999997,0.274747,-0.03633,0.261718,-0.847807,0.484429,0.40118,0.7500760000000001,-0.888993,6
0.216699,0.2976,0.249852,-0.041313,0.261718,-0.8062819999999999,-0.044076,0.760889,0.531806,-0.594197,0
-0.672058,-0.613138,0.360101,0.373406,0.17234000000000002,-0.14188399999999998,0.069175,0.987215,0.594169,-0.058359,8
0.15498,-0.3619,0.40989,-0.171945,0.261718,-0.598658,0.144676,-0.219453,-0.278912,-0.50007,2
0.229043,-0.22843,0.324537,-0.8691409999999999,0.261718,-1.346105,-0.38383,-1.19364,-0.278912,-0.929269,2
0.13029200000000002,-0.314793,0.417003,1.051058,0.08296100000000001,0.14879,0.069175,1.000184,0.438262,0.216885,0
0.377169,0.164129,0.139604,-0.241825,0.17234000000000002,0.688613,0.333428,-2.30591,-1.619716,0.5532229999999999,0
0.15498,-0.330495,0.299642,-0.333637,0.08296100000000001,-0.474083,0.144676,-0.938813,-0.964905,-0.395902,2
0.17966700000000002,-0.291239,0.228514,1.550427,0.17234000000000002,0.06573999999999999,0.333428,1.7950700000000002,0.438262,-0.000469,0
-0.153617,9.65621,0.05425,0.56598,-1.078955,1.0623360000000002,0.257927,0.487248,0.251173,0.930693,2
-0.153617,9.65621,0.05425,0.56598,-1.078955,0.024215,-0.006326,-1.12788,-1.93153,0.181961,2
-0.22768,0.046362,0.214288,0.746888,0.261718,-0.972381,0.446679,1.518109,0.718895,-0.985808,8
0.401857,-0.29909,0.328093,0.432395,-1.257711,-0.681707,-2.875357,1.592471,0.157628,-2.197734,0
0.229043,0.014957,0.395665,-1.399572,0.08296100000000001,-1.636779,-0.081827,-0.920951,0.905984,-1.347293,6
0.142636,0.43107,0.032912000000000004,-0.486796,0.261718,-0.598658,0.069175,0.23135300000000006,0.126447,-0.447871,5
-0.116585,0.28189699999999995,0.17516800000000002,-0.15249,0.261718,0.231839,0.408929,-0.913438,-0.278912,0.109943,8
-0.054866,-0.330495,-3.210528,-0.267456,0.261718,-0.266459,0.182426,1.24641,0.344717,-0.218029,2
-0.054866,-0.220579,0.466793,-0.21697,0.17234000000000002,-0.30798400000000004,1.6546919999999998,-3.188923,-2.742249,-0.959648,3
0.13029200000000002,-0.212727,0.324537,0.386474,0.261718,0.439463,0.144676,-0.650786,-0.154186,0.445257,2
0.340137,0.399665,0.207175,-0.724993,0.261718,-0.847807,0.144676,0.427061,0.282354,-0.7285149999999999,0
0.056229,0.43107,-3.210528,-1.133148,0.261718,-0.14188399999999998,-0.157328,-0.71839,-0.247731,0.07829900000000001,0
2.105308,-0.07925700000000001,0.239183,-1.152363,-0.989576,-1.30458,-0.157328,-1.283146,-1.775623,-0.997103,0
-3.054421,-0.354049,0.26407800000000003,-1.957305,-1.078955,-3.131673,0.673182,-1.1072620000000002,-2.180982,-2.970661,0
-0.26471100000000003,-0.275537,0.384996,1.343918,0.261718,2.515706,0.144676,-1.95189,-1.869167,2.3220240000000003,0
0.167323,0.226939,0.239183,-0.094813,0.17234000000000002,-0.391033,0.106925,0.41912,-0.559546,-0.290624,0
-0.128929,0.289748,0.235627,1.057473,0.17234000000000002,-0.474083,0.220177,1.347371,0.40708,-0.441313,8
0.080916,0.062064,0.203619,0.577021,0.261718,0.024215,0.144676,1.1250639999999998,0.781258,0.067811,6
-0.26471100000000003,-0.126364,0.235627,0.176773,0.261718,0.314889,-0.195078,0.009358,-1.557353,0.54435,0
0.019197,0.093469,0.4739060000000001,1.897295,0.17234000000000002,0.854712,0.52218,0.315849,1.03071,0.590811,7
-0.00549,0.360409,0.28186,-0.213479,-1.168333,-0.598658,0.069175,0.8849540000000001,0.594169,-0.47326,8
-0.091897,0.43107,0.047137,-0.048505,0.261718,-0.266459,0.333428,0.58848,0.905984,-0.297785,5
0.438888,-0.047852,0.388552,0.873551,-1.078955,0.06573999999999999,0.446679,1.444098,-0.123005,-0.061975,0
-0.116585,-0.07925700000000001,0.381439,1.540879,0.17234000000000002,2.183507,-0.308329,0.282066,1.24898,2.361167,7
-0.116585,-0.581733,0.569929,1.083313,0.08296100000000001,0.564038,0.069175,0.217879,-0.310094,0.60547,3
0.15498,0.23479,0.210732,0.643738,0.17234000000000002,2.349606,1.012935,-1.470757,-0.87136,1.584829,0
0.290762,0.109171,-0.112901,0.221262,0.261718,-0.05883500000000001,-0.006326,0.348603,-0.43482,0.074429,0
0.229043,-0.369751,0.484575,0.25017399999999995,0.261718,-0.10036,0.597681,0.484103,0.31353600000000004,-0.292337,0
4.462983,-0.181323,0.306755,-2.963951,0.261718,-0.30798400000000004,0.106925,-0.186563,-0.5283640000000001,-0.2205,2
0.019197,0.093469,0.4739060000000001,1.897295,0.17234000000000002,1.768258,0.446679,0.430225,1.217798,1.44834,7
0.216699,-0.424709,0.306755,-0.043283,0.261718,-0.10036,0.484429,0.285464,0.032902,-0.232519,0
-3.498799,-0.087108,0.438342,-1.227108,-4.9222150000000005,-1.055431,0.408929,-0.004311,0.282354,-1.036596,9
0.068573,-1.16272,-3.210528,-0.829367,0.261718,1.43606,1.050686,-1.522208,-1.027268,0.791854,0
0.080916,0.588093,0.01513,0.00225,0.261718,-0.391033,0.673182,0.629718,0.157628,-0.575825,2
0.019197,-0.087108,0.292529,0.240776,0.17234000000000002,-0.515608,0.371178,-0.4183060000000001,-0.029461,-0.5438310000000001,0
-0.00549,-0.20487600000000006,0.32098000000000004,-0.694588,0.261718,-0.01731,0.144676,0.027122000000000004,0.095265,0.013527,2
0.13029200000000002,-0.275537,0.274747,-0.574878,0.261718,-0.01731,0.220177,-0.801779,-0.746634,-0.008064,0
-0.215336,0.250492,0.4739060000000001,1.1870889999999998,0.17234000000000002,1.26996,0.257927,0.196891,2.059698,1.126854,7
-0.412837,-0.7073520000000001,0.356544,1.604166,-0.989576,1.186911,1.2016870000000002,-0.161828,0.126447,0.48604,8
0.080916,0.062064,0.203619,0.577021,0.261718,0.314889,0.106925,0.47457,0.500624,0.34221,6
0.327793,0.50173,0.050694,-1.018301,0.261718,1.0623360000000002,0.52218,-1.81606,-0.8089970000000001,0.7686,5
0.710453,-0.28338800000000003,0.128935,0.601905,0.976743,-0.391033,-1.25209,0.6198359999999999,1.124254,0.511536,4
-0.22768,-0.997846,0.356544,-0.026932,0.261718,-0.6401819999999999,-2.950858,-0.396036,-0.933723,1.966783,3
-0.301743,0.171981,0.285416,0.684706,0.17234000000000002,1.35301,0.182426,1.323858,1.747883,1.233542,7
0.512951,-0.071406,-3.210528,0.755482,0.976743,1.35301,1.050686,0.008367,0.251173,0.71,4
-0.116585,-0.338346,0.584154,1.143884,0.797987,0.564038,-1.403091,0.535263,0.438262,1.617558,10
0.389513,0.556689,0.431229,-1.955514,0.08296100000000001,-0.05883500000000001,-0.006326,0.279193,-0.590727,0.054538,0
0.167323,-0.322644,0.306755,-0.5435479999999999,0.261718,-0.557133,-0.006326,0.521614,-0.091823,-0.395926,2
0.105604,0.10132,0.246296,0.08707999999999999,0.261718,-1.013906,-0.308329,-2.564543,-2.835793,-0.65012,0
0.080916,-0.244132,0.214288,-0.37914,0.261718,0.439463,1.805694,0.507013,0.31353600000000004,-0.426811,2
0.117948,0.289748,0.392108,-1.747095,0.261718,0.356414,0.597681,1.257691,0.032902,0.113223,0
-0.301743,0.195534,0.381439,0.351116,0.08296100000000001,1.186911,0.824183,-0.53342,0.62535,0.699608,8
0.09326,-0.26768600000000004,0.16805499999999998,-0.383884,0.261718,-0.723232,0.257927,0.100008,0.126447,-0.674471,0
0.13029200000000002,-0.126364,0.271191,0.816262,0.261718,1.020811,0.748682,0.15406,0.157628,0.598008,0
0.080916,0.077766,0.050694,0.857319,-1.257711,0.273364,0.52218,1.990816,0.40708,0.08290399999999999,0
0.438888,0.289748,0.14315999999999998,-0.282494,0.261718,-0.30798400000000004,0.371178,-0.349206,0.18881,-0.355553,0
-0.672058,0.06991499999999999,0.395665,1.103662,0.261718,0.979286,0.106925,0.728543,1.155435,0.979914,8
0.167323,0.171981,0.047137,0.268047,0.17234000000000002,-0.474083,0.031425,0.6050810000000001,-0.060642,-0.336084,2
0.562327,0.046362,0.210732,-1.052078,0.976743,-1.346105,-1.667344,-1.1902620000000002,-0.403638,-0.191905,4
-0.314087,0.360409,0.395665,0.599727,-1.347089,-1.429155,0.182426,-1.347372,-2.2121630000000003,-1.264546,3
0.377169,0.014957,0.381439,0.29275300000000004,0.261718,-0.681707,-0.044076,0.268806,0.344717,-0.484146,6
-0.00549,0.360409,0.28186,-0.213479,-1.168333,-0.474083,-0.685833,-1.528071,-1.027268,0.064954,8
0.142636,-0.448263,0.438342,0.978909,0.261718,-0.557133,0.295677,0.519691,0.31353600000000004,-0.542926,2
1.142487,0.062064,0.125378,1.0598299999999998,0.261718,0.730137,0.710932,0.624185,-0.590727,0.381907,0
0.229043,0.242641,0.089814,0.12023,0.261718,0.480988,0.6354310000000001,-0.094049,-0.185368,0.194679,0
-0.017834,-0.149918,-2.975805,-1.078156,0.08296100000000001,-0.05883500000000001,-0.912336,-1.17541,-0.8089970000000001,0.629351,2
0.080916,0.164129,0.19295,0.8190069999999999,0.261718,0.397939,0.182426,0.6441640000000001,0.064084,0.386283,0
8.314263,-0.087108,0.527252,0.6596420000000001,-3.134652,0.273364,-0.195078,0.892817,0.18881,0.507618,8
0.377169,-0.07925700000000001,0.153829,-1.1029520000000002,0.261718,1.726734,0.144676,-0.347517,-0.497183,1.5976549999999998,0
0.043885,-0.07925700000000001,0.061363,0.5650850000000001,0.261718,0.024215,0.484429,-0.737553,-0.933723,-0.131762,0
-0.079554,0.313302,0.139604,0.295528,0.261718,1.685209,0.069175,-0.057431,-0.060642,1.640897,0
-0.26471100000000003,-0.09496,0.01513,-0.597346,0.261718,-0.10036,0.7864329999999999,0.061566,0.251173,-0.37571,8
0.229043,-0.000745,0.171611,-0.002793,0.261718,-0.10036,-0.232828,-0.598384,-0.497183,0.17093,0
0.080916,-0.142067,0.171611,-0.470713,0.261718,1.228436,0.484429,-1.836252,-1.370264,0.936528,2
0.327793,0.336855,-0.020434,1.086893,0.261718,-0.30798400000000004,0.220177,0.449873,-0.5283640000000001,-0.276773,0
-0.474557,0.446772,-3.210528,-0.7161609999999999,0.351096,-1.429155,-5.555637,-2.10733,-3.771237,-1.541778,0
-0.06721,-0.4325600000000001,-3.210528,-0.875108,0.17234000000000002,-0.6401819999999999,0.144676,-0.83034,-0.5283640000000001,-0.5394180000000001,0
0.624046,-0.071406,0.221401,-0.586246,0.887365,-1.2630549999999998,-0.534832,-0.465311,0.781258,-0.74532,4
0.142636,-1.916434,-0.023991,-0.504341,0.261718,0.480988,0.333428,0.8937879999999999,0.531806,0.373456,0
0.698109,-0.369751,0.185837,-0.92264,0.976743,-1.470679,0.144676,0.13579000000000002,1.872609,-1.294516,4
-0.202992,0.203385,0.33165,-1.115215,0.08296100000000001,-1.138481,0.257927,0.395976,-0.091823,-1.046156,3
-0.116585,0.423218,0.086258,1.919136,0.261718,2.432656,0.144676,1.397074,1.529613,2.313742,5
0.562327,-0.29909,0.068476,-0.58926,0.976743,-0.266459,-0.42158,-1.13918,0.40708,0.145759,4
-0.091897,-0.189174,0.345875,0.235912,0.261718,-0.557133,0.257927,-0.384115,0.18881,-0.522914,0
-0.017834,-0.149918,-2.975805,-1.078156,0.08296100000000001,-0.474083,-2.950858,-0.346352,-0.278912,-1.972616,2
0.019197,0.619498,0.032912000000000004,-0.18385,0.261718,-0.432558,0.371178,-0.284611,0.375899,-0.469028,5
-0.06721,0.336855,0.221401,-0.311258,0.261718,-0.764757,0.710932,0.5724819999999999,-0.091823,-0.923881,5
-0.054866,-0.024299,0.07914500000000001,0.136282,0.261718,0.564038,0.371178,-0.239063,-0.154186,0.428681,2
0.031541,0.203385,0.086258,0.045008,0.17234000000000002,-0.723232,-2.762106,0.8807790000000001,0.126447,-2.067394,2
0.7721720000000001,0.030659,0.075589,0.371824,0.976743,-0.391033,-1.554093,0.559843,1.217798,0.7490220000000001,4
0.13029200000000002,-0.157769,0.577041,-0.670986,0.17234000000000002,-0.847807,0.55993,0.543903,0.594169,-0.921795,9
0.09326,0.34470700000000004,0.14315999999999998,-0.026574,0.261718,1.602159,0.748682,-0.792305,-0.185368,1.1021530000000002,5
0.068573,-0.20487600000000006,0.424116,1.412158,0.261718,0.273364,0.031425,1.767578,0.8748020000000001,0.346791,0
-0.26471100000000003,-0.448263,0.431229,-1.121421,0.261718,-0.723232,0.220177,0.810651,-0.029461,-0.660042,2
0.15498,-0.377602,0.349432,0.70613,-0.006417,-0.8062819999999999,-2.988609,-1.246218,-1.2455379999999998,-2.331233,0
-0.042522,0.187683,0.224957,0.290963,0.261718,-0.349509,0.182426,0.849773,0.001721,-0.290588,0
-0.153617,-0.354049,0.37077,-0.513262,0.261718,-1.096956,-0.119577,-1.765579,-1.307901,-0.830441,2
-0.351118,-0.244132,0.594823,1.592678,0.797987,2.058932,-0.8745850000000001,0.5172260000000001,0.905984,2.691755,7
-0.017834,-0.275537,0.388552,0.949727,0.261718,0.854712,0.333428,-0.704489,-1.120812,0.699439,2
0.401857,-0.29909,0.328093,0.432395,-1.257711,-0.05883500000000001,0.295677,1.6820529999999998,0.31353600000000004,-0.092052,0
-0.314087,-0.157769,0.043581,1.051505,0.17234000000000002,0.024215,0.220177,0.398656,-0.029461,0.02223,8
-0.116585,0.28189699999999995,0.335206,-0.518215,0.08296100000000001,-2.052027,0.106925,-2.021106,-0.746634,-1.832379,3
-0.252367,-0.149918,0.313868,-0.243616,0.261718,0.771662,0.446679,-1.665454,-1.7132599999999998,0.574693,0
-0.079554,0.313302,0.139604,0.295528,0.261718,0.314889,-2.686605,0.085194,-0.185368,-1.664524,0
0.068573,0.533135,0.488131,0.25566500000000003,-0.6320640000000001,0.06573999999999999,0.446679,-0.022057,-0.029461,-0.067207,0
0.7721720000000001,0.030659,0.075589,0.371824,0.976743,-1.138481,-1.025587,1.191425,1.591976,-0.368705,4
0.068573,-0.26768600000000004,0.33165,-0.197963,-2.062114,0.190314,0.748682,-0.28364,-0.216549,-0.121383,0
-0.240024,-0.29909,0.694403,0.955725,0.6192300000000001,-2.342701,-0.950086,0.5205850000000001,0.8748020000000001,-1.5871540000000002,10
-0.240024,-0.29909,0.694403,0.955725,0.6192300000000001,-0.598658,-1.742845,1.332576,1.46725,0.646361,10
0.142636,-0.330495,0.299642,0.418282,0.17234000000000002,2.058932,0.220177,-1.238315,-0.5283640000000001,1.859203,0
0.624046,-0.071406,0.221401,-0.586246,0.887365,-1.512204,-0.987837,-0.214328,0.438262,-0.775048,4
0.117948,0.242641,0.082701,-0.424583,-0.9001979999999999,-0.391033,0.106925,-0.488201,0.282354,-0.28444,5
0.117948,-0.291239,0.306755,0.255993,0.17234000000000002,0.14879,0.182426,-0.05972300000000001,-0.154186,0.153897,0
0.17966700000000002,2.660806,0.096927,-1.474226,-0.006417,-0.474083,0.408929,0.184407,0.40708,-0.522662,5
0.043885,-0.07925700000000001,0.061363,0.5650850000000001,0.261718,2.515706,0.144676,-0.815137,-0.621908,2.347978,0
0.624046,-2.426761,0.178724,0.7113520000000001,1.066121,-1.553729,-1.629594,-0.490958,0.375899,-0.421229,4
-0.338774,-0.26768600000000004,0.441898,0.616019,0.440474,-0.764757,-3.894619,1.762705,2.52742,-2.002019,10
0.056229,0.054213,0.392108,-0.028960000000000007,0.261718,-1.346105,0.069175,0.6157779999999999,0.843621,-1.140427,6
0.241386,0.23479,0.121822,1.037988,0.261718,1.020811,0.371178,-0.673871,-1.058449,0.829334,0
-0.116585,0.06991499999999999,0.068476,-0.783147,0.261718,0.231839,0.069175,-0.169419,-0.123005,0.293049,0
0.043885,0.187683,0.303198,-0.717056,-1.79398,0.06573999999999999,0.597681,1.755618,0.781258,-0.143998,0
-0.030178,0.014957,0.26407800000000003,0.374062,0.261718,-0.183409,0.333428,0.625408,0.905984,-0.189229,0
0.192011,-0.03215,0.452567,-0.877078,0.261718,0.480988,0.408929,0.557435,-0.185368,0.323524,0
0.438888,-0.047852,0.388552,0.873551,-1.078955,-0.723232,-0.044076,0.212423,-0.933723,-0.5198649999999999,0
-2.807544,0.462474,-3.210528,-2.333503,-3.849677,-1.138481,0.333428,0.618186,-3.147608,-1.0781379999999998,0
0.488263,-0.49537,0.111153,0.334258,0.976743,-0.723232,-1.28984,0.337905,1.217798,0.209097,4
-0.314087,-0.157769,0.043581,1.051505,0.17234000000000002,0.564038,0.6354310000000001,0.646357,0.4694430000000001,0.26527399999999995,8
-0.06721,-0.197025,0.299642,-1.66337,0.261718,-0.05883500000000001,-2.988609,-1.2023780000000002,-0.996086,-1.7930549999999998,2
0.068573,-0.087108,0.470349,-0.099617,0.17234000000000002,-0.349509,0.371178,0.620147,0.687713,-0.394238,0
-0.240024,-0.29909,0.694403,0.955725,0.6192300000000001,0.937762,-0.799085,0.589781,0.7500760000000001,1.546059,10
-0.560964,0.329004,0.296086,0.755571,0.261718,0.480988,0.55993,0.584655,0.905984,0.243828,8
0.13029200000000002,0.062064,0.5059130000000001,0.417148,-1.168333,0.813187,0.6354310000000001,-0.450769,0.4694430000000001,0.478505,8
0.019197,0.077766,0.349432,-0.356523,0.261718,-0.889332,-2.762106,-0.441332,-0.466001,-2.247594,6
-0.00549,-0.071406,0.352988,-0.20667600000000005,0.261718,1.186911,0.748682,-1.291184,0.18881,0.7462979999999999,6
0.167323,0.313302,0.16805499999999998,-0.383198,0.261718,-0.05883500000000001,0.55993,0.986787,-0.060642,-0.231663,0
0.303106,-0.354049,0.306755,-0.918463,0.17234000000000002,-0.598658,0.031425,0.071351,0.064084,-0.442362,2
-3.498799,0.203385,0.95402,-2.2225650000000003,-4.9222150000000005,-1.885928,-2.799857,-1.480406,-2.087438,-3.150969,0
0.204355,-0.354049,0.32098000000000004,0.410166,-0.989576,-2.508801,0.333428,-1.405346,0.032902,-2.304036,0
0.080916,0.077766,0.050694,0.857319,-1.257711,0.356414,0.106925,0.783391,0.219991,0.401967,0
0.204355,-0.126364,0.335206,0.483538,-1.257711,0.647088,0.220177,0.462455,0.126447,0.5860850000000001,2
0.080916,0.438921,0.14315999999999998,-0.523288,0.261718,0.522513,0.446679,-1.492424,-0.87136,0.33734000000000003,5
-3.498799,0.148427,-3.210528,-0.293087,-4.9222150000000005,0.564038,-0.912336,-0.10698,-0.65309,1.257965,4
0.463576,0.109171,0.224957,-1.411178,0.261718,-0.6401819999999999,0.106925,0.383279,0.032902,-0.520588,0
-0.22768,0.289748,0.132491,-0.234783,0.261718,-1.346105,-0.006326,0.13953800000000002,0.594169,-1.088542,8
-0.425181,-0.071406,0.424116,1.863279,0.17234000000000002,0.688613,1.805694,0.821427,2.122061,-0.228095,7
0.056229,-0.016447999999999997,0.345875,-0.053786,0.17234000000000002,0.480988,-2.1581,-0.98308,-0.8089970000000001,-1.863735,0
-0.042522,0.10132,0.288973,0.7221529999999999,0.261718,0.647088,-0.119577,-0.224521,-0.216549,0.830105,0
0.883267,-0.314793,0.086258,-1.3378370000000002,0.976743,-1.470679,-4.00787,-2.445119,-1.401445,-2.014472,4
-0.079554,0.250492,0.388552,-0.002584,0.08296100000000001,-0.224934,0.069175,-0.444827,0.344717,-0.123263,8
-0.449869,-0.291239,0.434785,-0.068824,0.261718,0.107265,0.597681,-0.390697,0.500624,-0.110786,8
0.117948,-0.189174,0.029355000000000006,0.763359,0.887365,0.397939,-1.554093,0.041839,-0.185368,1.611507,4
-3.498799,0.454623,0.128935,-5.440122,-0.006417,-0.14188399999999998,0.484429,0.02623,0.438262,-0.272337,0
-3.498799,-0.087108,0.438342,-1.227108,-4.9222150000000005,1.186911,-0.308329,-3.285942,-4.488411,1.421807,9
0.09326,-0.212727,0.260522,-0.5272560000000001,0.261718,-0.183409,0.182426,-0.4848810000000001,-0.091823,-0.14876,2
0.426544,-0.055704,-0.08445,0.139087,0.976743,-0.432558,-1.440842,0.356582,0.968347,0.616223,4
9.943651,-0.220579,-0.048886,-0.675372,-3.045274,-1.2630549999999998,-1.025587,4.510897,-2.586341,-0.499588,4
0.068573,-0.26768600000000004,0.33165,-0.197963,-2.062114,0.314889,0.257927,-0.672958,-0.091823,0.266274,0
0.13029200000000002,-1.6494939999999998,-3.210528,-2.636061,-2.419627,0.937762,0.975185,0.802516,-0.559546,0.400219,0
0.377169,-0.07925700000000001,0.153829,-1.1029520000000002,0.261718,0.024215,0.55993,0.364485,-0.060642,-0.174522,0
-0.22768,-0.11066199999999997,0.196506,1.060099,0.261718,0.730137,-0.081827,0.956577,1.716702,0.867042,7
-0.141273,0.7294149999999999,0.07914500000000001,0.15170899999999998,0.261718,-0.10036,0.069175,-0.403356,0.157628,-0.011693,2
0.426544,-0.055704,-0.08445,0.139087,0.976743,-0.972381,-1.176589,0.346506,1.654339,-0.11785,4
0.364825,0.36826,0.19295,-0.4204060000000001,0.261718,-1.013906,0.106925,0.261389,0.594169,-0.830248,6
-0.079554,0.187683,-0.070224,0.211236,0.261718,1.020811,0.069175,-0.544816,0.594169,1.019165,0
-0.128929,0.211237,0.075589,0.526356,0.261718,2.183507,0.295677,-0.670667,-0.278912,1.912873,0
0.043885,0.007106,1.348781,-1.249397,-0.185173,1.103861,0.182426,0.736581,0.937165,1.024373,8
-0.240024,0.117022,0.235627,0.902912,0.17234000000000002,-0.474083,0.144676,1.49718,0.999528,-0.380267,8
-0.26471100000000003,-0.09496,0.01513,-0.597346,0.261718,-0.432558,0.144676,-0.364913,0.8748020000000001,-0.345909,8
-0.042522,-0.173471,0.644613,0.089437,-0.989576,-0.598658,-0.987837,0.81067,1.155435,0.122276,10
0.15498,0.595945,0.036468,-0.126143,0.261718,0.14879,-0.044076,-0.7037899999999999,-0.372457,0.285743,0
-0.178304,0.902141,-0.041773000000000005,0.5931029999999999,0.261718,-0.10036,0.408929,0.952985,0.18881,-0.198162,2
0.117948,-0.291239,0.306755,0.255993,0.17234000000000002,-0.30798400000000004,0.408929,-0.208056,-0.65309,-0.375336,0
-0.190648,-0.691649,0.28186,-0.194472,0.17234000000000002,-0.432558,0.295677,0.976361,0.687713,-0.414249,8
-0.277055,0.038511,0.42056,3.987152,0.17234000000000002,1.35301,0.106925,1.877605,2.277968,1.327512,7
-0.190648,-0.691649,0.28186,-0.194472,0.17234000000000002,-1.055431,1.126187,-1.399269,-0.247731,-1.335069,8
0.389513,0.462474,0.136047,0.011679,-0.9001979999999999,-0.10036,0.257927,1.119783,0.032902,-0.094235,2
-3.498799,-0.236281,0.256965,-0.3018,-4.9222150000000005,-0.474083,0.861934,-0.390464,-0.559546,-0.7416550000000001,0
-0.153617,-0.840822,0.139604,-0.971903,0.17234000000000002,-0.598658,0.6354310000000001,-1.601364,0.562987,-0.723826,7
0.229043,-0.354049,0.182281,0.210878,0.261718,0.813187,0.597681,0.070186,0.157628,0.504605,0
-0.00549,0.30545100000000003,0.018686,-0.04009,0.261718,-0.557133,0.069175,0.032151,-0.87136,-0.424991,0
0.4142,-0.16562000000000002,0.05425,-0.8919959999999999,0.976743,-1.055431,-1.1010879999999998,-0.071352,1.68552,-0.236642,4
0.019197,0.093469,0.4739060000000001,1.897295,0.17234000000000002,0.647088,0.144676,0.964673,1.966154,0.654173,7
0.105604,-0.377602,0.260522,0.107578,0.261718,-0.598658,0.144676,0.389647,-0.310094,-0.502505,2
0.117948,-0.16562000000000002,0.562816,0.567204,0.6192300000000001,-0.432558,-1.591843,-0.239936,-1.682078,0.747347,10
0.117948,0.171981,0.217845,1.738109,0.261718,-0.01731,-0.081827,1.460193,0.531806,0.152245,0
-3.498799,0.062064,0.338762,0.963304,-4.9222150000000005,-0.723232,0.55993,1.267961,-1.806804,-0.817952,0
0.364825,-0.047852,-0.038216,0.327813,0.261718,0.06573999999999999,0.220177,-0.944269,-1.089631,0.064195,0
-0.215336,0.250492,0.4739060000000001,1.1870889999999998,0.17234000000000002,0.273364,0.748682,0.928988,2.620965,-0.041336000000000005,7
1.37702,-0.063555,0.349432,0.40572,0.17234000000000002,-0.30798400000000004,0.408929,0.385473,-0.216549,-0.376409,0
-0.079554,0.187683,-0.070224,0.211236,0.261718,-1.180006,0.144676,-2.991022,-3.20997,-1.028857,0
0.327793,0.336855,-0.020434,1.086893,0.261718,0.439463,0.257927,0.483423,0.251173,0.394553,0
-0.104241,-0.456114,0.484575,0.143802,0.261718,-0.681707,-0.006326,0.496393,-0.310094,-0.496128,2
-0.153617,9.65621,0.05425,0.56598,-1.078955,1.186911,0.295677,0.489209,0.157628,1.023987,2
-0.252367,0.093469,0.239183,-0.021441,0.17234000000000002,1.186911,-0.119577,-1.1744,-0.310094,1.302979,0
0.080916,0.438921,0.14315999999999998,-0.523288,0.261718,-0.224934,0.446679,-0.5668529999999999,0.282354,-0.33117800000000003,5
-0.104241,-0.456114,0.484575,0.143802,0.261718,-0.6401819999999999,0.899684,-0.39658,0.31353600000000004,-0.904496,2
-0.437525,0.423218,0.388552,0.6208520000000001,0.17234000000000002,-0.266459,0.069175,1.861995,1.093072,-0.156475,8
0.13029200000000002,-0.126364,0.271191,0.816262,0.261718,0.231839,0.295677,1.252643,0.562987,0.164095,0
-0.042522,-0.463965,0.392108,0.22699,0.261718,0.024215,0.748682,0.385123,0.7500760000000001,-0.286622,8
0.09326,-0.212727,0.260522,-0.5272560000000001,0.261718,-0.515608,0.446679,0.61473,0.251173,-0.568495,2
-0.128929,-0.511072,0.342319,0.170775,0.261718,0.730137,0.55993,-0.378388,-0.091823,0.454829,2
0.377169,0.022808,0.139604,1.070691,0.976743,-0.557133,-1.25209,0.233702,1.529613,0.377748,4
-0.116585,-0.581733,0.569929,1.083313,0.08296100000000001,0.314889,0.446679,0.8682559999999999,0.095265,0.176802,3
-0.338774,-0.197025,0.530808,1.1462709999999998,0.708609,-0.10036,-1.365341,0.27199,-0.029461,0.940024,10
-0.017834,-0.055704,0.23207,0.604621,-0.989576,0.14879,0.673182,0.473561,0.344717,-0.113764,0
0.216699,-0.291239,0.349432,0.5071100000000001,0.261718,0.937762,0.295677,-0.195863,-0.216549,0.7932279999999999,0
0.117948,0.171981,0.217845,1.738109,0.261718,0.273364,0.333428,-0.7565029999999999,-1.2767190000000002,0.183528,0
0.13029200000000002,-0.157769,0.577041,-0.670986,0.17234000000000002,-0.930856,0.371178,0.38788,0.562987,-0.91373,9
0.7721720000000001,0.030659,0.075589,0.371824,0.976743,-0.847807,-1.138838,-0.044404,1.186617,-0.033054,4
0.266074,0.164129,0.118265,0.320234,0.261718,-0.01731,1.012935,-0.366893,-0.216549,-0.414829,0
0.019197,-0.087108,0.292529,0.240776,0.17234000000000002,-0.266459,0.52218,0.130645,0.126447,-0.39595,0
0.512951,-0.008597,-0.045329,-1.738144,-1.525845,-0.183409,0.295677,1.750648,0.31353600000000004,-0.201404,0
0.068573,0.148427,0.111153,0.179577,0.261718,0.06573999999999999,0.182426,-0.312919,-0.964905,0.076683,0
0.15498,-0.330495,0.299642,-0.333637,0.08296100000000001,-0.8062819999999999,0.069175,-0.87449,-0.964905,-0.6430560000000001,2
-0.128929,0.572391,-0.031104000000000007,0.319399,0.261718,0.273364,0.446679,-0.118338,0.282354,0.117454,5
-0.153617,-0.840822,0.139604,-0.971903,0.17234000000000002,0.024215,1.2016870000000002,-0.415762,1.24898,-0.460566,7
0.068573,-0.087108,0.470349,-0.099617,0.17234000000000002,0.356414,-2.724356,0.237353,0.219991,-1.502093,0
-0.042522,-0.3619,0.470349,-0.310721,0.261718,-1.096956,-0.119577,0.506528,0.251173,-0.8267639999999999,2
-0.042522,0.540986,0.253409,-0.8363780000000001,0.261718,2.391131,0.106925,-1.145451,-0.996086,2.246342,0
0.7721720000000001,0.030659,0.075589,0.371824,0.976743,-0.557133,-1.138838,0.6158560000000001,1.217798,0.281789,4
0.599358,-0.377602,0.242739,-0.151028,0.976743,-1.22153,-1.138838,1.187639,1.560794,-0.404919,4
-0.26471100000000003,-0.275537,0.107596,0.827362,0.261718,-0.10036,0.446679,0.634067,0.718895,-0.217401,0
-0.573307,0.376111,0.057807,0.047395,0.261718,-0.557133,0.031425,0.821465,0.62535,-0.411272,5
0.216699,-2.08916,0.424116,-0.457525,0.08296100000000001,1.0623360000000002,0.824183,0.224441,-0.029461,0.6009369999999999,0
0.167323,0.171981,0.047137,0.268047,0.17234000000000002,0.107265,0.295677,0.313597,0.064084,0.057166,2
-3.498799,0.611647,0.064919,0.4551020000000001,-4.9222150000000005,-0.474083,0.295677,0.789352,-1.900349,-0.466015,0
-0.042522,0.407516,-3.210528,-0.636404,0.261718,0.647088,0.446679,0.030889,0.032902,0.448512,0
-0.178304,0.014957,0.26407800000000003,0.582361,0.17234000000000002,1.103861,0.446679,-0.174429,-0.497183,0.853143,0
0.031541,-0.024299,0.545034,-2.187595,0.261718,-0.515608,0.333428,-2.021416,-0.8401790000000001,-0.514428,8
0.13029200000000002,0.077766,-0.045329,0.285383,-0.095795,1.145386,0.371178,0.123636,0.531806,0.941952,0
-0.22768,-0.251983,0.449011,-1.268911,0.261718,0.771662,0.748682,1.134112,0.656532,0.389369,8
0.17966700000000002,-0.047852,0.274747,-0.605223,0.261718,-0.8062819999999999,0.333428,-0.183787,-0.154186,-0.77676,2
-0.22768,0.289748,0.132491,-0.234783,0.261718,1.020811,0.144676,-0.7690640000000001,0.126447,0.968269,8
0.229043,0.572391,0.050694,-0.980138,-0.27455100000000005,-2.342701,0.295677,-1.155101,0.500624,-2.141039,0
0.17966700000000002,-0.291239,0.228514,1.550427,0.17234000000000002,1.477585,0.673182,1.279144,0.4694430000000001,1.043119,0
-0.079554,0.179832,0.310311,1.1799879999999998,-1.257711,0.356414,0.333428,0.722582,0.375899,0.256293,8
-3.498799,0.007106,0.342319,-0.318002,-4.9222150000000005,-1.180006,0.144676,0.492083,0.905984,-1.026904,8
-0.017834,-2.426761,0.278304,0.506662,0.17234000000000002,0.107265,0.484429,0.354991,0.219991,-0.046918,2
-0.116585,0.30545100000000003,0.036468,-0.41038,0.261718,-1.2630549999999998,0.220177,-0.085138,0.781258,-1.138606,6
0.192011,-0.369751,0.278304,-0.659618,0.261718,0.439463,-0.270579,-1.341236,-0.8401790000000001,0.7022729999999999,2
0.105604,-0.126364,0.388552,-0.425061,0.261718,-1.180006,-0.157328,-0.125133,0.282354,-0.885051,2
0.229043,0.109171,-0.06666799999999999,0.073324,0.261718,0.688613,0.333428,-0.764968,-0.154186,0.557297,0
-0.26471100000000003,-0.126364,0.235627,0.176773,0.261718,1.020811,0.333428,0.024269,0.18881,0.8483809999999999,0
0.105604,0.556689,-0.031104000000000007,0.619301,0.17234000000000002,-0.224934,0.144676,0.920348,0.282354,-0.164793,0
-0.079554,-0.173471,0.367214,0.32450100000000004,0.261718,0.356414,0.182426,-0.000117,-0.060642,0.33822,2
0.266074,-0.134216,0.214288,-0.229323,0.261718,-0.847807,0.257927,0.326062,0.251173,-0.7639090000000001,2
-0.178304,-0.189174,0.26407800000000003,-0.6404920000000001,0.17234000000000002,1.145386,0.106925,-1.203678,-1.2767190000000002,1.082648,0
0.562327,-0.29909,0.068476,-0.58926,0.976743,0.771662,-1.28984,-1.765871,-0.154186,1.743522,4
0.117948,0.23479,0.050694,0.220456,0.261718,1.477585,0.182426,-1.14949,-0.621908,1.355263,0
0.043885,0.69801,0.022242,0.912997,0.261718,0.273364,0.220177,1.237596,-0.060642,0.234847,2
-0.017834,-0.275537,0.388552,0.949727,0.261718,0.024215,0.069175,-0.295756,-0.8089970000000001,0.102481,2
0.47592,-0.4325600000000001,0.114709,-0.8709600000000001,0.976743,-1.5952540000000002,-1.365341,-0.7034020000000001,0.937165,-0.6185729999999999,4
-2.573011,0.06991499999999999,0.246296,-3.018853,0.08296100000000001,-2.425751,0.408929,0.32546,-3.147608,-2.2573220000000003,6
-0.16596,0.007106,-2.1720580000000003,-0.165858,0.261718,-1.38763,-0.34608,1.662812,0.8748020000000001,-0.978804,8
0.056229,0.054213,0.392108,-0.028960000000000007,0.261718,-0.515608,0.031425,0.195998,0.843621,-0.355818,6
0.624046,0.007106,0.114709,-0.350674,0.887365,-0.889332,-1.138838,-0.056247000000000005,2.122061,-0.030427,4
-0.042522,0.140576,0.089814,0.07231,0.261718,0.522513,-0.006326,-0.403802,-0.497183,0.635764,0
0.056229,-0.09496,0.228514,-0.658066,0.17234000000000002,0.439463,-2.724356,-0.954385,-0.746634,-1.419407,2
-3.498799,-0.401156,0.352988,0.786513,-4.9222150000000005,0.522513,0.333428,0.468434,-0.247731,0.401883,0
0.068573,-0.26768600000000004,0.33165,-0.197963,-2.062114,-3.920645,-3.026359,-0.932076,-1.588534,-4.263682,0
0.303106,-0.134216,-0.002652,-0.624558,0.261718,2.141982,0.861934,-1.354303,-0.5283640000000001,1.509135,0
-0.573307,0.376111,0.057807,0.047395,0.261718,-0.889332,0.182426,0.014191999999999996,0.31353600000000004,-0.783342,5
0.105604,0.7215630000000001,0.086258,0.505409,0.261718,-0.30798400000000004,0.484429,0.817485,0.31353600000000004,-0.410971,2
0.624046,-0.071406,0.221401,-0.586246,0.887365,-0.391033,-1.478592,-0.4723,0.438262,0.677041,4
-0.635027,-0.448263,0.299642,1.407861,0.17234000000000002,1.020811,-0.799085,0.219762,1.03071,1.677014,10
0.167323,0.148427,0.278304,-0.289596,0.261718,-0.30798400000000004,0.182426,-0.172041,0.500624,-0.253157,6
-0.153617,-0.03215,0.271191,0.057241,0.261718,0.356414,0.257927,-0.4743,-0.43482,0.299414,0
0.352481,-0.448263,0.196506,-0.5280020000000001,0.976743,-1.2630549999999998,-1.32759,0.225742,1.654339,-0.322655,4
0.648733,-0.197025,0.029355000000000006,0.335213,-0.185173,-2.052027,-1.478592,-2.398231,-1.837986,-1.052883,4
0.167323,0.313302,0.16805499999999998,-0.383198,0.261718,0.190314,1.050686,1.227072,0.251173,-0.271228,0
0.809204,-0.16562000000000002,0.025799,0.7121270000000001,0.887365,0.8962370000000001,-1.629594,-1.464738,0.4694430000000001,2.160618,4
-0.22768,-0.503221,0.406334,-0.671732,0.261718,0.356414,0.144676,-0.616557,-0.497183,0.401063,8
0.907954,-0.330495,0.132491,1.039033,0.887365,-0.557133,-1.176589,1.400258,1.217798,0.302006,4
-0.22768,0.289748,0.132491,-0.234783,0.261718,1.311485,0.333428,-1.286931,-0.43482,1.110519,8
0.648733,0.242641,-0.045329,-0.444157,0.261718,0.14879,0.446679,1.156788,0.4694430000000001,0.011019,0
0.377169,0.179832,0.064919,-1.533962,0.261718,-0.6401819999999999,0.257927,0.243915,-0.621908,-0.5982350000000001,0
0.192011,-0.03215,0.249852,-0.418765,0.17234000000000002,-0.847807,0.031425,-0.037162,-0.060642,-0.6676850000000001,2
0.043885,0.06991499999999999,0.285416,0.372779,0.261718,-0.349509,0.52218,1.059867,0.718895,-0.453345,6
-0.141273,-0.024299,0.562816,-1.881367,0.08296100000000001,4.3427989999999985,0.144676,-1.171235,-3.054063,3.979604,9
0.167323,0.148427,0.278304,-0.289596,0.261718,-0.930856,0.106925,0.585451,1.03071,-0.769864,6
0.080916,-0.244132,0.214288,-0.37914,0.261718,0.06573999999999999,0.484429,-0.14105399999999998,-0.060642,-0.08867699999999999,2
0.105604,-0.09496,0.324537,0.557118,0.17234000000000002,2.266557,3.466712,-1.645709,-1.650897,0.580299,0
-0.06721,0.336855,0.221401,-0.311258,0.261718,0.190314,-2.799857,0.969507,0.40708,-1.444373,5
0.13029200000000002,0.077766,0.299642,-0.693335,0.261718,-0.598658,0.257927,-0.96485,-0.621908,-0.551956,0
0.377169,0.109171,0.317424,-1.658297,-0.9001979999999999,-2.508801,-5.895391,-1.086079,-3.147608,-4.339027,6
-2.573011,0.06991499999999999,0.246296,-3.018853,0.08296100000000001,-1.636779,-0.157328,1.627185,-1.869167,-1.30997,6
0.599358,-2.426761,0.011573,0.5402600000000001,0.976743,-1.096956,-1.176589,1.004048,1.997335,-0.212604,4
-0.202992,-0.377602,0.434785,0.244803,-0.721442,-0.8062819999999999,0.371178,0.971993,0.282354,-0.811334,8
-0.277055,-1.963541,0.616162,0.4378260000000001,0.17234000000000002,3.512302,-0.308329,-0.984673,-1.2455379999999998,3.613647,3
-3.498799,-0.5503279999999999,0.050694,-0.629422,-4.9222150000000005,0.14879,0.6354310000000001,0.076224,0.31353600000000004,-0.093933,0
0.080916,0.438921,0.14315999999999998,-0.523288,0.261718,-0.432558,0.446679,-0.659407,-0.497183,-0.5068090000000001,5
-0.277055,-0.251983,-3.203415,1.957926,0.261718,1.892833,0.6354310000000001,1.898205,2.1844240000000004,1.427425,7
0.340137,0.399665,0.207175,-0.724993,0.261718,-0.30798400000000004,0.220177,-0.099,0.375899,-0.253024,0
-0.042522,0.10132,0.288973,0.7221529999999999,0.261718,0.854712,-2.799857,0.221063,0.095265,-0.994427,0
0.105604,0.203385,-0.023991,0.995678,0.261718,-0.681707,0.220177,0.597877,-0.466001,-0.610375,0
-0.128929,12.655362,-0.16269,1.993015,-3.22403,0.647088,0.220177,1.4703469999999998,1.903791,0.584096,11
0.364825,0.195534,0.17516800000000002,-0.027618,0.261718,-0.6401819999999999,0.333428,1.07406,0.562987,-0.624238,0
-0.240024,-0.29909,0.694403,0.955725,0.6192300000000001,-0.349509,-1.25209,1.6877799999999998,1.404887,0.6214189999999999,10
0.229043,0.124874,0.182281,0.686496,0.261718,-0.224934,0.371178,0.720156,-0.372457,-0.281173,0
-0.054866,-0.330495,-3.210528,-0.267456,0.261718,0.937762,0.6354310000000001,-0.445565,0.032902,0.607941,2
-0.560964,0.329004,0.296086,0.755571,0.261718,0.480988,0.031425,0.580267,0.344717,0.534513,8
-3.498799,0.391814,0.3743260000000001,-5.440122,0.261718,-0.30798400000000004,0.069175,0.211472,0.219991,-0.195654,0
0.043885,0.195534,0.260522,-0.393821,0.261718,-1.013906,0.408929,-0.9864,-1.619716,-1.001925,5
0.019197,0.093469,0.4739060000000001,1.897295,0.17234000000000002,0.730137,-0.006326,1.040374,2.246787,0.7968689999999999,7
-0.017834,0.132725,0.125378,1.357345,0.261718,0.107265,0.408929,1.174651,-0.216549,-0.011428,0
0.266074,0.580242,0.114709,-0.165469,0.261718,-0.6401819999999999,0.371178,0.5981489999999999,0.219991,-0.654533,0
0.105604,-0.087108,0.367214,1.522618,0.261718,0.314889,0.106925,2.110745,0.8748020000000001,0.377773,0
-0.017834,-0.440412,0.26763400000000004,1.39515,0.261718,0.273364,0.106925,1.093688,0.095265,0.322174,0
0.09326,-0.087108,-2.268081,-0.164963,0.261718,0.356414,0.295677,0.434943,0.095265,0.268505,0
0.142636,0.203385,-0.006209,-0.8348270000000001,0.261718,2.80638,0.6354310000000001,-1.026047,-0.341275,2.22404,0
0.229043,-0.354049,0.182281,0.210878,0.261718,0.480988,0.52218,-0.465854,0.032902,0.261115,0
0.17966700000000002,0.258344,0.189393,-0.133304,0.17234000000000002,0.06573999999999999,0.257927,-2.147073,-1.588534,0.036106,0
-0.128929,0.022808,0.19295,0.837775,0.261718,0.8962370000000001,-0.044076,-0.022231,0.687713,0.979191,0
0.09326,-0.102811,0.01513,-1.203774,0.08296100000000001,-1.2630549999999998,0.257927,-0.58722,0.375899,-1.158787,0
0.364825,-0.149918,0.107596,-1.108143,0.17234000000000002,-0.30798400000000004,-2.724356,0.247721,-0.154186,-1.862179,0
-0.06721,-0.149918,0.32098000000000004,0.118589,0.261718,0.06573999999999999,-0.044076,-0.40951,0.032902,0.21300300000000005,0
-0.314087,-0.063555,0.42056,0.003921,0.17234000000000002,-0.6401819999999999,0.748682,-0.195204,0.375899,-0.835275,3
0.031541,0.007106,-0.315616,2.791392,-0.542686,2.058932,-0.044076,1.205113,-0.43482,2.044238,0
0.31545,0.540986,0.029355000000000006,-0.395163,0.261718,-0.8062819999999999,0.031425,1.022977,0.562987,-0.630603,5
0.25373,0.336855,0.086258,-0.979571,0.261718,0.06573999999999999,0.144676,-0.616265,0.7500760000000001,0.108123,5
0.389513,-0.220579,-3.210528,-2.624155,0.261718,-1.013906,0.484429,-2.216813,-0.684271,-1.037367,0
-0.017834,-0.22843,0.37077,1.293671,0.17234000000000002,-0.391033,0.371178,1.331624,2.620965,-0.421278,7
-0.153617,-0.22843,0.488131,0.580183,0.261718,1.0623360000000002,0.371178,-0.25741,-0.777816,0.8963,0
0.57467,-0.134216,0.160942,1.252465,0.976743,-0.598658,-1.025587,0.691751,1.24898,0.180671,4
0.426544,-0.055704,-0.08445,0.139087,0.976743,-0.432558,-0.8745850000000001,-0.6290399999999999,0.62535,0.252821,4
0.303106,-0.354049,0.306755,-0.918463,0.17234000000000002,1.519109,0.748682,-1.006457,-0.123005,1.030401,2
-0.338774,-0.22843,0.584154,2.123586,0.261718,0.522513,-1.2143389999999998,1.990913,2.433876,1.422072,7
0.019197,-0.424709,0.33165,0.137655,-0.006417,-0.6401819999999999,0.031425,-0.115095,-0.559546,-0.484194,0
0.15498,-0.236281,0.01513,0.558909,0.17234000000000002,-0.515608,0.031425,0.735785,-2.617523,-0.369175,0
-3.498799,0.211237,-3.210528,-0.4242260000000001,-4.9222150000000005,1.9758830000000005,0.824183,-0.984382,-0.278912,1.374731,0
0.117948,-0.212727,0.23207,0.807221,-1.078955,-0.30798400000000004,0.371178,-0.5095970000000001,-0.777816,-0.359989,0
0.043885,0.407516,0.047137,0.460921,0.261718,-0.349509,0.069175,0.733164,0.001721,-0.245177,2
0.068573,0.148427,0.111153,0.179577,0.261718,-0.349509,-0.195078,-0.884159,-1.151994,-0.081974,0
0.438888,0.289748,0.14315999999999998,-0.282494,0.261718,-0.515608,0.106925,0.047412,0.344717,-0.404775,0
0.019197,0.077766,0.349432,-0.356523,0.261718,-0.10036,0.52218,0.392792,0.251173,-0.205925,6
0.599358,0.7529680000000001,0.008017,-1.737905,-0.095795,-0.847807,0.52218,-0.7390100000000001,-0.247731,-0.910571,2
-0.289399,0.093469,0.402778,-0.087353,-1.436467,-1.553729,0.484429,-2.464651,-2.523978,-1.514196,8
0.15498,0.289748,0.207175,-0.0072980000000000015,0.17234000000000002,-0.930856,0.257927,0.702604,0.001721,-0.850561,5
0.09326,0.34470700000000004,0.14315999999999998,-0.026574,0.261718,-0.05883500000000001,0.710932,-0.35672,-0.029461,-0.277098,5
-0.116585,-0.581733,0.569929,1.083313,0.08296100000000001,0.06573999999999999,0.144676,1.138694,0.282354,0.120178,3
0.019197,-0.173471,0.306755,-0.081535,0.17234000000000002,-0.723232,0.257927,0.515808,0.18881,-0.677208,2
-0.215336,0.28189699999999995,0.107596,0.73922,0.08296100000000001,0.190314,-0.006326,0.359747,0.687713,0.296147,8
0.15498,-0.236281,0.01513,0.558909,0.17234000000000002,-0.30798400000000004,-3.252862,0.118822,-2.679886,-1.6089129999999998,0
-0.00549,0.30545100000000003,0.018686,-0.04009,0.261718,-0.557133,-0.081827,0.14460499999999998,-0.497183,-0.338929,0
-0.06721,-0.149918,0.32098000000000004,0.118589,0.261718,-0.183409,-0.119577,-0.35499200000000003,0.687713,0.019578,0
-0.301743,0.195534,0.381439,0.351116,0.08296100000000001,-1.138481,0.295677,0.532428,0.968347,-1.063105,8
-0.301743,0.171981,0.285416,0.684706,0.17234000000000002,2.80638,0.371178,1.839279,2.122061,2.424782,7
0.624046,-0.189174,0.139604,0.38731,0.976743,-1.512204,-1.063338,-0.381242,0.438262,-0.715206,4
0.4142,-0.306942,4.329047,-1.391455,-4.743459,-1.802878,8.902772,1.134344,-4.176596,-3.749217,0
-0.104241,-0.338346,0.384996,-0.096275,0.261718,-1.180006,0.7864329999999999,-0.761221,-0.060642,-1.312188,8
0.031541,0.446772,0.072032,0.600056,0.261718,0.14879,0.333428,-0.834145,-0.996086,0.067353,2
-0.042522,-0.322644,0.310311,0.287293,0.261718,0.564038,0.220177,0.087737,-0.123005,0.493152,2
0.105604,-0.189174,0.164499,-0.683757,0.261718,-0.515608,0.257927,-0.213745,0.500624,-0.484809,0
-0.351118,0.014957,0.214288,0.736624,0.17234000000000002,-0.515608,0.295677,1.307433,1.061891,-0.499395,8
0.266074,0.258344,-3.210528,-0.405994,0.261718,-0.764757,-0.270579,0.697886,0.282354,-0.428077,0
0.192011,-0.03215,0.452567,-0.877078,0.261718,-0.01731,0.333428,0.815854,0.4694430000000001,-0.078141,0
0.31545,-0.989994,0.157386,-2.450289,0.17234000000000002,1.934358,-0.119577,-1.245363,-0.497183,2.000188,7
-0.017834,-0.22843,0.37077,1.293671,0.17234000000000002,1.35301,-0.157328,1.057343,1.810246,1.53357,7
0.09326,0.423218,0.022242,-0.203782,0.08296100000000001,0.107265,0.333428,1.083418,-0.65309,0.041012,0
0.09326,0.423218,0.022242,-0.203782,0.08296100000000001,1.43606,0.371178,-0.639428,-0.65309,1.197232,0
-0.32643,-0.157769,0.424116,1.924954,0.17234000000000002,1.560634,0.446679,1.037287,1.311343,1.265729,7
0.562327,-0.29909,0.068476,-0.58926,0.976743,0.979286,-1.2143389999999998,-2.126007,-1.183175,1.941962,4
0.327793,0.336855,-0.020434,1.086893,0.261718,0.8962370000000001,0.144676,0.481482,0.157628,0.8595799999999999,0
-0.00549,-0.28338800000000003,0.214288,-2.421913,0.17234000000000002,-0.847807,-0.081827,-1.002088,-0.247731,-0.625444,0
-0.017834,-0.149918,-2.975805,-1.078156,0.08296100000000001,-0.557133,0.182426,0.003863,0.18881,-0.482675,2
-0.079554,-0.173471,0.367214,0.32450100000000004,0.261718,1.228436,0.710932,-0.612576,0.032902,0.799702,2
-0.054866,-0.024299,0.07914500000000001,0.136282,0.261718,-0.723232,0.295677,0.75454,0.500624,-0.691759,2
0.241386,-0.4325600000000001,0.349432,-1.029281,0.261718,-0.764757,0.257927,0.113541,0.219991,-0.714229,2
0.303106,0.022808,0.146717,-1.815842,0.261718,-0.681707,0.257927,-1.252469,-0.403638,-0.635498,0
0.47592,-0.4325600000000001,0.114709,-0.8709600000000001,0.976743,-0.972381,-1.818346,-0.117483,1.03071,0.296593,4
-3.498799,-0.401156,0.352988,0.786513,-4.9222150000000005,-0.05883500000000001,-0.7613340000000001,0.7535310000000001,0.18881,0.530041,0
-0.314087,-0.236281,0.029355000000000006,0.460861,0.261718,0.730137,-0.006326,-1.078701,-0.8401790000000001,0.802462,0
-0.042522,-2.395356,-3.210528,-1.128463,-0.721442,-0.515608,0.55993,0.106881,0.18881,-0.6385109999999999,0
0.019197,-0.173471,0.306755,-0.081535,0.17234000000000002,0.522513,0.182426,-1.534284,-0.684271,0.500071,2
-3.412392,0.148427,0.438342,-1.047781,-3.22403,-1.844403,-3.366113,2.612866,-3.802418,-2.649621,8
-3.498799,0.517433,0.3743260000000001,-2.368622,-4.9222150000000005,-1.30458,0.182426,-2.097466,-1.401445,-1.156038,2
0.15498,-0.197025,-3.210528,-0.736839,0.351096,0.564038,0.220177,-0.08102100000000001,-0.060642,0.5073409999999999,2
-3.412392,0.148427,0.438342,-1.047781,-3.22403,-0.930856,0.069175,1.117298,-1.151994,-0.750588,8
0.17966700000000002,0.258344,0.189393,-0.133304,0.17234000000000002,-0.557133,-0.232828,-0.021959,0.251173,-0.252024,0
-0.030178,0.022808,0.157386,-0.771451,0.261718,0.8962370000000001,0.144676,-1.612741,-0.060642,0.851491,6
0.278418,0.06991499999999999,0.214288,-2.283942,0.08296100000000001,0.730137,0.55993,-3.1272990000000003,-2.368071,0.462834,0
-0.252367,-0.11066199999999997,0.452567,0.8883209999999999,0.17234000000000002,0.190314,0.106925,0.500024,0.438262,0.253858,3
-0.277055,0.030659,0.441898,0.131866,0.17234000000000002,-0.474083,0.144676,0.1295,0.62535,-0.390381,3
0.241386,0.109171,-0.127126,0.380626,0.17234000000000002,0.06573999999999999,0.484429,0.442632,0.500624,-0.07507899999999999,0
-0.153617,-0.840822,0.139604,-0.971903,0.17234000000000002,-0.764757,1.277188,-2.707071,-0.996086,-1.201956,7
-0.042522,-0.189174,0.33165,-0.664392,0.261718,-0.05883500000000001,0.937434,-0.288184,0.18881,-0.4300060000000001,6
0.13029200000000002,-0.456114,0.292529,0.202672,0.261718,-0.30798400000000004,0.7864329999999999,-0.799586,0.126447,-0.567241,0
0.25373,0.336855,0.086258,-0.979571,0.261718,0.564038,0.144676,-1.027503,-0.029461,0.551872,5
0.216699,0.321153,0.128935,0.491087,0.261718,0.439463,0.446679,0.230654,-0.278912,0.281223,0
-0.00549,-0.322644,0.100483,-0.519439,0.261718,-0.972381,0.333428,0.058207,0.62535,-0.929016,0
0.117948,-0.008597,0.623275,-0.855684,0.17234000000000002,0.024215,-2.724356,0.650221,-0.091823,-1.576714,0
