No,year,month,day,hour,PM10,SO2,NO2,CO,O3,TEMP,PRES,DEWP,RAIN,WSPM,station_Huairou,wd_E,wd_ENE,wd_ESE,wd_N,wd_NE,wd_NNE,wd_NNW,wd_NW,wd_S,wd_SE,wd_SSE,wd_SSW,wd_SW,wd_W,wd_WNW,wd_WSW,Label
34334,2017,1,29,13,33.0,3.0,5.0,300,73.0,-1.65,1020.25,-21.9,0.0,5.6,1,0,0,0,0,1,0,0,0,0,0,0,0,0,0,0,0,13.0
29100,2016,6,25,11,34.0,2.0,15.0,300,61.0,31.0,998.6,12.4,0.0,1.5,1,0,0,1,0,0,0,0,0,0,0,0,0,0,0,0,0,10.0
18113,2015,3,25,16,163.0,53.0,57.0,1900,117.0,17.2,1019.2,-1.5,0.0,1.9,1,0,0,0,0,0,0,0,0,0,0,0,1,0,0,0,0,133.0
16126,2015,1,1,21,87.0,27.0,73.0,1900,2.0,-7.0,1018.0,-21.0,0.0,1.3,1,0,0,0,0,0,0,0,0,0,0,0,0,0,1,0,0,61.0
3568,2013,7,27,15,48.0,3.0,13.0,1600,14.0,24.6,991.0,24.6,0.0,0.5,1,0,0,0,0,0,0,0,0,0,0,1,0,0,0,0,0,60.0
32135,2016,10,29,22,138.0,2.0,56.0,1500,5.0,3.0,1017.9,-0.3,0.0,1.6,1,0,0,0,0,0,0,0,1,0,0,0,0,0,0,0,0,71.0
18033,2015,3,22,8,22.0,2.0,6.0,200,84.0,6.2,1020.4,-21.2,0.0,3.0,1,0,1,0,0,0,0,0,0,0,0,0,0,0,0,0,0,10.0
21614,2015,8,18,13,179.0,5.0,10.0,800,111.0,28.2,1002.1,20.0,0.0,1.3,1,0,0,0,0,0,0,0,0,0,1,0,0,0,0,0,0,54.0
4413,2013,8,31,20,28.0,1.0,15.0,300,64.0,18.6,1003.1,14.5,0.0,0.9,1,0,0,0,0,0,0,0,1,0,0,0,0,0,0,0,0,5.0
6537,2013,11,28,8,32.0,33.0,49.0,1200,9.8532,-2.0,1019.1,-19.9,0.0,0.9,1,0,0,1,0,0,0,0,0,0,0,0,0,0,0,0,0,28.0
2407,2013,6,9,6,88.0,4.0,31.0,1399,2.0,19.6,999.8,19.6,0.0,0.9,1,0,0,0,0,0,0,0,0,0,0,1,0,0,0,0,0,77.0
11029,2014,6,3,12,23.0,2.0,8.0,400,135.0,32.1,997.7,9.0,0.0,4.2,1,1,0,0,0,0,0,0,0,0,0,0,0,0,0,0,0,17.0
10237,2014,5,1,12,250.0,31.0,43.0,1300,147.0,25.1,997.4,15.1,0.0,2.4,1,0,0,0,0,0,0,0,0,0,0,0,1,0,0,0,0,188.0
2895,2013,6,29,14,116.0,8.0,18.0,1700,45.0,24.8,995.9,21.7,0.0,0.7,1,0,0,0,0,0,0,0,0,0,0,0,0,0,0,1,0,72.0
35015,2017,2,26,22,71.0,8.0,43.0,1200,40.0,3.1,1015.1,-6.3,0.0,0.9,1,0,0,0,0,0,0,0,0,0,0,0,0,0,0,1,0,51.0
7622,2014,1,12,13,6.0,28.0,20.0,300,80.0,0.6,1026.3,-21.7,0.0,1.0,1,0,0,0,0,1,0,0,0,0,0,0,0,0,0,0,0,12.0
23014,2015,10,15,21,104.0,2.0,37.0,1100,50.0,14.2,1008.5,10.2,0.0,1.6,1,0,0,0,0,0,0,0,1,0,0,0,0,0,0,0,0,91.0
24804,2015,12,29,11,130.0,21.0,61.0,1700,2.0,-0.4,1020.0,-7.7,0.0,1.3,1,0,0,1,0,0,0,0,0,0,0,0,0,0,0,0,0,120.0
20447,2015,6,30,22,67.0,2.0,52.0,600,30.0,21.2,989.0,15.1,0.0,1.5,1,0,0,0,0,1,0,0,0,0,0,0,0,0,0,0,0,28.0
7840,2014,1,21,15,34.0,66.0,29.0,600,60.0,3.4,1020.0,-20.1,0.0,0.8,1,0,0,1,0,0,0,0,0,0,0,0,0,0,0,0,0,21.0
20776,2015,7,14,15,40.0,7.0,15.0,700,297.0,35.0,992.7,15.8,0.0,2.5,1,0,0,0,0,0,0,0,0,0,0,0,1,0,0,0,0,40.0
17123,2015,2,12,10,26.0,4.0,23.0,600,59.0,2.0,1015.0,-13.4,0.0,3.2,1,1,0,0,0,0,0,0,0,0,0,0,0,0,0,0,0,20.0
23572,2015,11,8,3,27.0,2.0,6.0,400,35.0,2.8,1016.9,-1.4,0.0,1.3,1,0,1,0,0,0,0,0,0,0,0,0,0,0,0,0,0,27.0
5499,2013,10,16,2,32.0,4.0,31.0,400,23.0,2.0,1018.2,0.4,0.0,1.2,1,0,0,0,0,0,0,0,0,0,0,0,0,0,0,1,0,22.0
4638,2013,9,10,5,123.0,5.0,49.0,1100,1.0,17.8,1003.1,17.8,0.0,0.8,1,0,0,0,1,0,0,0,0,0,0,0,0,0,0,0,0,119.0
4420,2013,9,1,3,20.0,2.0,12.0,500,32.0,16.0,1004.6,15.5,0.0,0.5,1,0,0,1,0,0,0,0,0,0,0,0,0,0,0,0,0,11.0
24338,2015,12,10,1,228.0,5.0,44.0,2700,12.0,0.4,1013.9,-0.2,0.0,1.7,1,0,0,0,0,0,0,0,1,0,0,0,0,0,0,0,0,228.0
6904,2013,12,13,15,24.0,31.0,28.0,600,56.0,0.0,1014.8,-20.9,0.0,1.8,1,0,0,0,0,1,0,0,0,0,0,0,0,0,0,0,0,27.0
32771,2016,11,25,10,102.0,9.0,48.0,1300,7.0,-1.0,1017.4,-8.2,0.0,1.0,1,0,0,0,0,0,0,0,0,0,1,0,0,0,0,0,0,72.0
27815,2016,5,2,22,39.0,2.0,4.0,200,70.0,13.9,999.2,5.3,0.0,2.7,1,0,0,0,1,0,0,0,0,0,0,0,0,0,0,0,0,39.0
2560,2013,6,15,15,244.0,64.0,46.0,1200,201.0,29.3,996.7,15.1,0.0,0.7,1,0,0,0,0,0,0,0,0,0,0,0,0,0,1,0,0,133.0
34187,2017,1,23,10,42.0,6.0,24.0,700,39.0,-7.166666667,1028.0,-18.9,0.0,2.1,1,0,0,0,0,0,0,0,0,0,1,0,0,0,0,0,0,22.0
17737,2015,3,10,0,5.0,2.0,2.0,200,85.0,-3.5,1028.0,-28.9,0.0,0.9,1,0,0,0,0,1,0,0,0,0,0,0,0,0,0,0,0,3.0
22760,2015,10,5,7,141.0,2.0,22.0,1100,26.0,11.4,1011.1,11.1,0.0,1.1,1,0,0,0,0,0,0,0,0,0,0,0,0,0,0,1,0,141.0
30993,2016,9,12,8,27.0,2.0,18.0,700,2.0,20.4,1009.2,16.8,0.0,0.7,1,0,1,0,0,0,0,0,0,0,0,0,0,0,0,0,0,21.0
6607,2013,12,1,6,26.0,32.0,49.0,900,9.8532,-5.6,1015.9,-12.4,0.0,0.6,1,0,1,0,0,0,0,0,0,0,0,0,0,0,0,0,0,23.0
20596,2015,7,7,3,56.0,8.0,14.0,500,63.0,20.7,1001.4,17.3,0.0,1.3,1,0,0,0,0,0,0,0,1,0,0,0,0,0,0,0,0,56.0
29315,2016,7,4,10,136.0,6.0,23.0,1700,93.0,28.2,999.8,21.2,0.0,1.8,1,0,0,0,0,0,0,0,0,0,1,0,0,0,0,0,0,136.0
22959,2015,10,13,14,14.0,3.0,12.0,300,73.0,26.2,1009.6,0.0,0.0,1.7,1,0,0,0,0,0,0,0,0,0,0,0,1,0,0,0,0,3.0
17848,2015,3,14,15,120.0,52.0,56.0,1800,54.0,8.3,1007.7,-7.5,0.0,2.8,1,0,0,0,0,0,0,0,0,1,0,0,0,0,0,0,0,114.0
10020,2014,4,22,11,56.0,9.0,17.0,400,107.0,24.8,1004.7,-4.5,0.0,3.7,1,0,0,0,0,0,0,0,0,1,0,0,0,0,0,0,0,28.0
10025,2014,4,22,16,70.0,5.0,26.0,400,146.0,26.4,999.8,0.9,0.0,4.2,1,0,0,0,0,0,0,0,0,0,0,0,1,0,0,0,0,42.0
10868,2014,5,27,19,41.0,2.0,11.0,200,97.0,29.1,989.6,-1.1,0.0,3.7,1,0,0,0,0,0,0,0,1,0,0,0,0,0,0,0,0,8.0
14348,2014,10,19,19,350.0,9.0,109.0,2200,13.0,15.8,1005.8,12.2,0.0,0.6,1,0,0,1,0,0,0,0,0,0,0,0,0,0,0,0,0,228.0
6891,2013,12,13,2,24.0,11.0,14.0,1100,45.0,-8.8,1016.7,-19.7,0.0,1.4,1,0,0,1,0,0,0,0,0,0,0,0,0,0,0,0,0,29.0
20784,2015,7,14,23,24.0,2.0,7.0,400,136.0,27.0,996.6,15.4,0.0,1.4,1,0,0,0,0,0,0,0,1,0,0,0,0,0,0,0,0,18.0
9482,2014,3,31,1,76.0,6.0,45.0,600,27.0,15.8,1007.1,2.6,0.0,1.1,1,0,0,0,0,0,1,0,0,0,0,0,0,0,0,0,0,43.0
830,2013,4,4,13,109.0,67.0,44.0,1700,57.0,7.5,1004.5,3.2,0.6,0.6,1,0,0,1,0,0,0,0,0,0,0,0,0,0,0,0,0,56.0
22968,2015,10,13,23,31.0,3.0,19.0,500,37.0,11.0,1010.1,6.9,0.0,0.5,1,0,0,0,0,0,0,0,0,1,0,0,0,0,0,0,0,16.0
33089,2016,12,8,16,10.0,2.0,7.0,200,75.0,6.6,1009.2,-13.1,0.0,4.5,1,0,0,0,0,0,0,0,1,0,0,0,0,0,0,0,0,3.0
12790,2014,8,15,21,85.0,2.0,39.0,700,153.0,23.3,998.2,17.7,0.0,1.5,1,0,0,0,0,0,0,0,1,0,0,0,0,0,0,0,0,40.0
16814,2015,1,30,13,8.0,2.0,7.0,200,71.0,0.0,1028.0,-22.9,0.0,2.9,1,1,0,0,0,0,0,0,0,0,0,0,0,0,0,0,0,8.0
29710,2016,7,20,21,5.0,2.0,6.0,500,43.0,23.6,991.8,20.5,1.3,5.9,1,0,0,0,0,1,0,0,0,0,0,0,0,0,0,0,0,3.0
22654,2015,9,30,21,28.0,2.0,18.0,600,31.0,13.9,1004.3,13.4,2.7,1.2,1,0,0,0,0,0,0,0,0,0,0,0,0,0,0,1,0,28.0
5580,2013,10,19,11,23.0,4.0,16.0,300,48.0,17.8,1016.3,-1.5,0.0,2.6,1,0,0,0,0,0,0,0,0,0,0,0,0,0,1,0,0,23.0
32654,2016,11,20,13,53.0,2.0,44.0,1500,2.0,1.8,1015.5,1.1,1.1,2.2,1,1,0,0,0,0,0,0,0,0,0,0,0,0,0,0,0,53.0
15838,2014,12,20,21,15.0,2.0,2.0,200,64.0,-2.2,1015.0,-21.6,0.0,5.2,1,0,0,0,0,0,0,0,0,0,0,0,0,0,0,1,0,3.0
4656,2013,9,10,23,12.0,1.0,16.0,300,37.0,15.1,1005.7,15.1,0.0,0.8,1,0,0,0,0,0,0,0,0,0,0,0,0,0,0,1,0,12.0
25502,2016,1,27,13,40.0,12.0,31.0,700,25.0,0.8,1018.0,-19.1,0.0,1.7,1,0,0,0,0,0,0,0,0,0,1,0,0,0,0,0,0,28.0
17344,2015,2,21,15,203.0,2.0,48.0,2200,7.0,2.0,1008.0,0.8,0.0,0.9,1,0,0,0,0,0,0,0,0,0,1,0,0,0,0,0,0,203.0
7597,2014,1,11,12,41.0,57.0,41.0,800,41.0,1.3,1019.6,-20.5,0.0,1.1,1,0,1,0,0,0,0,0,0,0,0,0,0,0,0,0,0,55.0
20975,2015,7,22,22,15.0,2.0,4.0,400,83.0,22.4,996.1,21.6,1.1,1.0,1,0,0,0,0,0,0,1,0,0,0,0,0,0,0,0,0,15.0
30837,2016,9,5,20,40.0,2.0,20.0,500,49.0,22.3,1000.4,17.7,0.0,2.0,1,0,0,0,0,0,0,0,1,0,0,0,0,0,0,0,0,21.0
30195,2016,8,10,2,125.0,6.0,25.0,1000,20.0,26.2,998.5,24.2,0.0,0.7,1,1,0,0,0,0,0,0,0,0,0,0,0,0,0,0,0,125.0
13543,2014,9,16,6,27.0,2.0,15.0,300,29.0,11.6,1010.2,8.8,0.0,2.2,1,0,0,0,0,0,0,0,1,0,0,0,0,0,0,0,0,15.0
21497,2015,8,13,16,216.0,7.0,23.0,1400,386.0,33.1,993.0,24.3,0.0,0.9,1,0,0,0,0,0,0,0,0,0,0,0,0,0,0,0,1,165.0
14143,2014,10,11,6,209.0,2.0,18.0,2700,36.0,15.2,1011.9,14.4,0.0,0.4,1,1,0,0,0,0,0,0,0,0,0,0,0,0,0,0,0,209.0
31324,2016,9,26,3,104.0,5.0,17.0,1200,35.0,20.4,1005.0,17.8,0.0,2.2,1,0,0,0,0,0,0,0,1,0,0,0,0,0,0,0,0,98.0
24897,2016,1,2,8,159.0,6.0,49.0,2400,2.0,-6.5,1011.1,-8.3,0.0,2.1,1,0,0,0,0,0,0,0,0,0,0,0,0,0,0,1,0,159.0
8962,2014,3,9,9,105.0,30.0,59.0,1300,19.0,4.7,1019.2,-11.0,0.0,0.7,1,0,0,0,0,0,1,0,0,0,0,0,0,0,0,0,0,73.0
15362,2014,12,1,1,298.0,2.0,2.0,300,60.0,-4.8,1014.0,-23.3,0.0,8.2,1,0,0,0,0,0,0,0,0,0,0,0,0,0,0,1,0,19.0
34230,2017,1,25,5,104.0,10.0,2.0,2100,2.0,-7.9,1025.0,-13.3,0.0,1.5,1,0,0,0,0,0,0,0,1,0,0,0,0,0,0,0,0,102.0
26859,2016,3,24,2,5.0,2.0,3.0,100,69.0,5.9,1025.1,-14.2,0.0,1.6,1,0,0,0,0,0,0,1,0,0,0,0,0,0,0,0,0,3.0
32302,2016,11,5,21,315.0,2.0,99.0,4000,4.0,8.0,1014.5,5.6,0.0,0.9,1,0,0,0,0,0,0,0,1,0,0,0,0,0,0,0,0,236.0
6584,2013,11,30,7,38.0,24.0,52.0,1200,12.6378,3.8,1014.3,-13.1,0.0,1.1,1,1,0,0,0,0,0,0,0,0,0,0,0,0,0,0,0,23.0
14260,2014,10,16,3,23.0,2.0,4.0,200,45.0,3.1,1013.5,-1.3,0.0,0.9,1,0,0,0,0,0,0,1,0,0,0,0,0,0,0,0,0,3.0
9853,2014,4,15,12,246.0,44.0,50.0,1800,101.0,20.6,1010.5,11.8,0.0,3.7,1,0,0,1,0,0,0,0,0,0,0,0,0,0,0,0,0,157.0
14779,2014,11,6,18,20.0,2.0,31.0,400,44.0,7.0,1003.0,-15.1,0.0,0.9,1,0,0,0,0,1,0,0,0,0,0,0,0,0,0,0,0,3.0
21664,2015,8,20,15,35.0,4.0,4.0,600,157.0,31.2,996.8,17.9,0.0,2.0,1,0,0,1,0,0,0,0,0,0,0,0,0,0,0,0,0,35.0
7601,2014,1,11,16,122.0,70.0,78.0,1100,23.0,0.5,1018.0,-17.3,0.0,1.0,1,0,0,0,0,0,0,0,0,0,0,0,0,0,0,1,0,70.0
30795,2016,9,4,2,75.0,2.0,19.0,900,58.0,21.8,1000.6,19.7,0.0,0.8,1,0,0,0,0,0,0,0,0,0,0,0,0,0,0,1,0,73.0
13166,2014,8,31,13,40.0,2.0,5.0,900,139.0,25.8,1003.4,18.2,0.0,1.5,1,0,1,0,0,0,0,0,0,0,0,0,0,0,0,0,0,37.0
33294,2016,12,17,5,77.0,5.0,50.0,1500,2.0,-5.6,1012.7,-8.8,0.0,1.3,1,0,0,0,0,0,0,1,0,0,0,0,0,0,0,0,0,68.0
6688,2013,12,4,15,61.0,32.0,42.0,700,43.911,11.4,1009.1,-8.0,0.0,0.9,1,0,0,0,1,0,0,0,0,0,0,0,0,0,0,0,0,38.0
19812,2015,6,4,11,80.0,2.0,19.0,600,56.0,19.0,996.5,16.6,0.6,0.6,1,0,0,0,0,0,0,0,0,0,1,0,0,0,0,0,0,35.0
26342,2016,3,2,13,153.0,25.0,51.0,1300,76.0,15.7,1006.4,-7.2,0.0,1.8,1,0,0,0,0,0,0,0,0,0,1,0,0,0,0,0,0,140.0
21902,2015,8,30,13,69.0,2.0,8.0,700,54.0,20.0,1003.4,19.2,15.9,1.0,1,1,0,0,0,0,0,0,0,0,0,0,0,0,0,0,0,23.0
10208,2014,4,30,7,114.0,5.0,30.0,800,65.0,17.0,1002.2,9.4,0.0,0.9,1,0,0,0,0,0,0,0,0,0,0,0,1,0,0,0,0,95.0
5224,2013,10,4,15,215.0,50.0,39.0,2100,76.0,20.4,1003.7,12.9,0.0,1.2,1,0,0,0,0,0,0,0,0,1,0,0,0,0,0,0,0,169.0
11600,2014,6,27,7,32.0,2.0,21.0,500,54.0,28.3,999.4,11.8,0.0,2.5,1,0,0,0,0,0,1,0,0,0,0,0,0,0,0,0,0,13.0
11304,2014,6,14,23,79.0,2.0,23.0,700,139.0,23.0,997.2,19.4,0.0,0.9,1,0,0,0,0,0,0,1,0,0,0,0,0,0,0,0,0,54.0
21368,2015,8,8,7,38.0,2.0,7.0,500,26.0,19.1,1005.1,18.6,0.0,0.6,1,0,0,0,0,0,0,1,0,0,0,0,0,0,0,0,0,19.0
30653,2016,8,29,4,21.0,2.0,13.0,300,16.0,18.4,1002.5,12.4,0.0,1.8,1,0,0,0,0,1,0,0,0,0,0,0,0,0,0,0,0,12.0
16870,2015,2,1,21,88.0,39.0,55.0,1600,9.0,-4.0,1023.0,-19.1,0.0,1.0,1,0,0,0,0,0,0,0,1,0,0,0,0,0,0,0,0,78.0
23105,2015,10,19,16,128.0,7.0,45.0,700,40.0,18.2,1003.9,7.9,0.0,1.7,1,0,0,0,0,0,0,0,0,0,0,0,0,1,0,0,0,67.0
3128,2013,7,9,7,50.0,3.0,6.0,800,78.0,23.6,995.1,23.6,1.9,0.5,1,0,0,0,0,0,0,1,0,0,0,0,0,0,0,0,0,50.0
34393,2017,2,1,0,34.0,5.0,21.0,700,54.0,-2.6,1024.5,-21.4,0.0,0.9,1,0,0,0,0,0,0,0,0,0,0,0,0,0,0,1,0,12.0
6385,2013,11,22,0,58.0,12.0,38.0,1100,17.7786,-1.5,1017.7,-7.2,0.0,0.6,1,0,0,0,0,0,0,0,0,0,0,0,0,0,1,0,0,64.0
34209,2017,1,24,8,39.0,2.0,39.0,1300,75.0,-12.55,1028.5,-17.5,0.0,1.8,1,0,0,0,0,0,0,0,1,0,0,0,0,0,0,0,0,30.0
17765,2015,3,11,4,57.0,2.0,13.0,1000,25.0,-5.6,1014.9,-15.1,0.0,0.9,1,0,0,0,0,0,0,1,0,0,0,0,0,0,0,0,0,56.0
34327,2017,1,29,6,63.0,2.0,6.0,200,81.0,-1.2,1017.75,-23.5,0.0,4.4,1,0,0,0,0,1,0,0,0,0,0,0,0,0,0,0,0,11.0
6562,2013,11,29,9,61.0,42.0,54.0,1200,13.0662,4.3,1013.2,-12.2,0.0,0.9,1,0,0,1,0,0,0,0,0,0,0,0,0,0,0,0,0,38.0
28235,2016,5,20,10,82.0,24.0,20.0,1000,162.0,24.3,1008.0,10.2,0.0,1.5,1,0,0,0,0,0,0,0,0,0,0,1,0,0,0,0,0,82.0
7594,2014,1,11,9,90.0,61.0,67.0,1400,7.0,-4.5,1022.8,-18.7,0.0,0.5,1,0,0,0,0,0,0,0,0,0,0,0,1,0,0,0,0,50.0
908,2013,4,7,19,155.0,54.0,52.0,1000,62.0,10.6,997.4,-0.6,0.0,2.6,1,0,0,0,0,0,0,0,0,0,0,0,0,0,1,0,0,91.0
4882,2013,9,20,9,63.0,4.0,27.0,500,36.0,25.0,1008.3,11.5,0.0,1.6,1,1,0,0,0,0,0,0,0,0,0,0,0,0,0,0,0,30.0
18073,2015,3,24,0,56.0,5.0,35.0,700,36.0,5.8,1020.3,-14.3,0.0,1.5,1,0,0,0,0,0,0,0,1,0,0,0,0,0,0,0,0,35.0
14663,2014,11,1,22,11.0,2.0,9.0,200,61.0,12.1,1008.0,-5.9,0.0,2.7,1,0,0,0,0,0,0,0,0,0,0,0,0,0,0,1,0,10.0
12491,2014,8,3,10,62.0,2.0,19.0,800,90.0,32.0,992.7,23.5,0.0,0.6,1,0,0,0,0,1,0,0,0,0,0,0,0,0,0,0,0,50.0
14474,2014,10,25,1,228.0,2.0,24.0,1900,36.0,9.2,1002.9,8.4,0.0,0.5,1,0,1,0,0,0,0,0,0,0,0,0,0,0,0,0,0,228.0
32182,2016,10,31,21,14.0,2.0,10.0,300,63.0,-0.7,1027.2,-10.9,0.0,2.5,1,0,0,0,0,0,0,0,1,0,0,0,0,0,0,0,0,13.0
24647,2015,12,22,22,477.0,13.0,105.0,8100,23.0,-3.5,1018.1,-4.0,0.0,0.5,1,0,0,0,0,0,0,0,1,0,0,0,0,0,0,0,0,442.0
12688,2014,8,11,15,19.0,2.0,11.0,300,104.0,34.3,993.2,8.1,0.0,2.2,1,0,0,0,0,1,0,0,0,0,0,0,0,0,0,0,0,3.0
33589,2016,12,29,12,16.0,3.0,15.0,400,57.0,0.0,1026.1,-17.7,0.0,2.4,1,0,0,0,0,0,0,0,0,0,1,0,0,0,0,0,0,16.0
15012,2014,11,16,11,276.0,85.0,127.0,2800,5.0,8.1,1019.0,-4.1,0.0,0.7,1,0,0,0,0,0,0,0,0,0,0,0,1,0,0,0,0,187.0
19350,2015,5,16,5,22.0,2.0,13.0,400,43.0,9.0,1004.0,7.3,0.0,1.0,1,0,0,0,0,0,0,0,0,0,0,0,0,0,1,0,0,22.0
31359,2016,9,27,14,12.0,2.0,9.0,300,47.0,19.725,1013.0,2.8,0.0,4.4,1,0,0,0,0,1,0,0,0,0,0,0,0,0,0,0,0,7.0
33293,2016,12,17,4,90.0,6.0,55.0,1800,2.0,-5.3,1013.0,-9.9,0.0,1.1,1,0,0,0,0,0,0,0,0,0,0,0,0,0,0,1,0,72.0
18202,2015,3,29,9,172.0,11.0,30.0,900,41.0,14.6,1009.2,0.4,0.0,0.7,1,0,1,0,0,0,0,0,0,0,0,0,0,0,0,0,0,48.0
21896,2015,8,30,7,22.0,2.0,10.0,500,41.0,21.5,1002.9,17.5,0.0,1.8,1,0,1,0,0,0,0,0,0,0,0,0,0,0,0,0,0,18.0
15546,2014,12,8,17,74.0,30.0,62.0,900,28.0,0.3,1019.0,-15.3,0.0,1.2,1,0,0,0,1,0,0,0,0,0,0,0,0,0,0,0,0,44.0
24929,2016,1,3,16,216.0,22.0,84.0,2500,6.0,1.4,1012.9,-5.1,0.0,1.6,1,0,0,0,0,0,0,0,0,0,0,0,0,1,0,0,0,216.0
2736,2013,6,22,23,29.0,3.0,3.0,300,11.0,20.0,998.5,20.0,0.0,0.6,1,0,1,0,0,0,0,0,0,0,0,0,0,0,0,0,0,9.0
30243,2016,8,12,2,98.0,6.0,7.0,700,2.0,27.7,996.6,26.6,0.0,1.1,1,0,0,0,0,0,0,0,1,0,0,0,0,0,0,0,0,98.0
33496,2016,12,25,15,130.0,37.0,83.0,1700,2.0,1.1,1017.4,-6.9,0.0,1.0,1,0,0,1,0,0,0,0,0,0,0,0,0,0,0,0,0,123.0
25859,2016,2,11,10,143.0,38.0,54.0,2700,2.0,2.6,1008.5,-6.8,0.0,0.5,1,0,1,0,0,0,0,0,0,0,0,0,0,0,0,0,0,143.0
18031,2015,3,22,6,44.0,2.0,2.0,100,87.0,5.7,1018.9,-18.2,0.0,3.3,1,0,0,0,0,1,0,0,0,0,0,0,0,0,0,0,0,8.0
15263,2014,11,26,22,269.0,17.0,108.0,3100,2.0,1.8,1016.0,0.2,0.0,1.6,1,0,0,0,0,0,0,0,1,0,0,0,0,0,0,0,0,239.0
25047,2016,1,8,14,10.0,3.0,7.0,200,48.0,1.0,1017.6,-19.5,0.0,1.4,1,0,0,0,0,0,0,0,0,0,0,1,0,0,0,0,0,10.0
21623,2015,8,18,22,152.0,2.0,33.0,800,65.0,23.4,1002.1,18.9,0.0,1.4,1,1,0,0,0,0,0,0,0,0,0,0,0,0,0,0,0,48.0
10792,2014,5,24,15,53.0,2.0,37.0,1000,42.0,19.9,998.3,18.6,0.0,1.7,1,1,0,0,0,0,0,0,0,0,0,0,0,0,0,0,0,53.0
25549,2016,1,29,12,54.0,39.0,36.0,1300,14.0,-3.4,1027.1,-16.7,0.0,1.5,1,0,0,0,0,0,0,0,0,0,1,0,0,0,0,0,0,44.0
13385,2014,9,9,16,129.0,14.0,18.0,600,240.0,28.0,1000.1,13.1,0.0,0.5,1,0,0,0,0,0,0,0,0,0,0,0,0,1,0,0,0,57.0
23090,2015,10,19,1,112.0,7.0,50.0,1100,2.0,10.6,1012.8,5.1,0.0,1.2,1,0,0,0,0,0,0,0,0,0,1,0,0,0,0,0,0,50.0
31577,2016,10,6,16,92.0,6.0,36.0,1800,2.0,15.2,1015.9,12.5,0.0,0.9,1,0,0,0,0,0,0,0,1,0,0,0,0,0,0,0,0,66.0
32450,2016,11,12,1,103.0,2.0,21.0,1400,16.0,1.3,1009.0,0.0,0.0,0.9,1,0,0,0,1,0,0,0,0,0,0,0,0,0,0,0,0,60.0
25163,2016,1,13,10,37.0,6.0,28.0,600,24.0,-4.7,1017.0,-21.3,0.0,2.6,1,0,0,1,0,0,0,0,0,0,0,0,0,0,0,0,0,12.0
15378,2014,12,1,17,5.0,2.0,7.0,200,61.0,-2.6,1021.0,-25.8,0.0,0.9,1,0,0,0,1,0,0,0,0,0,0,0,0,0,0,0,0,3.0
34489,2017,2,5,0,45.0,7.0,29.0,800,42.0,0.7,1010.6,-11.1,0.0,1.1,1,0,0,0,0,0,0,0,1,0,0,0,0,0,0,0,0,45.0
14108,2014,10,9,19,290.0,2.0,57.0,2200,66.0,15.1,1011.1,13.3,0.0,0.6,1,0,0,0,0,0,0,0,1,0,0,0,0,0,0,0,0,290.0
5469,2013,10,14,20,39.0,18.0,50.0,400,36.0,5.3,1023.5,0.5,0.0,0.6,1,0,0,0,0,0,0,0,1,0,0,0,0,0,0,0,0,18.0
32202,2016,11,1,17,92.0,8.0,78.0,700,14.0,4.9,1021.3,-9.0,0.0,1.5,1,0,0,0,0,0,0,0,0,0,0,0,0,0,0,1,0,52.0
34515,2017,2,6,2,14.0,2.0,8.0,200,74.0,0.5,1019.2,-15.4,0.0,3.6,1,0,0,0,0,1,0,0,0,0,0,0,0,0,0,0,0,5.0
24964,2016,1,5,3,9.0,2.0,4.0,300,47.0,-7.9,1022.5,-20.1,0.0,1.0,1,0,0,0,0,0,0,0,0,0,0,0,1,0,0,0,0,9.0
6610,2013,12,1,9,56.0,44.0,55.0,1200,13.923,3.0,1016.5,-11.4,0.0,1.0,1,0,0,1,0,0,0,0,0,0,0,0,0,0,0,0,0,41.0
11629,2014,6,28,12,20.0,3.0,15.0,600,112.0,33.7,995.8,13.2,0.0,3.0,1,0,0,1,0,0,0,0,0,0,0,0,0,0,0,0,0,13.0
30994,2016,9,12,9,33.0,2.0,14.0,700,6.0,21.3,1009.3,16.9,0.0,1.7,1,1,0,0,0,0,0,0,0,0,0,0,0,0,0,0,0,23.0
16867,2015,2,1,18,47.0,15.0,43.0,600,36.0,0.0,1022.0,-17.3,0.0,0.9,1,0,0,0,0,0,0,0,1,0,0,0,0,0,0,0,0,29.0
28221,2016,5,19,20,147.0,14.0,33.0,900,249.0,24.2,1004.4,10.1,0.0,1.1,1,0,0,1,0,0,0,0,0,0,0,0,0,0,0,0,0,77.0
2660,2013,6,19,19,153.0,3.0,16.0,600,150.0,29.0,993.5,15.5,0.0,1.3,1,0,0,0,0,0,0,0,0,0,0,0,0,0,1,0,0,13.0
10930,2014,5,30,9,36.0,26.0,57.0,1200,87.0,32.9,998.6,10.3,0.0,1.8,1,0,0,0,0,0,0,0,0,0,1,0,0,0,0,0,0,36.0
21306,2015,8,5,17,91.0,5.0,12.0,1100,231.0,29.8,992.5,23.3,0.0,2.5,1,0,0,0,0,0,0,0,0,0,1,0,0,0,0,0,0,72.0
16678,2015,1,24,21,83.0,2.0,56.0,1700,11.0,-1.0,1016.0,-1.6,0.0,0.3,1,1,0,0,0,0,0,0,0,0,0,0,0,0,0,0,0,83.0
19301,2015,5,14,4,18.0,2.0,5.0,200,75.0,16.1,995.3,1.0,0.0,2.5,1,0,0,0,0,0,0,1,0,0,0,0,0,0,0,0,0,7.0
9716,2014,4,9,19,436.0,3.0,17.0,200,114.0,22.0,1006.0,-0.7,0.0,3.0,1,0,0,1,0,0,0,0,0,0,0,0,0,0,0,0,0,80.0
7936,2014,1,25,15,63.0,26.0,11.0,300,77.0,4.2,1018.4,-20.2,0.0,2.4,1,0,1,0,0,0,0,0,0,0,0,0,0,0,0,0,0,14.0
30276,2016,8,13,11,32.0,3.0,25.0,500,2.0,26.0,997.6,22.9,0.0,1.2,1,0,0,0,0,0,0,0,0,0,0,0,0,0,0,1,0,17.0
7834,2014,1,21,9,49.0,59.0,54.0,1300,14.0,-3.2,1026.5,-18.4,0.0,1.1,1,0,1,0,0,0,0,0,0,0,0,0,0,0,0,0,0,30.0
19340,2015,5,15,19,67.0,3.0,24.0,400,104.0,22.5,1003.1,4.0,0.0,2.0,1,0,0,0,0,0,0,0,0,0,0,0,0,1,0,0,0,28.0
13852,2014,9,29,3,76.0,2.0,18.0,1400,15.0,13.9,1004.6,13.3,0.0,1.0,1,0,0,0,0,0,0,0,0,0,0,0,0,0,0,1,0,76.0
20014,2015,6,12,21,18.0,7.0,6.0,300,73.0,21.5,989.4,13.7,0.0,1.1,1,0,0,0,0,0,0,0,0,0,0,0,0,0,1,0,0,7.0
2712,2013,6,21,23,134.0,6.0,50.0,700,30.0,23.8,1000.5,16.1,0.0,0.9,1,0,1,0,0,0,0,0,0,0,0,0,0,0,0,0,0,37.0
23468,2015,11,3,19,181.0,6.0,67.0,1700,46.0,10.9,1013.0,4.6,0.0,2.0,1,0,0,0,0,0,0,0,0,0,0,0,0,0,0,1,0,172.0
14116,2014,10,10,3,275.0,2.0,10.0,1500,75.0,12.0,1013.0,11.7,0.0,0.6,1,0,0,0,0,0,0,0,1,0,0,0,0,0,0,0,0,275.0
4714,2013,9,13,9,38.0,3.0,29.0,700,23.0,19.5,998.7,19.0,0.0,0.6,1,0,1,0,0,0,0,0,0,0,0,0,0,0,0,0,0,55.0
30013,2016,8,2,12,17.0,2.0,4.0,500,83.0,32.4,1001.3,21.6,0.0,2.0,1,1,0,0,0,0,0,0,0,0,0,0,0,0,0,0,0,17.0
23320,2015,10,28,15,5.0,2.0,2.0,200,34.0,15.1,1011.6,-11.4,0.0,3.1,1,0,0,0,0,0,0,1,0,0,0,0,0,0,0,0,0,5.0
24063,2015,11,28,14,280.0,73.0,91.0,4600,25.0,0.0,1019.6,-7.7,0.0,1.6,1,0,0,0,0,0,0,0,0,0,0,0,0,0,1,0,0,280.0
32906,2016,12,1,1,30.0,2.0,9.0,400,57.0,3.4,1018.7,-9.9,0.0,3.0,1,0,0,0,0,0,0,0,0,0,0,0,0,0,1,0,0,8.0
17746,2015,3,10,9,32.0,31.0,40.0,900,23.0,-1.6,1024.7,-23.5,0.0,1.9,1,1,0,0,0,0,0,0,0,0,0,0,0,0,0,0,0,32.0
7373,2014,1,2,4,69.0,19.0,29.0,1100,24.0,-5.8,1011.0,-11.9,0.0,1.3,1,0,0,0,0,0,0,0,0,0,0,0,0,0,0,0,1,44.0
22621,2015,9,29,12,33.0,2.0,9.0,900,19.0,15.3,1021.8,13.1,0.8,1.3,1,0,0,0,0,0,0,0,0,0,0,0,0,0,0,1,0,33.0
24074,2015,11,29,1,203.0,52.0,89.0,4100,7.0,-1.2,1018.3,-4.4,0.0,0.5,1,0,0,0,0,0,0,0,0,0,0,0,0,1,0,0,0,203.0
13350,2014,9,8,5,6.0,2.0,4.0,200,59.0,14.1,1003.5,7.6,0.0,2.3,1,0,0,0,0,0,1,0,0,0,0,0,0,0,0,0,0,6.0
23907,2015,11,22,2,97.0,4.0,34.0,1600,2.0,-0.1,1025.5,-0.5,0.0,1.3,1,0,0,0,0,0,0,0,0,0,1,0,0,0,0,0,0,97.0
14583,2014,10,29,14,96.0,25.0,31.0,700,98.0,15.8,1013.7,1.1,0.0,1.9,1,0,0,0,0,0,0,0,0,0,0,0,0,1,0,0,0,70.0
32540,2016,11,15,19,134.0,15.0,70.0,1700,5.0,3.6,1013.7,-5.6,0.0,2.3,1,0,0,0,0,0,0,0,1,0,0,0,0,0,0,0,0,81.0
22579,2015,9,27,18,88.0,2.0,21.0,500,80.0,21.8,1004.8,11.2,0.0,2.0,1,0,0,0,0,0,0,0,1,0,0,0,0,0,0,0,0,27.0
27911,2016,5,6,22,37.0,2.0,5.0,200,75.0,20.6,1005.6,-7.9,0.0,3.3,1,0,0,0,0,0,0,1,0,0,0,0,0,0,0,0,0,10.0
17091,2015,2,11,2,67.0,6.0,20.0,800,49.0,1.0,1007.0,-14.7,0.0,3.7,1,0,0,0,1,0,0,0,0,0,0,0,0,0,0,0,0,38.0
114,2013,3,5,17,158.0,80.0,79.0,1200,88.0,11.5,1004.6,-7.9,0.0,0.2,1,0,0,0,0,0,0,0,0,0,0,0,1,0,0,0,0,3.0
25449,2016,1,25,8,74.0,7.0,64.0,2000,2.0,-13.2,1023.3,-21.2,0.0,1.1,1,0,0,0,0,0,0,1,0,0,0,0,0,0,0,0,0,24.0
9358,2014,3,25,21,299.0,38.0,100.0,1900,101.0,13.3,1001.2,3.6,0.0,0.8,1,0,0,0,0,0,0,0,0,0,0,0,0,0,0,0,1,250.0
14692,2014,11,3,3,17.0,2.0,30.0,500,8.0,1.4,1009.0,-3.9,0.0,0.8,1,0,0,0,0,0,0,0,1,0,0,0,0,0,0,0,0,9.0
30658,2016,8,29,9,42.0,5.0,12.0,300,26.0,24.4,1004.9,13.3,0.0,2.4,1,1,0,0,0,0,0,0,0,0,0,0,0,0,0,0,0,5.0
19796,2015,6,3,19,67.0,2.0,21.0,300,108.0,28.7,1000.8,0.4,0.0,4.0,1,0,0,0,0,0,0,0,0,0,0,0,0,1,0,0,0,37.0
4894,2013,9,20,21,3.0,1.0,17.0,300,40.0,18.9,1006.8,17.0,0.0,0.4,1,0,0,0,0,0,0,0,0,0,0,0,1,0,0,0,0,13.0
27957,2016,5,8,20,113.0,15.0,26.0,800,144.0,21.7,1000.6,8.9,0.0,2.6,1,0,0,0,0,0,0,0,0,0,0,0,0,1,0,0,0,53.0
329,2013,3,14,16,158.0,57.0,95.0,1500,90.0,7.9,1015.1,-4.6,0.0,0.8,1,0,0,0,0,0,0,0,0,0,0,0,0,0,0,0,1,152.0
25959,2016,2,15,14,11.0,2.0,3.0,200,50.0,3.4,1013.0,-17.5,0.0,7.4,1,0,0,0,0,0,0,0,0,0,0,0,0,0,0,1,0,11.0
16271,2015,1,7,22,64.0,20.0,44.0,1400,12.0,-7.0,1023.0,-18.1,0.0,0.5,1,0,0,0,0,0,0,0,1,0,0,0,0,0,0,0,0,64.0
16018,2014,12,28,9,124.0,37.0,83.0,2100,2.0,-4.1,1028.0,-9.5,0.0,0.7,1,0,0,0,1,0,0,0,0,0,0,0,0,0,0,0,0,93.0
2067,2013,5,26,2,75.0,8.0,24.0,700,62.0,20.4,999.9,17.4,0.0,1.4,1,0,0,0,0,0,0,0,0,0,0,0,0,1,0,0,0,63.0
17482,2015,2,27,9,12.0,2.0,20.0,400,53.0,-2.0,1024.0,-16.9,0.0,2.6,1,0,0,0,0,1,0,0,0,0,0,0,0,0,0,0,0,10.0
16405,2015,1,13,12,147.0,50.0,64.0,2000,17.0,0.5,1022.9,-10.1,0.0,1.2,1,0,0,0,0,0,0,0,0,0,0,1,0,0,0,0,0,147.0
22149,2015,9,9,20,12.0,2.0,10.0,400,25.0,20.3,1012.9,13.5,0.0,2.0,1,0,0,0,0,1,0,0,0,0,0,0,0,0,0,0,0,9.0
30504,2016,8,22,23,49.0,2.0,17.0,700,81.0,24.8,1001.1,22.1,0.0,0.9,1,0,0,0,0,0,0,0,1,0,0,0,0,0,0,0,0,49.0
9045,2014,3,12,20,69.0,19.0,50.0,1000,48.0,5.1,1015.7,-20.3,0.0,2.1,1,0,0,0,0,0,1,0,0,0,0,0,0,0,0,0,0,28.0
33296,2016,12,17,7,125.0,5.0,75.0,1700,2.0,-6.1,1012.9,-9.5,0.0,1.9,1,0,0,0,0,0,0,0,1,0,0,0,0,0,0,0,0,84.0
30137,2016,8,7,16,14.0,2.0,6.0,500,75.0,32.7,998.3,21.6,0.0,1.2,1,0,0,0,0,0,0,0,0,0,0,0,0,0,1,0,0,14.0
30842,2016,9,6,1,10.0,2.0,8.0,300,23.0,17.8,1000.9,16.8,0.0,0.5,1,0,0,0,0,0,0,0,0,0,0,0,0,0,0,1,0,10.0
26503,2016,3,9,6,15.0,4.0,18.0,400,34.0,-6.0,1025.9,-18.7,0.0,0.7,1,0,0,0,0,0,1,0,0,0,0,0,0,0,0,0,0,6.0
24760,2015,12,27,15,36.0,7.0,37.0,1100,34.0,-4.0,1028.2,-13.9,0.0,1.4,1,0,0,0,0,0,0,0,0,0,0,0,1,0,0,0,0,30.0
22278,2015,9,15,5,85.0,2.0,15.0,900,37.0,13.2,1011.8,12.6,0.0,1.4,1,0,0,0,0,0,0,0,0,0,0,0,0,0,0,1,0,85.0
6494,2013,11,26,13,6.0,4.0,5.0,200,79.25399999999998,5.9,1007.5,-20.5,0.0,2.9,1,0,0,0,0,0,0,0,0,0,0,0,0,0,0,1,0,3.0
25075,2016,1,9,18,77.0,15.0,68.0,700,2.0,0.3,1014.6,-16.6,0.0,1.0,1,0,1,0,0,0,0,0,0,0,0,0,0,0,0,0,0,46.0
10461,2014,5,10,20,126.0,20.0,64.0,1200,85.0,16.8,1006.7,5.1,0.0,1.1,1,0,0,0,0,0,0,0,0,0,0,0,1,0,0,0,0,69.0
6900,2013,12,13,11,47.0,28.0,27.0,800,44.0,-0.4,1016.9,-21.3,0.0,2.9,1,1,0,0,0,0,0,0,0,0,0,0,0,0,0,0,0,47.0
19318,2015,5,14,21,28.0,2.0,24.0,400,63.0,22.7,1001.5,3.2,0.0,1.3,1,1,0,0,0,0,0,0,0,0,0,0,0,0,0,0,0,28.0
9454,2014,3,29,21,93.0,5.0,47.0,700,48.0,13.4,1005.1,4.0,0.0,2.4,1,0,0,0,0,0,0,0,0,0,0,0,0,0,0,1,0,36.0
31020,2016,9,13,11,102.0,3.0,27.0,1500,36.0,23.2,1010.2,18.5,0.0,1.0,1,0,0,0,0,0,0,0,0,1,0,0,0,0,0,0,0,91.0
28302,2016,5,23,5,120.0,10.0,29.0,1100,39.0,18.8,1002.9,10.4,0.0,1.8,1,0,0,0,0,0,0,0,0,0,0,0,0,0,1,0,0,58.0
24398,2015,12,12,13,51.0,17.0,38.0,1000,38.0,4.0,1016.1,-8.4,0.0,1.6,1,0,0,1,0,0,0,0,0,0,0,0,0,0,0,0,0,50.0
10169,2014,4,28,16,54.0,3.0,15.0,300,139.0,26.0,1005.8,-1.0,0.0,2.5,1,0,0,0,0,0,0,0,0,0,0,0,0,1,0,0,0,33.0
2461,2013,6,11,12,54.0,7.0,19.0,300,134.0,23.4,998.7,14.7,0.0,2.0,1,0,0,0,0,0,0,0,0,1,0,0,0,0,0,0,0,53.0
7771,2014,1,18,18,131.0,41.0,115.0,1700,6.0,-0.3,1022.2,-13.6,0.0,0.9,1,0,0,0,0,0,0,0,0,0,0,0,0,0,1,0,0,111.0
16832,2015,1,31,7,22.0,2.0,29.0,900,18.0,-12.0,1031.0,-22.9,0.0,1.1,1,0,0,0,0,0,0,0,0,0,0,0,0,0,1,0,0,19.0
21154,2015,7,30,9,41.0,3.0,16.0,800,30.0,27.8,996.1,22.5,0.0,1.4,1,0,0,0,0,0,0,0,0,0,1,0,0,0,0,0,0,39.0
15880,2014,12,22,15,51.0,55.0,41.0,700,41.0,7.3,1020.0,-13.6,0.0,1.4,1,1,0,0,0,0,0,0,0,0,0,0,0,0,0,0,0,25.0
8065,2014,1,31,0,165.0,38.0,31.0,800,36.0,-0.7,1011.8,-4.4,0.0,1.2,1,0,0,0,0,0,0,0,0,0,0,0,0,0,1,0,0,98.0
1290,2013,4,23,17,236.0,14.0,50.0,1200,36.0,13.5,1002.3,9.9,0.0,1.3,1,0,0,0,0,0,0,0,0,1,0,0,0,0,0,0,0,227.0
28178,2016,5,18,1,151.0,3.0,59.0,1000,21.0,18.1,1002.3,12.8,0.0,1.0,1,0,0,0,0,0,1,0,0,0,0,0,0,0,0,0,0,61.0
19925,2015,6,9,4,20.0,4.0,14.0,400,55.0,21.7,992.6,10.2,0.0,2.0,1,0,1,0,0,0,0,0,0,0,0,0,0,0,0,0,0,19.0
16308,2015,1,9,11,41.0,12.0,24.0,500,46.0,3.0,1023.0,-18.4,0.0,1.2,1,0,0,1,0,0,0,0,0,0,0,0,0,0,0,0,0,26.0
20555,2015,7,5,10,55.0,9.0,13.0,1000,84.0,25.2,1001.7,14.9,0.0,1.7,1,0,0,0,0,0,0,0,0,0,0,1,0,0,0,0,0,54.0
19544,2015,5,24,7,128.0,6.0,21.0,1000,94.0,19.1,999.4,14.4,0.0,0.3,1,0,0,0,0,0,0,0,0,0,0,0,0,0,0,1,0,99.0
17172,2015,2,14,11,181.0,47.0,66.0,2100,32.0,4.0,1004.0,-10.5,0.0,0.5,1,0,0,0,0,0,0,0,0,0,1,0,0,0,0,0,0,163.0
9681,2014,4,8,8,178.0,21.0,57.0,1400,35.0,15.5,1007.0,3.9,0.0,1.1,1,1,0,0,0,0,0,0,0,0,0,0,0,0,0,0,0,150.0
12375,2014,7,29,14,107.0,2.0,12.0,700,217.0,32.8,992.9,17.8,0.0,4.5,1,0,0,0,0,0,0,0,0,0,0,1,0,0,0,0,0,107.0
29606,2016,7,16,13,36.0,2.0,8.0,500,39.0,23.9,994.5,17.4,0.0,1.1,1,0,0,0,0,0,0,0,0,0,0,0,0,0,1,0,0,19.0
18428,2015,4,7,19,60.0,3.0,37.0,400,74.0,10.8,1017.2,-13.3,0.0,2.7,1,0,0,0,0,0,0,0,0,1,0,0,0,0,0,0,0,27.0
17213,2015,2,16,4,259.0,24.0,88.0,5000,2.0,-2.0,1009.0,-7.7,0.0,1.0,1,0,0,0,0,0,0,0,1,0,0,0,0,0,0,0,0,256.0
15965,2014,12,26,4,57.0,10.0,37.0,1400,12.0,-6.5,1008.0,-12.6,0.0,0.5,1,0,0,0,0,0,0,0,0,0,0,1,0,0,0,0,0,51.0
6118,2013,11,10,21,103.0,21.0,80.0,1300,2.3562,0.4,1019.2,-11.0,0.0,0.7,1,0,0,0,0,0,0,0,0,0,0,0,0,0,0,0,1,51.0
29493,2016,7,11,20,73.0,3.0,23.0,600,139.0,32.1,989.1,20.7,0.0,0.8,1,0,0,0,0,0,0,0,0,0,0,0,1,0,0,0,0,55.0
22573,2015,9,27,12,31.0,3.0,9.0,500,101.0,25.5,1005.8,9.7,0.0,1.2,1,0,0,1,0,0,0,0,0,0,0,0,0,0,0,0,0,31.0
19811,2015,6,4,10,188.0,2.0,35.0,600,38.0,19.0,996.8,15.9,0.6,0.7,1,0,0,0,0,0,0,0,0,0,0,0,0,0,0,1,0,28.0
31471,2016,10,2,6,166.0,4.0,20.0,1100,30.0,13.3,1005.7,12.7,0.0,0.7,1,0,0,0,0,0,0,0,0,0,0,0,0,0,0,1,0,166.0
14381,2014,10,21,4,3.0,23.0,49.0,1600,11.0,12.4,1015.0,0.8,0.0,1.2,1,0,0,0,0,0,0,0,0,0,0,0,1,0,0,0,0,3.0
24700,2015,12,25,3,305.0,6.0,75.0,4500,16.0,-5.1,1014.0,-5.4,0.0,0.9,1,0,0,0,0,0,0,0,0,0,0,0,0,0,0,1,0,305.0
21707,2015,8,22,10,14.0,2.0,2.0,400,62.0,28.8,997.7,16.4,0.0,3.0,1,1,0,0,0,0,0,0,0,0,0,0,0,0,0,0,0,7.0
33748,2017,1,5,3,442.0,2.0,99.0,6700,2.0,-1.6,1020.8,-2.2,0.0,1.4,1,0,0,0,0,0,0,0,0,0,0,0,0,0,0,1,0,247.0
23486,2015,11,4,13,193.0,37.0,46.0,1400,65.0,14.7,1013.4,4.4,0.0,0.9,1,0,0,0,0,0,0,0,0,0,0,0,1,0,0,0,0,193.0
16281,2015,1,8,8,83.0,16.0,56.0,2200,2.0,-10.0,1024.0,-14.6,0.0,0.7,1,0,0,0,0,0,0,0,0,0,0,0,0,0,0,1,0,69.0
25393,2016,1,23,0,15.0,2.0,11.0,400,51.0,-15.3,1035.3,-28.7,0.0,1.4,1,0,0,1,0,0,0,0,0,0,0,0,0,0,0,0,0,12.0
16495,2015,1,17,6,15.0,5.0,35.0,500,33.0,-10.0,1027.0,-17.8,0.0,0.7,1,0,0,0,0,1,0,0,0,0,0,0,0,0,0,0,0,15.0
23804,2015,11,17,19,83.0,11.0,58.0,1100,3.0,6.8,1019.8,0.7,0.0,1.3,1,0,0,0,0,0,0,0,0,1,0,0,0,0,0,0,0,83.0
3906,2013,8,10,17,219.0,3.0,12.0,1100,213.0,32.1,995.9,26.6,0.0,1.9,1,1,0,0,0,0,0,0,0,0,0,0,0,0,0,0,0,150.0
13018,2014,8,25,9,11.0,4.0,22.0,500,42.0,27.9,1003.6,9.7,0.0,2.9,1,0,0,0,0,1,0,0,0,0,0,0,0,0,0,0,0,11.0
28306,2016,5,23,9,108.0,11.0,42.0,1400,49.0,22.2,1002.5,10.7,0.0,1.0,1,0,0,0,0,0,0,0,0,1,0,0,0,0,0,0,0,65.0
545,2013,3,23,16,114.0,74.0,6.0,1000,47.0,11.4,1003.1,-10.8,0.0,8.5,1,0,0,0,0,0,0,1,0,0,0,0,0,0,0,0,0,78.0
5684,2013,10,23,19,50.0,3.0,18.0,400,44.0,9.6,1015.4,-6.7,0.0,1.4,1,0,0,0,0,0,0,1,0,0,0,0,0,0,0,0,0,14.0
21396,2015,8,9,11,25.0,2.0,6.0,500,94.0,28.8,1002.7,20.3,0.0,2.1,1,0,0,0,0,0,0,0,0,0,0,0,0,1,0,0,0,25.0
3288,2013,7,15,23,54.0,3.0,12.0,900,2.0,22.7,987.6,22.7,0.0,1.0,1,0,0,0,0,0,0,0,0,0,0,0,0,0,1,0,0,39.0
19071,2015,5,4,14,48.0,2.0,9.0,200,97.0,23.3,1003.1,-7.7,0.0,5.2,1,0,0,0,0,0,0,0,0,1,0,0,0,0,0,0,0,14.0
14788,2014,11,7,3,24.0,2.0,21.0,400,18.0,-0.2,1008.0,-6.6,0.0,0.8,1,0,0,0,0,0,0,0,0,0,0,0,0,0,0,1,0,20.0
22950,2015,10,13,5,14.0,2.0,27.0,400,2.0,6.8,1012.3,3.6,0.0,1.2,1,0,0,0,0,0,0,0,0,0,0,0,0,0,0,1,0,14.0
23791,2015,11,17,6,65.0,2.0,30.0,1500,2.0,1.4,1015.3,0.7,0.0,1.6,1,0,0,0,0,0,0,0,1,0,0,0,0,0,0,0,0,65.0
9683,2014,4,8,10,222.0,43.0,59.0,1300,34.0,20.0,1006.1,4.5,0.0,2.2,1,0,0,0,0,0,0,0,0,0,1,0,0,0,0,0,0,159.0
17342,2015,2,21,13,202.0,2.0,43.0,2500,8.0,1.0,1001.0,-0.3,0.0,1.8,1,0,0,0,0,0,0,0,0,0,0,0,0,0,1,0,0,202.0
7489,2014,1,7,0,220.0,55.0,81.0,1900,3.0,-3.0,1015.1,-4.9,0.0,0.8,1,0,0,0,0,0,0,0,1,0,0,0,0,0,0,0,0,230.0
14955,2014,11,14,2,42.0,2.0,38.0,1000,4.0,-2.1,1014.0,-9.0,0.0,0.6,1,0,0,0,0,0,0,0,0,0,0,0,0,0,0,1,0,30.0
6550,2013,11,28,21,68.0,43.0,49.0,1600,32.3442,-0.4,1015.0,-16.3,0.0,0.6,1,0,0,0,0,0,0,0,0,0,1,0,0,0,0,0,0,52.0
32707,2016,11,22,18,18.0,2.0,13.0,300,45.0,-2.0,1028.3,-17.7,0.0,4.2,1,0,0,0,0,0,0,0,1,0,0,0,0,0,0,0,0,3.0
12352,2014,7,28,15,105.0,18.0,19.0,1000,289.0,35.0,992.9,15.8,0.0,3.5,1,0,0,0,0,0,0,0,0,1,0,0,0,0,0,0,0,105.0
26421,2016,3,5,20,134.0,2.0,11.0,400,60.0,5.3,1010.8,-13.2,0.0,1.8,1,0,0,0,0,0,0,0,1,0,0,0,0,0,0,0,0,30.0
34894,2017,2,21,21,74.0,2.0,59.0,300,5.0,-3.3,1017.1,-4.4,0.9,1.8,1,0,0,0,0,0,0,0,0,0,0,1,0,0,0,0,0,74.0
22412,2015,9,20,19,173.0,3.0,33.0,1400,113.0,21.0,1001.9,18.4,0.0,1.4,1,0,0,0,0,0,0,0,1,0,0,0,0,0,0,0,0,142.0
3631,2013,7,30,6,57.0,3.0,16.0,1300,13.0,23.6,990.2,23.6,0.0,0.6,1,0,0,0,0,0,0,0,0,0,0,0,0,0,0,1,0,84.0
23218,2015,10,24,9,96.0,2.0,25.0,700,2.0,12.5,1016.4,9.9,0.0,0.8,1,0,0,0,0,0,0,0,0,0,0,0,0,0,1,0,0,62.0
30295,2016,8,14,6,11.0,2.0,12.0,300,7.0,20.0,997.5,17.2,0.0,1.5,1,0,0,0,0,0,0,0,0,0,0,0,0,0,0,1,0,11.0
30482,2016,8,22,1,115.0,3.0,21.0,1500,94.0,25.2,1003.0,22.3,0.0,1.1,1,0,0,0,0,1,0,0,0,0,0,0,0,0,0,0,0,99.0
31883,2016,10,19,10,252.0,7.0,45.0,1700,11.0,17.5,1008.2,14.2,0.0,1.5,1,0,0,0,0,0,0,0,0,0,0,0,0,1,0,0,0,246.0
5791,2013,10,28,6,198.0,4.0,40.0,1600,14.994000000000002,3.8,1009.8,3.4,0.0,0.9,1,0,0,0,0,0,0,0,1,0,0,0,0,0,0,0,0,194.0
28207,2016,5,19,6,80.0,2.0,21.0,800,42.0,16.6,1005.4,13.3,0.0,0.7,1,0,0,0,0,1,0,0,0,0,0,0,0,0,0,0,0,80.0
33120,2016,12,9,23,35.0,4.0,37.0,1100,13.0,-5.4,1020.9,-11.3,0.0,2.5,1,0,0,0,0,0,0,0,1,0,0,0,0,0,0,0,0,32.0
22641,2015,9,30,8,13.0,2.0,9.0,600,2.0,13.4,1013.5,12.6,0.0,0.4,1,0,0,0,0,0,0,0,0,0,0,0,0,0,1,0,0,13.0
14858,2014,11,10,1,36.0,3.0,20.0,700,38.0,0.6,1007.0,-3.9,0.0,0.8,1,0,0,0,0,0,0,0,1,0,0,0,0,0,0,0,0,36.0
22102,2015,9,7,21,71.0,2.0,25.0,900,77.0,20.8,1005.0,18.2,0.0,1.0,1,0,0,0,0,0,0,0,1,0,0,0,0,0,0,0,0,39.0
19322,2015,5,15,1,33.0,2.0,6.0,200,80.0,19.5,1003.4,3.6,0.0,2.8,1,0,0,0,0,1,0,0,0,0,0,0,0,0,0,0,0,10.0
10090,2014,4,25,9,142.0,18.0,46.0,1200,57.0,20.6,1009.0,9.5,0.0,1.2,1,0,0,0,0,0,0,0,0,0,0,0,0,0,0,0,1,125.0
32038,2016,10,25,21,173.0,2.0,89.0,1900,4.0,10.2,1007.0,9.0,0.0,1.1,1,0,0,0,0,0,0,0,1,0,0,0,0,0,0,0,0,127.0
24198,2015,12,4,5,9.0,2.0,9.0,300,53.0,-4.1,1018.0,-13.5,0.0,1.5,1,0,0,0,0,1,0,0,0,0,0,0,0,0,0,0,0,9.0
23523,2015,11,6,2,15.0,2.0,8.0,300,32.0,4.4,1022.5,-3.6,0.0,3.6,1,0,0,0,0,0,1,0,0,0,0,0,0,0,0,0,0,15.0
29194,2016,6,29,9,102.0,2.0,10.0,800,44.0,23.1,996.3,19.3,0.0,1.1,1,0,0,0,0,0,0,0,0,0,0,0,0,0,0,1,0,102.0
2408,2013,6,9,7,79.0,4.0,34.0,1500,2.0,19.6,1000.7,19.6,0.0,1.3,1,0,0,0,0,0,0,0,0,0,0,0,0,0,0,1,0,76.0
30439,2016,8,20,6,26.0,2.0,18.0,500,7.0,23.2,1000.9,21.1,0.0,1.1,1,1,0,0,0,0,0,0,0,0,0,0,0,0,0,0,0,26.0
25092,2016,1,10,11,25.0,7.0,14.0,500,40.0,-0.1,1022.2,-16.9,0.0,2.9,1,0,0,1,0,0,0,0,0,0,0,0,0,0,0,0,0,18.0
4305,2013,8,27,8,41.0,13.0,30.0,1300,29.0,22.3,1000.7,20.0,0.0,1.5,1,0,0,0,0,0,0,0,0,0,0,0,0,0,0,1,0,35.0
11828,2014,7,6,19,200.0,5.0,22.0,1300,200.0,27.6,995.6,23.6,0.0,0.1,1,0,0,1,0,0,0,0,0,0,0,0,0,0,0,0,0,200.0
4391,2013,8,30,22,58.0,1.0,13.0,300,41.0,16.2,1003.2,13.9,0.0,0.5,1,0,0,1,0,0,0,0,0,0,0,0,0,0,0,0,0,9.0
3107,2013,7,8,10,70.0,3.0,18.0,900,77.0,26.9,994.5,23.6,0.0,0.7,1,0,0,0,0,0,0,0,1,0,0,0,0,0,0,0,0,56.0
6654,2013,12,3,5,48.0,45.0,49.0,1000,4.4982,-2.7,1012.8,-10.1,0.0,1.3,1,0,0,0,0,0,0,0,0,0,0,0,0,0,0,1,0,46.0
22436,2015,9,21,19,123.0,18.0,45.0,1400,163.0,21.8,1001.3,14.4,0.0,0.7,1,0,0,0,0,1,0,0,0,0,0,0,0,0,0,0,0,93.0
34730,2017,2,15,1,226.0,14.0,65.0,2900,32.0,-4.0,1018.6,-6.5,0.0,1.3,1,0,0,0,0,0,0,0,1,0,0,0,0,0,0,0,0,226.0
1132,2013,4,17,3,62.0,21.0,25.0,500,73.0,7.8,1003.6,-0.9,0.0,2.2,1,0,0,1,0,0,0,0,0,0,0,0,0,0,0,0,0,46.0
28185,2016,5,18,8,164.0,6.0,46.0,700,41.0,22.8,1004.7,13.6,0.0,1.2,1,0,0,1,0,0,0,0,0,0,0,0,0,0,0,0,0,58.0
23739,2015,11,15,2,330.0,9.0,75.0,4500,2.0,7.3,1009.2,6.6,0.0,0.7,1,0,0,0,1,0,0,0,0,0,0,0,0,0,0,0,0,330.0
3627,2013,7,30,2,126.0,3.0,54.0,1000,2.0,23.1,989.0,23.1,0.0,0.8,1,0,0,0,0,0,0,0,0,0,0,0,0,0,1,0,0,131.0
26289,2016,2,29,8,24.0,4.0,16.0,900,59.0,-4.9,1027.5,-19.1,0.0,2.4,1,0,1,0,0,0,0,0,0,0,0,0,0,0,0,0,0,12.0
21889,2015,8,30,0,49.0,3.0,6.0,800,92.0,23.1,1002.0,17.1,0.0,1.3,1,0,0,1,0,0,0,0,0,0,0,0,0,0,0,0,0,24.0
30877,2016,9,7,12,85.0,2.0,11.0,600,71.0,26.6,997.5,16.5,0.0,1.5,1,0,0,0,0,0,0,0,0,0,1,0,0,0,0,0,0,56.0
10240,2014,5,1,15,197.0,29.0,23.0,1100,233.0,26.2,995.3,13.3,0.0,2.2,1,0,0,0,0,0,0,0,0,1,0,0,0,0,0,0,0,166.0
19885,2015,6,7,12,5.0,2.0,8.0,2000,68.0,28.3,998.9,0.9,0.0,2.2,1,0,0,0,0,0,0,0,0,0,0,0,0,0,0,0,1,3.0
15593,2014,12,10,16,107.0,2.0,8.0,200,74.0,2.4,1015.0,-17.8,0.0,6.8,1,0,0,0,0,0,0,0,0,0,0,0,0,0,0,1,0,7.0
12690,2014,8,11,17,28.0,2.0,15.0,300,102.0,32.4,993.2,8.6,0.0,2.6,1,0,0,1,0,0,0,0,0,0,0,0,0,0,0,0,0,11.0
18662,2015,4,17,13,169.0,13.0,48.0,600,79.0,22.9,998.5,-2.7,0.0,2.4,1,0,0,0,0,0,0,0,0,0,0,1,0,0,0,0,0,86.0
31813,2016,10,16,12,140.0,2.0,45.0,1000,4.0,16.1,1009.1,13.2,0.0,1.3,1,0,0,0,0,0,0,0,0,0,0,0,0,0,0,0,1,140.0
32109,2016,10,28,20,23.0,2.0,13.0,200,60.0,5.7,1023.0,-4.8,0.0,1.7,1,0,0,0,0,0,0,0,1,0,0,0,0,0,0,0,0,11.0
12709,2014,8,12,12,10.0,5.0,10.0,400,106.0,32.9,997.0,9.7,0.0,2.0,1,0,0,1,0,0,0,0,0,0,0,0,0,0,0,0,0,10.0
16504,2015,1,17,15,34.0,2.0,32.0,600,48.0,1.0,1021.0,-16.9,0.0,1.0,1,1,0,0,0,0,0,0,0,0,0,0,0,0,0,0,0,29.0
22187,2015,9,11,10,8.0,2.0,6.0,300,40.0,19.4,1007.8,12.4,0.0,1.4,1,0,0,0,0,0,0,0,1,0,0,0,0,0,0,0,0,3.0
3346,2013,7,18,9,134.0,8.0,7.0,1400,87.0,25.3,996.3,23.7,0.0,1.0,1,0,0,0,0,0,0,0,1,0,0,0,0,0,0,0,0,141.0
15936,2014,12,24,23,19.0,3.0,21.0,600,57.0,-3.2,1007.0,-14.0,0.0,1.7,1,1,0,0,0,0,0,0,0,0,0,0,0,0,0,0,0,10.0
7805,2014,1,20,4,6.0,1.0,2.0,200,84.0,-4.1,1018.0,-20.0,0.0,0.9,1,0,0,0,0,0,0,0,0,0,0,0,0,0,0,0,1,7.0
16260,2015,1,7,11,22.0,8.0,27.0,600,37.0,0.0,1019.0,-19.2,0.0,1.9,1,0,1,0,0,0,0,0,0,0,0,0,0,0,0,0,0,22.0
31631,2016,10,8,22,22.0,2.0,10.0,400,18.0,6.4,1014.9,2.5,0.0,1.0,1,0,0,0,0,0,0,0,1,0,0,0,0,0,0,0,0,13.0
5259,2013,10,6,2,176.0,3.0,15.0,1900,35.343,12.9,1014.2,12.4,0.0,0.6,1,0,0,0,0,0,0,0,0,0,0,0,0,0,0,1,0,235.0
14279,2014,10,16,22,94.0,5.0,50.0,700,24.0,8.7,1009.0,1.1,0.0,2.2,1,0,0,0,0,0,0,0,0,0,0,0,0,0,0,1,0,57.0
134,2013,3,6,13,178.0,89.0,80.0,1600,88.0,11.2,1002.7,-6.2,0.0,1.7,1,1,0,0,0,0,0,0,0,0,0,0,0,0,0,0,0,170.0
30645,2016,8,28,20,53.0,2.0,19.0,400,51.0,22.3,1001.6,13.6,0.0,2.0,1,0,0,0,0,0,0,0,1,0,0,0,0,0,0,0,0,19.0
13239,2014,9,3,14,16.0,5.0,13.0,400,117.0,30.0,998.1,12.9,0.0,1.4,1,0,0,0,0,0,0,0,0,0,0,0,0,1,0,0,0,16.0
12816,2014,8,16,23,174.0,9.0,33.0,1700,152.0,25.0,999.8,19.6,0.0,1.8,1,0,0,0,0,0,0,0,0,0,0,0,0,0,1,0,0,101.0
7294,2013,12,29,21,127.0,43.0,73.0,2200,7.0,-4.5,1008.0,-18.0,0.0,1.3,1,0,0,0,0,0,0,0,1,0,0,0,0,0,0,0,0,91.0
15088,2014,11,19,15,299.0,72.0,108.0,2400,18.0,8.6,1020.0,-1.5,0.0,1.6,1,0,0,0,0,0,0,0,0,1,0,0,0,0,0,0,0,214.0
13457,2014,9,12,16,65.0,11.0,15.0,900,117.0,22.6,1005.2,16.4,0.0,1.1,1,0,0,0,0,0,1,0,0,0,0,0,0,0,0,0,0,65.0
18996,2015,5,1,11,205.0,32.0,46.0,1500,94.0,22.6,999.6,13.6,0.0,1.4,1,0,0,0,0,0,0,0,0,1,0,0,0,0,0,0,0,172.0
15789,2014,12,18,20,218.0,53.0,98.0,4000,2.0,-2.2,1013.0,-8.9,0.0,1.6,1,0,0,0,0,0,0,0,1,0,0,0,0,0,0,0,0,164.0
9128,2014,3,16,7,157.0,42.0,65.0,1600,16.0,6.2,1009.0,-5.2,0.0,1.5,1,0,0,1,0,0,0,0,0,0,0,0,0,0,0,0,0,119.0
20568,2015,7,5,23,100.0,6.0,27.0,700,104.0,22.2,1002.2,16.5,0.0,0.7,1,0,0,0,0,0,1,0,0,0,0,0,0,0,0,0,0,62.0
14129,2014,10,10,16,249.0,42.0,45.0,3200,149.0,19.5,1011.2,15.2,0.0,1.0,1,0,0,0,1,0,0,0,0,0,0,0,0,0,0,0,0,249.0
29586,2016,7,15,17,20.0,2.0,6.0,500,67.0,20.5,994.7,18.1,0.0,1.5,1,0,0,0,0,0,0,0,0,0,0,0,0,0,1,0,0,20.0
9611,2014,4,5,10,40.0,2.0,7.0,300,93.0,15.0,1014.9,-13.3,0.0,4.1,1,0,0,0,0,0,0,0,0,0,0,0,0,0,0,0,1,12.0
13783,2014,9,26,6,86.0,2.0,57.0,1700,2.0,17.3,1003.4,15.3,0.0,1.0,1,0,0,0,0,0,0,0,0,0,0,0,0,0,1,0,0,81.0
18988,2015,5,1,3,198.0,17.0,22.0,1100,115.0,17.8,1000.0,13.5,0.0,1.9,1,0,0,0,0,0,0,0,0,0,0,0,0,0,0,1,0,198.0
5640,2013,10,21,23,114.0,3.0,52.0,800,22.0,6.4,1015.5,3.7,0.0,0.6,1,0,0,0,0,0,0,0,1,0,0,0,0,0,0,0,0,105.0
1071,2013,4,14,14,163.0,18.0,30.0,600,86.0,16.5,998.7,-5.3,0.0,1.3,1,0,0,0,0,0,0,0,0,0,0,0,1,0,0,0,0,45.0
22142,2015,9,9,13,38.0,3.0,4.0,400,65.0,24.1,1010.5,15.6,0.0,3.6,1,0,0,0,0,0,1,0,0,0,0,0,0,0,0,0,0,10.0
32608,2016,11,18,15,403.0,9.0,74.0,2500,2.0,7.3,1003.6,4.3,0.0,0.8,1,1,0,0,0,0,0,0,0,0,0,0,0,0,0,0,0,220.0
25522,2016,1,28,9,112.0,29.0,55.0,1900,2.0,-7.2,1021.7,-14.5,0.0,0.6,1,1,0,0,0,0,0,0,0,0,0,0,0,0,0,0,0,111.0
19990,2015,6,11,21,18.0,2.0,2.0,300,68.0,19.7,988.8,12.0,0.0,1.7,1,0,0,0,0,0,0,0,1,0,0,0,0,0,0,0,0,5.0
30324,2016,8,15,11,9.0,2.0,4.0,500,63.0,23.0,1001.3,19.4,0.0,2.1,1,0,0,0,0,0,0,0,0,0,0,0,0,0,0,0,1,9.0
24177,2015,12,3,8,14.0,2.0,2.0,400,47.0,-1.8,1013.1,-17.1,0.0,3.9,1,0,0,0,0,0,0,0,0,0,0,0,0,0,0,1,0,5.0
31649,2016,10,9,16,79.0,8.0,78.0,600,9.0,16.9,1011.6,2.5,0.0,1.2,1,0,0,0,0,0,0,0,0,0,0,0,0,0,1,0,0,58.0
5273,2013,10,6,16,151.0,49.0,25.0,2400,44.0,19.4,1011.4,14.6,0.0,2.0,1,0,0,0,0,0,0,0,0,0,0,0,0,0,1,0,0,146.0
25935,2016,2,14,14,5.0,2.0,2.0,200,53.0,-0.6,1021.0,-20.3,0.0,5.1,1,0,0,0,0,0,0,0,0,0,0,0,0,0,1,0,0,3.0
12125,2014,7,19,4,185.0,2.0,33.0,1500,63.0,26.0,1000.0,24.2,0.0,1.0,1,0,0,0,0,0,0,0,1,0,0,0,0,0,0,0,0,185.0
30234,2016,8,11,17,80.0,2.0,14.0,700,44.0,31.8,996.7,26.8,0.0,1.5,1,0,0,0,0,1,0,0,0,0,0,0,0,0,0,0,0,71.0
7709,2014,1,16,4,196.0,82.0,98.0,2500,3.0,-3.7,1017.3,-10.3,0.0,1.2,1,0,0,0,0,0,0,0,0,0,0,0,0,0,0,1,0,187.0
1241,2013,4,21,16,187.0,29.0,54.0,1000,127.0,18.0,1005.4,1.0,0.0,2.4,1,0,0,0,0,0,0,0,0,0,0,0,0,1,0,0,0,144.0
4072,2013,8,17,15,25.0,5.0,10.0,200,94.0,35.9,991.8,12.8,0.0,3.8,1,0,0,0,0,0,0,0,0,0,0,0,0,0,0,1,0,17.0
32568,2016,11,16,23,105.0,4.0,43.0,1500,10.0,2.3,1014.3,-1.7,0.0,1.3,1,0,0,0,0,0,0,0,1,0,0,0,0,0,0,0,0,88.0
33710,2017,1,3,13,120.0,10.0,66.0,1900,51.0,6.3,1011.7,-8.8,0.0,0.9,1,0,0,1,0,0,0,0,0,0,0,0,0,0,0,0,0,120.0
30916,2016,9,9,3,17.0,2.0,2.0,300,29.0,15.7,999.2,14.6,0.0,1.0,1,0,0,0,0,0,0,0,0,0,0,0,0,0,0,1,0,13.0
4308,2013,8,27,11,68.0,15.0,24.0,1200,37.0,23.7,1000.1,19.8,0.0,0.7,1,0,0,0,0,0,0,0,1,0,0,0,0,0,0,0,0,37.0
11480,2014,6,22,7,24.0,2.0,9.0,600,46.0,21.8,1001.0,17.0,0.0,1.1,1,0,0,1,0,0,0,0,0,0,0,0,0,0,0,0,0,24.0
19129,2015,5,7,0,141.0,10.0,37.0,400,31.0,14.4,1003.2,-1.3,0.0,0.6,1,0,0,0,0,0,0,0,0,0,0,0,0,0,1,0,0,40.0
31006,2016,9,12,21,57.0,2.0,22.0,700,73.0,20.8,1009.1,17.0,0.0,1.2,1,1,0,0,0,0,0,0,0,0,0,0,0,0,0,0,0,34.0
24471,2015,12,15,14,7.0,2.0,2.0,300,71.0,3.0,1015.8,-16.2,0.0,5.5,1,0,0,0,0,0,0,0,1,0,0,0,0,0,0,0,0,7.0
28243,2016,5,20,18,61.0,10.0,19.0,500,192.0,27.0,1005.3,7.4,0.0,2.5,1,0,0,0,0,0,0,0,0,0,1,0,0,0,0,0,0,38.0
21509,2015,8,14,4,158.0,2.0,8.0,1100,100.0,24.4,994.0,22.5,0.0,0.8,1,0,0,0,0,0,0,1,0,0,0,0,0,0,0,0,0,145.0
14477,2014,10,25,4,199.0,2.0,18.0,1700,34.0,8.3,1002.3,7.7,0.0,0.6,1,0,0,0,0,0,0,0,0,0,0,0,0,0,0,1,0,199.0
8462,2014,2,16,13,6.0,32.0,21.0,700,102.0,8.2,1019.5,-12.9,0.0,1.7,1,0,0,0,0,0,0,0,0,0,0,0,0,0,0,0,1,65.0
2004,2013,5,23,11,104.0,22.0,40.0,600,111.0,26.8,1001.9,4.5,0.0,3.3,1,0,0,0,0,0,0,0,0,1,0,0,0,0,0,0,0,41.0
4498,2013,9,4,9,46.0,2.0,48.0,900,40.0,20.8,1008.3,19.5,0.0,1.1,1,0,0,0,0,1,0,0,0,0,0,0,0,0,0,0,0,40.0
25234,2016,1,16,9,108.0,55.0,69.0,2600,2.0,-2.1,1014.1,-9.3,0.0,1.8,1,0,0,0,0,0,0,0,0,0,0,0,0,1,0,0,0,108.0
34929,2017,2,23,8,38.0,2.0,41.0,100,42.0,-5.4,1021.9,-11.5,0.0,1.8,1,0,0,0,0,0,0,0,1,0,0,0,0,0,0,0,0,15.0
24233,2015,12,5,16,16.0,2.0,15.0,300,65.0,6.5,1020.3,-9.0,0.0,1.5,1,0,0,1,0,0,0,0,0,0,0,0,0,0,0,0,0,8.0
20850,2015,7,17,17,35.0,2.0,11.0,500,103.0,27.5,996.8,18.2,0.0,0.7,1,0,0,0,0,0,0,0,0,0,0,0,1,0,0,0,0,26.0
13655,2014,9,20,22,103.0,2.0,27.0,1000,87.0,17.2,1004.6,15.5,0.0,1.3,1,0,0,0,0,0,0,0,1,0,0,0,0,0,0,0,0,82.0
12961,2014,8,23,0,82.0,2.0,33.0,900,75.0,22.7,997.5,20.0,0.0,1.2,1,0,0,0,0,0,0,0,0,0,0,0,0,0,0,1,0,71.0
23577,2015,11,8,8,50.0,2.0,17.0,500,28.0,2.0,1017.0,-0.3,0.0,1.7,1,0,1,0,0,0,0,0,0,0,0,0,0,0,0,0,0,50.0
5847,2013,10,30,14,55.0,11.0,26.0,500,64.0458,15.7,1016.7,-1.0,0.0,1.4,1,0,0,0,0,0,0,0,0,0,0,0,0,1,0,0,0,34.0
4558,2013,9,6,21,112.0,5.0,36.0,1200,93.0,19.8,1008.0,19.5,0.0,0.6,1,0,1,0,0,0,0,0,0,0,0,0,0,0,0,0,0,92.0
22277,2015,9,15,4,81.0,2.0,10.0,800,45.0,13.7,1011.6,13.1,0.0,0.4,1,0,0,0,0,0,0,0,0,1,0,0,0,0,0,0,0,81.0
22876,2015,10,10,3,5.0,2.0,3.0,200,22.0,7.8,1006.2,-3.1,0.0,1.2,1,0,0,0,0,0,0,0,0,0,0,0,0,0,1,0,0,3.0
29357,2016,7,6,4,92.0,2.0,17.0,900,69.0,21.4,1003.2,19.5,0.0,1.2,1,0,0,0,0,0,0,0,1,0,0,0,0,0,0,0,0,92.0
20819,2015,7,16,10,32.0,2.0,12.0,800,81.0,21.9,999.8,19.8,0.1,1.2,1,0,0,0,0,0,0,0,0,0,0,0,0,0,0,0,1,32.0
19216,2015,5,10,15,26.0,2.0,2.0,1700,15.0,8.9,1006.3,8.3,5.5,1.7,1,0,0,0,0,0,0,0,0,0,0,0,0,0,0,1,0,26.0
17491,2015,2,27,18,71.0,18.0,32.0,1000,43.0,0.0,1021.0,-14.8,0.0,0.9,1,0,0,0,0,1,0,0,0,0,0,0,0,0,0,0,0,34.0
19813,2015,6,4,12,44.0,2.0,20.0,600,72.0,18.2,996.4,15.6,0.9,2.1,1,0,0,0,0,0,0,0,0,0,1,0,0,0,0,0,0,40.0
19615,2015,5,27,6,113.0,2.0,32.0,900,44.0,19.6,996.8,15.0,0.0,1.1,1,0,0,0,0,0,0,1,0,0,0,0,0,0,0,0,0,78.0
12157,2014,7,20,12,88.0,2.0,2.0,800,164.0,33.1,995.8,23.4,0.0,2.5,1,0,0,0,0,0,0,0,0,0,1,0,0,0,0,0,0,88.0
6708,2013,12,5,11,25.0,14.0,14.0,300,65.7594,8.4,1016.5,-14.6,0.0,1.4,1,1,0,0,0,0,0,0,0,0,0,0,0,0,0,0,0,9.0
17493,2015,2,27,20,92.0,22.0,36.0,1200,34.0,-0.7,1022.8,-14.3,0.0,0.6,1,0,0,0,0,1,0,0,0,0,0,0,0,0,0,0,0,58.0
30212,2016,8,10,19,93.0,4.0,23.0,800,112.0,30.7,996.6,24.8,0.0,2.7,1,0,0,0,0,0,0,0,0,0,1,0,0,0,0,0,0,76.0
26806,2016,3,21,21,226.0,21.0,71.0,1700,29.0,11.5,1010.0,-1.0,0.0,1.2,1,0,0,0,0,0,0,0,0,0,0,0,0,0,1,0,0,156.0
18131,2015,3,26,10,168.0,27.0,51.0,1100,51.0,13.2,1021.5,-0.1,0.0,1.2,1,0,0,0,0,0,0,0,0,0,0,0,1,0,0,0,0,133.0
6222,2013,11,15,5,58.0,12.0,42.0,900,13.7088,-1.5,1009.9,-6.6,0.0,1.0,1,0,0,0,0,0,0,0,0,0,1,0,0,0,0,0,0,34.0
16795,2015,1,29,18,19.0,8.0,23.0,300,61.0,1.0,1018.0,-20.1,0.0,3.5,1,0,0,0,1,0,0,0,0,0,0,0,0,0,0,0,0,7.0
20391,2015,6,28,14,187.0,21.0,18.0,2200,218.0,30.7,996.6,22.3,0.0,2.5,1,0,0,0,0,0,0,0,0,0,0,1,0,0,0,0,0,187.0
29629,2016,7,17,12,70.0,3.0,9.0,900,136.0,28.7,998.3,18.2,0.0,0.8,1,0,0,0,0,0,0,0,0,0,0,1,0,0,0,0,0,60.0
3933,2013,8,11,20,68.0,3.0,3.0,1000,65.0,24.9,997.6,24.9,0.0,1.8,1,0,0,0,0,0,0,0,0,0,0,0,0,0,1,0,0,59.0
27596,2016,4,23,19,81.0,3.0,30.0,300,85.0,18.6,1003.6,-8.6,0.0,2.1,1,0,0,0,0,0,0,0,0,0,0,0,0,1,0,0,0,31.0
34659,2017,2,12,2,43.0,8.0,12.0,800,54.0,-5.9,1018.5,-15.7,0.0,1.2,1,0,0,0,0,0,0,0,0,0,0,0,0,0,0,1,0,30.0
21480,2015,8,12,23,169.0,2.0,31.0,1000,110.0,27.3,996.7,22.7,0.0,1.2,1,0,0,0,0,1,0,0,0,0,0,0,0,0,0,0,0,112.0
17037,2015,2,8,20,51.0,14.0,34.0,1000,32.0,-6.0,1023.0,-24.9,0.0,1.6,1,0,0,0,0,0,0,0,1,0,0,0,0,0,0,0,0,48.0
7769,2014,1,18,16,48.0,42.0,63.0,700,43.0,3.6,1022.0,-14.2,0.0,0.9,1,0,0,0,0,0,0,0,0,0,0,0,0,1,0,0,0,37.0
7328,2013,12,31,7,113.0,27.0,59.0,1500,12.0,-5.5,1002.8,-14.5,0.0,1.2,1,0,0,1,0,0,0,0,0,0,0,0,0,0,0,0,0,49.0
21450,2015,8,11,17,46.0,2.0,7.0,800,253.0,33.8,997.5,21.9,0.0,1.1,1,0,0,0,0,0,0,0,0,0,0,0,0,1,0,0,0,46.0
5256,2013,10,5,23,229.0,3.0,20.0,1900,46.0,15.2,1014.8,13.6,0.0,0.8,1,0,0,0,0,0,0,0,0,0,0,0,0,0,0,1,0,252.0
19021,2015,5,2,12,75.0,8.0,11.0,600,96.0,22.0,1001.6,10.5,0.0,2.2,1,0,0,1,0,0,0,0,0,0,0,0,0,0,0,0,0,51.0
5526,2013,10,17,5,56.0,4.0,42.0,700,17.0,3.7,1018.0,2.5,0.0,1.1,1,0,0,0,0,0,0,0,0,0,0,0,0,0,0,1,0,44.0
725,2013,3,31,4,78.0,16.0,24.0,600,48.0,3.0,1013.0,0.7,0.0,1.0,1,1,0,0,0,0,0,0,0,0,0,0,0,0,0,0,0,74.0
4251,2013,8,25,2,19.0,1.0,14.0,400,49.0,19.7,1000.1,18.7,0.0,0.8,1,0,0,0,0,0,0,0,0,0,0,0,0,0,0,1,0,15.0
22235,2015,9,13,10,65.0,2.0,22.0,300,19.0,22.7,1008.6,11.4,0.0,1.7,1,1,0,0,0,0,0,0,0,0,0,0,0,0,0,0,0,15.0
20904,2015,7,19,23,53.0,2.0,7.0,700,77.0,22.4,1000.5,20.9,0.0,1.0,1,0,0,0,0,0,0,0,0,0,0,0,0,0,1,0,0,53.0
28869,2016,6,15,20,15.0,2.0,21.0,500,96.0,24.1,993.0,13.0,0.0,1.8,1,0,1,0,0,0,0,0,0,0,0,0,0,0,0,0,0,15.0
21924,2015,8,31,11,51.0,2.0,6.0,500,19.0,22.4,1004.7,19.4,0.0,0.7,1,1,0,0,0,0,0,0,0,0,0,0,0,0,0,0,0,17.0
6915,2013,12,14,2,51.0,23.0,45.0,1500,8.0,-10.2,1017.9,-17.3,0.0,1.0,1,0,0,0,0,0,0,0,0,0,0,0,0,0,0,0,1,57.0
19636,2015,5,28,3,129.0,18.0,21.0,1000,120.0,21.1,995.0,15.0,0.0,0.7,1,0,0,0,0,1,0,0,0,0,0,0,0,0,0,0,0,129.0
22626,2015,9,29,17,16.0,2.0,9.0,600,24.0,14.2,1020.1,13.2,0.6,0.8,1,0,0,0,0,1,0,0,0,0,0,0,0,0,0,0,0,13.0
30154,2016,8,8,9,17.0,2.0,14.0,500,26.0,28.5,1001.8,21.3,0.0,1.4,1,1,0,0,0,0,0,0,0,0,0,0,0,0,0,0,0,17.0
21853,2015,8,28,12,21.0,2.0,3.0,400,90.0,30.8,998.5,16.4,0.0,1.5,1,0,0,0,0,0,0,0,0,1,0,0,0,0,0,0,0,17.0
12868,2014,8,19,3,148.0,2.0,35.0,1000,52.0,20.4,1003.0,18.0,0.0,0.8,1,0,0,0,0,0,1,0,0,0,0,0,0,0,0,0,0,113.0
33705,2017,1,3,8,148.0,2.0,61.0,2900,2.0,-7.3,1014.0,-10.2,0.0,2.2,1,0,0,0,0,0,0,0,1,0,0,0,0,0,0,0,0,148.0
2565,2013,6,15,20,309.0,36.0,58.0,1399,198.0,25.9,997.8,17.8,0.0,0.7,1,0,1,0,0,0,0,0,0,0,0,0,0,0,0,0,0,177.0
15875,2014,12,22,10,80.0,27.0,57.0,1400,4.0,-0.5,1016.0,-12.8,0.0,2.0,1,1,0,0,0,0,0,0,0,0,0,0,0,0,0,0,0,47.0
760,2013,4,1,15,62.0,17.0,7.0,500,107.0,14.8,1008.9,-7.4,0.0,5.2,1,0,0,0,0,0,1,0,0,0,0,0,0,0,0,0,0,23.0
20569,2015,7,6,0,98.0,6.0,21.0,700,98.0,22.5,1002.4,17.2,0.0,1.2,1,1,0,0,0,0,0,0,0,0,0,0,0,0,0,0,0,64.0
15219,2014,11,25,2,71.0,8.0,47.0,1500,2.0,-0.5,1011.0,-5.7,0.0,2.0,1,0,0,0,0,0,0,0,0,0,0,0,0,0,0,1,0,70.0
23161,2015,10,22,0,91.0,2.0,34.0,1200,2.0,9.6,1016.9,9.3,0.0,0.7,1,0,1,0,0,0,0,0,0,0,0,0,0,0,0,0,0,91.0
22463,2015,9,22,22,30.0,2.0,5.0,800,59.0,16.2,1001.2,15.7,0.0,2.0,1,0,0,0,0,0,0,0,1,0,0,0,0,0,0,0,0,30.0
11761,2014,7,4,0,163.0,2.0,17.0,1200,68.0,24.0,994.0,22.4,0.0,1.4,1,0,0,0,0,0,0,0,1,0,0,0,0,0,0,0,0,163.0
6152,2013,11,12,7,72.0,18.0,69.0,900,1.071,0.8,1017.3,-4.8,0.0,0.8,1,0,0,0,0,0,0,0,0,0,0,0,0,0,1,0,0,41.0
20718,2015,7,12,5,110.0,2.0,16.0,900,90.0,22.6,994.5,20.3,0.0,1.0,1,0,0,0,0,0,0,0,1,0,0,0,0,0,0,0,0,110.0
10338,2014,5,5,17,20.0,2.0,12.0,200,98.0,19.4,1004.8,-9.8,0.0,2.7,1,0,0,0,0,0,0,0,0,1,0,0,0,0,0,0,0,14.0
8068,2014,1,31,3,185.0,37.0,32.0,1100,29.0,-1.2,1011.4,-5.4,0.0,1.3,1,0,0,0,0,0,0,0,0,0,0,0,0,0,1,0,0,152.0
18614,2015,4,15,13,203.0,40.0,67.0,1300,89.0,21.9,988.1,5.3,0.0,2.3,1,0,0,0,0,0,0,0,0,0,1,0,0,0,0,0,0,143.0
34052,2017,1,17,19,194.0,8.0,105.0,2300,12.0,-2.733333333,1020.333333,-7.5,0.0,1.3,1,0,0,0,0,1,0,0,0,0,0,0,0,0,0,0,0,171.0
9528,2014,4,1,23,122.0,7.0,58.0,1000,46.0,13.7,1001.5,3.5,0.0,2.2,1,0,0,0,0,0,0,0,0,0,0,0,0,0,0,1,0,93.0
33846,2017,1,9,5,8.0,2.0,2.0,300,51.0,-4.3,1018.6,-12.0,0.0,1.1,1,0,0,0,0,0,0,1,0,0,0,0,0,0,0,0,0,8.0
12668,2014,8,10,19,79.0,7.0,33.0,700,204.0,28.2,993.2,17.7,0.0,1.3,1,0,0,0,0,0,1,0,0,0,0,0,0,0,0,0,0,39.0
12056,2014,7,16,7,88.0,2.0,18.0,800,72.0,25.1,995.9,20.4,0.0,0.7,1,0,1,0,0,0,0,0,0,0,0,0,0,0,0,0,0,77.0
6043,2013,11,7,18,95.0,26.0,70.0,700,25.2756,6.3,1010.3,-4.5,0.0,1.0,1,0,0,0,0,0,0,0,0,0,0,0,0,0,0,1,0,45.0
21332,2015,8,6,19,205.0,2.0,13.0,1100,170.0,27.5,998.5,22.2,0.0,1.8,1,0,0,0,0,1,0,0,0,0,0,0,0,0,0,0,0,125.0
16489,2015,1,17,0,17.0,8.0,24.0,500,55.0,-7.0,1024.0,-19.0,0.0,2.0,1,0,0,0,0,1,0,0,0,0,0,0,0,0,0,0,0,17.0
4834,2013,9,18,9,88.0,1.0,50.0,1400,11.0,21.1,1012.4,21.1,0.0,0.7,1,0,0,0,0,0,0,0,0,0,0,0,0,0,1,0,0,77.0
17165,2015,2,14,4,134.0,12.0,50.0,2100,24.0,-5.0,1002.0,-11.0,0.0,0.0,1,0,0,0,0,0,0,0,0,0,0,0,0,0,0,1,0,134.0
2485,2013,6,12,12,88.0,16.0,30.0,600,116.0,25.0,998.8,13.9,0.0,2.8,1,0,0,0,0,0,0,0,0,0,0,0,0,1,0,0,0,68.0
2744,2013,6,23,7,48.0,3.0,21.0,400,12.0,22.9,996.5,17.4,0.0,0.8,1,0,1,0,0,0,0,0,0,0,0,0,0,0,0,0,0,13.0
30075,2016,8,5,2,59.0,2.0,17.0,600,8.0,26.7,1001.5,24.0,0.0,1.0,1,0,1,0,0,0,0,0,0,0,0,0,0,0,0,0,0,59.0
33784,2017,1,6,15,201.0,21.0,75.0,3100,47.0,4.1,1015.6,-4.9,0.0,1.7,1,0,0,0,0,0,0,0,0,0,1,0,0,0,0,0,0,186.0
12390,2014,7,30,5,94.0,2.0,8.0,1000,158.0,22.5,996.3,21.7,0.1,0.7,1,0,0,0,0,1,0,0,0,0,0,0,0,0,0,0,0,94.0
6882,2013,12,12,17,24.0,13.0,10.0,400,67.0,-3.5,1015.0,-26.5,0.0,1.3,1,0,0,0,1,0,0,0,0,0,0,0,0,0,0,0,0,7.0
26274,2016,2,28,17,58.0,2.0,2.0,300,79.0,1.4,1022.8,-23.3,0.0,9.3,1,0,0,0,0,0,0,0,1,0,0,0,0,0,0,0,0,9.0
34889,2017,2,21,16,121.0,4.0,90.0,2100,2.0,-2.7,1018.9,-4.6,0.3,1.5,1,1,0,0,0,0,0,0,0,0,0,0,0,0,0,0,0,94.0
32396,2016,11,9,19,238.0,12.0,96.0,2600,2.0,4.2,1016.0,0.7,0.0,0.3,1,0,0,0,0,1,0,0,0,0,0,0,0,0,0,0,0,199.0
19451,2015,5,20,10,36.0,2.0,14.0,300,67.0,25.5,1008.5,3.4,0.0,1.8,1,0,0,1,0,0,0,0,0,0,0,0,0,0,0,0,0,14.0
21672,2015,8,20,23,43.0,2.0,16.0,400,49.0,24.5,998.7,12.1,0.0,3.3,1,0,0,0,0,0,1,0,0,0,0,0,0,0,0,0,0,11.0
15797,2014,12,19,4,174.0,17.0,75.0,3500,2.0,-5.5,1013.0,-7.2,0.0,0.7,1,0,0,0,0,0,0,1,0,0,0,0,0,0,0,0,0,137.0
15481,2014,12,6,0,45.0,24.0,41.0,1600,14.0,-7.2,1016.0,-18.5,0.0,2.0,1,0,0,0,0,0,0,0,1,0,0,0,0,0,0,0,0,41.0
895,2013,4,7,6,125.0,28.0,53.0,2299,2.0,3.0,1002.2,-4.0,0.0,2.4,1,0,0,0,0,0,0,0,0,0,0,0,0,0,1,0,0,62.0
28507,2016,5,31,18,116.0,16.0,37.0,1100,75.0,24.4,1001.6,7.1,0.0,1.1,1,0,0,0,0,0,0,0,0,0,0,0,0,1,0,0,0,39.0
26145,2016,2,23,8,18.0,3.0,3.0,500,81.0,-2.7,1029.7,-21.0,0.0,4.5,1,0,0,0,0,0,0,0,1,0,0,0,0,0,0,0,0,3.0
34188,2017,1,23,11,27.0,4.0,13.0,400,71.0,-5.425,1028.0,-18.8,0.0,1.6,1,0,0,0,0,0,0,0,0,0,1,0,0,0,0,0,0,14.0
22011,2015,9,4,2,37.0,2.0,3.0,600,61.0,22.0,1005.1,18.6,0.0,0.6,1,0,0,0,0,0,0,0,0,0,0,0,0,0,1,0,0,24.0
13415,2014,9,10,22,112.0,6.0,36.0,1200,110.0,19.4,1006.1,15.1,0.0,2.2,1,0,0,0,0,0,0,0,0,0,0,0,0,0,0,1,0,72.0
2550,2013,6,15,5,127.0,6.0,23.0,500,63.0,18.9,1000.0,12.9,0.0,1.9,1,0,0,0,0,0,0,0,0,0,0,0,0,0,0,1,0,84.0
34278,2017,1,27,5,5.0,2.0,2.0,200,76.0,-4.675,1024.0,-17.3,0.0,1.7,1,0,0,0,0,0,0,0,0,0,0,0,0,1,0,0,0,3.0
29619,2016,7,17,2,40.0,2.0,6.0,900,35.0,21.0,996.9,18.2,0.0,0.4,1,0,0,0,0,1,0,0,0,0,0,0,0,0,0,0,0,40.0
649,2013,3,28,0,18.0,4.0,8.0,700,93.0,5.7,1011.1,-16.8,0.0,3.0,1,0,0,0,0,1,0,0,0,0,0,0,0,0,0,0,0,12.0
15430,2014,12,3,21,32.0,2.0,3.0,200,76.0,-2.9,1011.0,-24.6,0.0,5.8,1,0,0,0,0,0,0,0,1,0,0,0,0,0,0,0,0,5.0
13426,2014,9,11,9,102.0,5.0,44.0,1200,51.0,22.6,1006.5,15.2,0.0,1.0,1,0,0,0,0,0,0,0,0,0,0,0,0,0,0,0,1,61.0
31274,2016,9,24,1,22.0,3.0,7.0,500,95.0,17.6,1003.7,16.6,0.5,1.2,1,0,0,0,0,1,0,0,0,0,0,0,0,0,0,0,0,22.0
11302,2014,6,14,21,148.0,5.0,42.0,900,198.0,24.8,997.0,19.2,0.0,1.6,1,0,0,0,0,0,0,0,0,0,0,0,0,0,0,1,0,72.0
12619,2014,8,8,18,98.0,7.0,27.0,1000,222.0,28.6,997.9,14.8,0.0,1.2,1,0,0,0,0,0,0,0,0,0,0,0,0,0,0,0,1,51.0
25673,2016,2,3,16,30.0,15.0,17.0,300,46.0,4.8,1016.5,-18.3,0.0,2.6,1,0,1,0,0,0,0,0,0,0,0,0,0,0,0,0,0,26.0
22461,2015,9,22,20,40.0,2.0,15.0,900,72.0,17.7,1001.1,16.2,0.0,2.2,1,0,0,0,0,0,1,0,0,0,0,0,0,0,0,0,0,40.0
31520,2016,10,4,7,62.0,5.0,25.0,1400,2.0,15.5,1007.9,13.5,0.3,2.3,1,0,0,0,0,0,0,0,0,0,0,0,0,0,0,0,1,26.0
6803,2013,12,9,10,13.0,16.0,27.0,700,47.9808,4.9,1015.9,-14.0,0.0,1.1,1,0,0,0,0,0,0,0,0,0,0,0,0,1,0,0,0,11.0
14771,2014,11,6,10,11.0,2.0,7.0,200,58.0,8.4,1004.0,-10.5,0.0,2.8,1,0,1,0,0,0,0,0,0,0,0,0,0,0,0,0,0,3.0
10720,2014,5,21,15,151.0,19.0,28.0,1200,253.0,30.2,994.3,12.6,0.0,2.4,1,0,0,0,0,0,0,0,0,0,0,1,0,0,0,0,0,104.0
9833,2014,4,14,16,256.0,43.0,60.0,1600,260.0,25.1,1004.2,11.3,0.0,1.4,1,0,0,0,0,0,0,0,0,1,0,0,0,0,0,0,0,218.0
13183,2014,9,1,6,58.0,2.0,19.0,1200,38.0,20.7,1005.1,19.7,0.0,0.4,1,0,0,1,0,0,0,0,0,0,0,0,0,0,0,0,0,58.0
27360,2016,4,13,23,77.0,2.0,6.0,200,83.0,19.2,1000.2,-8.1,0.0,4.2,1,0,0,0,0,0,0,0,1,0,0,0,0,0,0,0,0,19.0
837,2013,4,4,20,71.0,13.0,41.0,1700,22.0,5.5,1006.5,5.5,1.3,0.8,1,0,0,0,0,0,0,0,0,0,1,0,0,0,0,0,0,64.0
4005,2013,8,14,20,158.0,3.0,36.0,700,76.0,29.0,995.6,27.6,0.0,0.7,1,0,0,0,0,0,0,0,0,0,0,1,0,0,0,0,0,92.0
17528,2015,3,1,7,219.0,2.0,47.0,2100,2.0,-6.7,1013.2,-8.5,0.0,0.4,1,0,0,1,0,0,0,0,0,0,0,0,0,0,0,0,0,150.0
30755,2016,9,2,10,42.0,2.0,10.0,400,10.0,24.8,993.3,13.4,0.0,1.1,1,1,0,0,0,0,0,0,0,0,0,0,0,0,0,0,0,9.0
10168,2014,4,28,15,44.0,2.0,13.0,300,131.0,26.3,1006.4,-1.5,0.0,2.5,1,0,0,0,0,0,0,0,0,0,0,0,1,0,0,0,0,32.0
34038,2017,1,17,5,109.0,5.0,2.0,1600,2.0,-3.425,1021.0,-6.2,0.0,0.7,1,0,0,0,0,0,0,0,1,0,0,0,0,0,0,0,0,109.0
31373,2016,9,28,4,7.0,2.0,7.0,100,36.0,13.475,1018.0,-2.1,0.0,4.7,1,0,0,0,0,1,0,0,0,0,0,0,0,0,0,0,0,5.0
24027,2015,11,27,2,41.0,6.0,36.0,1000,9.0,-10.0,1018.8,-11.9,0.0,0.3,1,0,0,0,0,0,0,0,0,0,0,0,0,1,0,0,0,41.0
32907,2016,12,1,2,6.0,2.0,5.0,200,69.0,2.6,1018.8,-9.4,0.0,2.9,1,0,0,0,0,0,0,0,0,0,0,0,0,0,1,0,0,5.0
13416,2014,9,10,23,84.0,3.0,35.0,1200,89.0,18.9,1005.9,14.0,0.0,1.4,1,0,0,0,0,0,0,0,1,0,0,0,0,0,0,0,0,65.0
31871,2016,10,18,22,172.0,3.0,46.0,2000,2.0,15.4,1009.2,14.3,0.0,1.1,1,0,0,0,0,0,0,0,0,0,0,0,0,0,1,0,0,156.0
6124,2013,11,11,3,28.0,15.0,57.0,1000,7.7112,-1.3,1021.8,-8.1,0.0,0.9,1,0,0,0,0,0,0,0,1,0,0,0,0,0,0,0,0,19.0
31468,2016,10,2,3,174.0,5.0,25.0,1200,30.0,14.7,1006.3,13.6,0.0,0.4,1,0,0,0,0,0,0,0,0,0,0,0,0,0,0,1,0,174.0
27883,2016,5,5,18,123.0,15.0,31.0,1100,126.0,22.5,993.5,8.6,0.0,2.1,1,0,0,0,0,0,0,0,0,0,0,1,0,0,0,0,0,57.0
13141,2014,8,30,12,87.0,3.0,16.0,800,47.0,21.9,1005.7,19.3,0.1,1.3,1,0,1,0,0,0,0,0,0,0,0,0,0,0,0,0,0,87.0
22337,2015,9,17,16,161.0,15.0,25.0,1200,259.0,26.2,1006.4,16.4,0.0,0.9,1,0,0,0,0,0,0,0,0,0,0,0,0,1,0,0,0,161.0
30171,2016,8,9,2,50.0,2.0,21.0,900,32.0,22.2,1000.8,19.9,0.0,1.5,1,0,0,0,0,0,0,0,1,0,0,0,0,0,0,0,0,50.0
1202,2013,4,20,1,74.0,7.0,52.0,700,19.0,2.5,1013.8,0.7,0.0,0.8,1,0,0,0,0,0,0,0,1,0,0,0,0,0,0,0,0,61.0
5777,2013,10,27,16,246.0,53.0,83.0,1600,76.2552,13.0,1007.4,3.9,0.0,0.5,1,0,0,0,0,0,0,0,0,1,0,0,0,0,0,0,0,201.0
1874,2013,5,18,1,159.0,20.0,49.0,1399,70.0,17.8,1000.5,14.1,0.0,1.2,1,0,0,0,0,0,0,0,0,0,0,0,0,0,1,0,0,145.0
23745,2015,11,15,8,126.0,3.0,32.0,2300,2.0,3.7,1011.4,3.4,0.0,0.5,1,0,0,0,0,0,0,0,0,0,0,0,0,0,1,0,0,126.0
16239,2015,1,6,14,21.0,11.0,13.0,300,60.0,3.0,1018.0,-22.8,0.0,1.3,1,0,0,0,0,0,0,0,0,0,1,0,0,0,0,0,0,13.0
12244,2014,7,24,3,75.0,2.0,49.0,600,23.0,23.3,994.8,19.2,0.0,1.7,1,0,0,0,0,0,0,0,0,0,0,0,0,0,0,1,0,42.0
6034,2013,11,7,9,92.0,7.0,50.0,800,13.2804,10.2,1013.6,-6.6,0.0,1.5,1,0,1,0,0,0,0,0,0,0,0,0,0,0,0,0,0,36.0
17452,2015,2,26,3,32.0,2.0,8.0,800,47.0,-5.5,1015.7,-16.7,0.0,1.2,1,0,0,0,0,0,0,0,0,0,0,0,0,0,0,1,0,20.0
26438,2016,3,6,13,76.0,10.0,16.0,800,49.0,8.5,1006.9,-12.6,0.0,1.7,1,0,0,0,0,1,0,0,0,0,0,0,0,0,0,0,0,26.0
32905,2016,12,1,0,14.0,2.0,10.0,400,64.0,4.0,1018.7,-9.4,0.0,2.5,1,0,0,0,0,0,0,0,0,0,0,0,0,0,0,1,0,6.0
14697,2014,11,3,8,21.0,2.0,33.0,500,8.0,2.6,1007.0,-3.7,0.0,0.5,1,0,0,1,0,0,0,0,0,0,0,0,0,0,0,0,0,6.0
22777,2015,10,6,0,241.0,2.0,15.0,1700,101.0,14.8,1008.5,13.8,0.0,0.4,1,1,0,0,0,0,0,0,0,0,0,0,0,0,0,0,0,241.0
30014,2016,8,2,13,16.0,2.0,2.0,400,91.0,32.9,1000.8,21.7,0.0,2.1,1,1,0,0,0,0,0,0,0,0,0,0,0,0,0,0,0,16.0
4080,2013,8,17,23,6.0,3.0,12.0,200,47.0,23.8,996.4,15.6,0.0,2.4,1,0,0,0,0,0,0,0,0,0,0,0,0,0,0,1,0,3.0
20131,2015,6,17,18,17.0,3.0,8.0,500,30.0,29.1,992.2,17.0,0.0,1.3,1,0,0,0,0,0,0,0,0,0,0,0,0,0,0,0,1,17.0
20900,2015,7,19,19,56.0,3.0,12.0,800,118.0,23.7,999.8,19.8,0.0,1.0,1,0,0,0,0,0,0,0,0,0,0,0,0,1,0,0,0,56.0
29702,2016,7,20,13,279.0,2.0,5.0,500,47.0,22.6,992.5,20.7,11.2,7.6,1,0,0,0,0,1,0,0,0,0,0,0,0,0,0,0,0,7.0
21335,2015,8,6,22,125.0,2.0,6.0,1100,106.0,24.4,1000.4,23.5,0.0,0.8,1,0,0,0,0,1,0,0,0,0,0,0,0,0,0,0,0,118.0
325,2013,3,14,12,111.0,61.0,55.0,1300,90.0,6.1,1018.2,-5.3,0.0,2.9,1,0,0,0,0,0,0,0,0,0,0,0,1,0,0,0,0,110.0
34919,2017,2,22,22,9.0,2.0,10.0,500,97.0,0.2,1018.6,-11.8,0.0,2.7,1,0,0,0,0,0,0,1,0,0,0,0,0,0,0,0,0,9.0
6647,2013,12,2,22,95.0,41.0,58.0,2100,4.4982,-0.7,1011.4,-9.9,0.0,0.7,1,0,0,0,0,0,0,0,1,0,0,0,0,0,0,0,0,88.0
10408,2014,5,8,15,93.0,12.0,24.0,900,178.0,22.6,1002.8,5.1,0.0,2.2,1,0,0,0,0,0,0,0,0,0,0,0,0,1,0,0,0,68.0
5178,2013,10,2,17,23.0,3.0,28.0,200,51.0,18.5,1008.8,5.0,0.0,0.8,1,0,0,0,0,0,1,0,0,0,0,0,0,0,0,0,0,12.0
10787,2014,5,24,10,53.0,2.0,38.0,800,35.0,18.5,999.7,17.8,0.7,1.0,1,0,0,0,0,0,1,0,0,0,0,0,0,0,0,0,0,53.0
5164,2013,10,2,3,18.0,1.0,37.0,700,15.0,10.0,1013.5,10.0,0.0,0.9,1,0,0,0,0,0,0,0,0,0,0,0,0,0,0,1,0,13.0
33843,2017,1,9,2,7.0,2.0,3.0,200,68.0,-1.4,1017.6,-12.7,0.0,1.8,1,0,0,0,0,0,0,1,0,0,0,0,0,0,0,0,0,7.0
11940,2014,7,11,11,30.0,2.0,10.0,300,94.0,31.0,991.6,13.7,0.0,3.7,1,0,0,0,0,1,0,0,0,0,0,0,0,0,0,0,0,5.0
4643,2013,9,10,10,68.0,7.0,6.0,700,44.0,26.6,1004.3,11.1,0.0,1.2,1,1,0,0,0,0,0,0,0,0,0,0,0,0,0,0,0,68.0
29898,2016,7,28,17,145.0,2.0,24.0,700,285.0,31.3,991.9,22.9,0.0,0.9,1,0,0,0,0,0,0,0,0,0,0,0,0,0,1,0,0,80.0
29291,2016,7,3,10,94.0,8.0,18.0,1000,122.0,28.9,998.7,19.0,0.0,1.4,1,0,0,0,0,0,0,0,0,0,0,1,0,0,0,0,0,68.0
34589,2017,2,9,4,10.0,3.0,14.0,500,96.0,-6.1,1020.1,-21.3,0.0,1.8,1,0,0,0,0,0,0,0,1,0,0,0,0,0,0,0,0,7.0
17696,2015,3,8,7,211.0,2.0,40.0,1700,22.0,-0.6,1010.1,-3.3,0.0,1.1,1,0,0,0,1,0,0,0,0,0,0,0,0,0,0,0,0,211.0
7443,2014,1,5,2,159.0,16.0,76.0,2100,2.0,-6.9,1013.6,-8.7,0.0,1.2,1,0,0,0,0,0,0,0,1,0,0,0,0,0,0,0,0,150.0
10231,2014,5,1,6,131.0,4.0,30.0,800,62.0,15.9,1000.2,12.8,0.0,0.6,1,0,0,0,0,0,0,0,0,0,0,0,0,0,0,1,0,107.0
31881,2016,10,19,8,213.0,3.0,59.0,2100,2.0,15.2,1008.1,14.6,0.0,0.6,1,0,0,0,0,0,1,0,0,0,0,0,0,0,0,0,0,166.0
21638,2015,8,19,13,32.0,2.0,4.0,500,125.0,27.8,1002.3,19.3,0.0,2.1,1,0,0,1,0,0,0,0,0,0,0,0,0,0,0,0,0,32.0
29419,2016,7,8,18,118.0,5.0,18.0,1700,249.0,31.0,996.6,21.2,0.0,1.9,1,0,0,0,0,0,0,0,0,0,0,1,0,0,0,0,0,118.0
26009,2016,2,17,16,31.0,9.0,14.0,700,79.0,10.2,1007.9,-13.8,0.0,4.0,1,0,0,0,0,0,0,0,0,0,0,0,0,0,0,0,1,31.0
4490,2013,9,4,1,114.0,10.0,19.0,1300,92.0,21.2,1007.6,19.5,0.0,1.0,1,0,0,0,0,0,0,0,0,0,0,0,0,0,0,0,1,95.0
14240,2014,10,15,7,65.0,2.0,23.0,500,29.0,7.3,1005.1,5.3,0.0,0.7,1,0,0,0,0,0,0,0,0,0,0,0,1,0,0,0,0,39.0
6560,2013,11,29,7,37.0,16.0,56.0,1000,3.6414,-3.1,1013.9,-12.1,0.0,0.5,1,0,0,0,0,0,1,0,0,0,0,0,0,0,0,0,0,23.0
28157,2016,5,17,4,24.0,2.0,12.0,300,47.0,12.3,999.2,8.9,0.0,1.2,1,0,0,0,0,0,0,0,1,0,0,0,0,0,0,0,0,14.0
31217,2016,9,21,16,65.0,14.0,20.0,700,86.0,20.425,1009.25,13.2,0.0,2.3,1,0,0,0,0,1,0,0,0,0,0,0,0,0,0,0,0,56.0
133,2013,3,6,12,185.0,113.0,91.0,1700,88.0,9.7,1003.8,-6.2,0.0,1.8,1,0,1,0,0,0,0,0,0,0,0,0,0,0,0,0,0,175.0
33025,2016,12,6,0,30.0,4.0,17.0,800,36.0,-4.8,1021.1,-13.9,0.0,1.5,1,0,0,0,0,0,0,1,0,0,0,0,0,0,0,0,0,16.0
9500,2014,3,31,19,27.0,9.0,29.0,500,100.0,15.7,1006.1,8.4,0.0,2.0,1,0,0,1,0,0,0,0,0,0,0,0,0,0,0,0,0,12.0
2095,2013,5,27,6,21.0,3.0,8.0,400,72.0,16.6,1000.3,16.6,0.0,2.3,1,0,0,0,0,0,0,0,0,0,0,0,0,0,0,1,0,17.0
31827,2016,10,17,2,81.0,2.0,6.0,600,2.0,9.3,1010.5,9.0,0.0,0.9,1,1,0,0,0,0,0,0,0,0,0,0,0,0,0,0,0,81.0
19114,2015,5,6,9,37.0,2.0,8.0,200,73.0,17.9,1003.6,-12.0,0.0,3.0,1,0,1,0,0,0,0,0,0,0,0,0,0,0,0,0,0,6.0
9336,2014,3,24,23,209.0,31.0,74.0,1800,80.0,9.1,1002.8,3.1,0.0,1.9,1,0,0,0,0,0,0,0,0,0,0,0,0,0,1,0,0,246.0
10674,2014,5,19,17,207.0,31.0,35.0,1600,239.0,27.1,992.8,14.8,0.0,0.7,1,0,0,0,0,0,0,0,1,0,0,0,0,0,0,0,0,159.0
24919,2016,1,3,6,261.0,2.0,66.0,4100,2.0,-5.2,1013.2,-6.3,0.0,2.3,1,0,0,0,0,0,0,0,0,0,0,0,0,0,0,1,0,261.0
403,2013,3,17,18,472.0,71.0,159.0,2799,103.0,10.1,993.1,2.2,0.0,1.2,1,0,0,0,0,0,0,0,0,0,0,0,0,0,1,0,0,413.0
15589,2014,12,10,12,238.0,36.0,71.0,2400,36.0,4.0,1019.0,-17.0,0.0,7.2,1,0,0,0,0,0,0,0,0,0,0,0,0,0,0,1,0,211.0
29569,2016,7,15,0,49.0,2.0,8.0,900,87.0,21.6,997.7,20.8,0.3,1.0,1,0,0,0,0,0,0,0,0,1,0,0,0,0,0,0,0,49.0
8018,2014,1,29,1,85.0,36.0,60.0,1800,8.0,-5.4,1011.8,-8.5,0.0,1.2,1,0,0,0,0,0,0,0,0,0,0,0,0,0,0,1,0,68.0
9990,2014,4,21,5,41.0,2.0,27.0,400,38.0,6.1,1008.2,2.2,0.0,1.2,1,0,0,0,0,0,0,0,1,0,0,0,0,0,0,0,0,17.0
13517,2014,9,15,4,10.0,2.0,9.0,200,25.0,9.5,1011.4,7.9,0.0,0.8,1,0,0,0,1,0,0,0,0,0,0,0,0,0,0,0,0,10.0
34909,2017,2,22,12,109.0,9.0,42.0,1300,79.0,1.2,1013.3,-4.9,0.0,1.1,1,0,0,0,0,0,0,0,0,0,0,1,0,0,0,0,0,109.0
20079,2015,6,15,14,121.0,11.0,21.0,1400,274.0,29.2,996.8,16.7,0.0,2.7,1,0,0,0,0,0,0,0,0,0,0,0,0,0,0,0,1,100.0
3079,2013,7,7,6,52.0,3.0,12.0,400,66.0,23.2,992.5,21.8,0.0,0.8,1,0,0,0,0,0,0,0,0,0,0,0,0,0,0,0,1,38.0
13002,2014,8,24,17,13.0,2.0,11.0,300,118.0,28.9,997.5,15.8,0.0,1.4,1,0,0,0,0,0,1,0,0,0,0,0,0,0,0,0,0,8.0
16835,2015,1,31,10,21.0,5.0,25.0,700,36.0,-4.0,1030.0,-23.2,0.0,1.6,1,0,0,0,0,0,0,0,0,0,1,0,0,0,0,0,0,21.0
28163,2016,5,17,10,104.0,6.0,27.0,500,85.0,25.1,1001.1,8.6,0.0,1.3,1,0,0,0,0,0,0,0,0,0,1,0,0,0,0,0,0,44.0
10313,2014,5,4,16,100.0,2.0,6.0,200,90.0,16.4,1007.8,-13.1,0.0,7.2,1,0,0,0,0,0,0,0,0,0,0,0,0,0,0,1,0,15.0
29595,2016,7,16,2,17.0,2.0,5.0,500,20.0,19.2,993.6,17.9,0.0,1.0,1,0,0,0,0,0,1,0,0,0,0,0,0,0,0,0,0,17.0
12429,2014,7,31,20,166.0,2.0,22.0,1300,181.0,26.3,997.8,22.4,0.0,1.1,1,0,0,0,0,0,0,0,0,0,0,0,0,0,0,1,0,166.0
32313,2016,11,6,8,62.0,2.0,64.0,1400,10.0,6.2,1019.9,-2.2,0.0,1.4,1,0,0,0,0,0,0,0,0,0,0,0,0,0,0,0,1,62.0
4112,2013,8,19,7,15.0,4.0,32.0,700,2.0,23.3,1003.4,17.5,0.0,0.9,1,0,1,0,0,0,0,0,0,0,0,0,0,0,0,0,0,15.0
2472,2013,6,11,23,22.0,3.0,16.0,200,86.0,16.2,1000.5,11.6,0.0,0.7,1,0,0,0,0,1,0,0,0,0,0,0,0,0,0,0,0,15.0
21567,2015,8,16,14,75.0,2.0,11.0,600,227.0,33.1,995.7,17.3,0.0,1.7,1,0,0,0,0,0,0,0,0,0,0,0,0,0,0,0,1,37.0
9367,2014,3,26,6,162.0,15.0,33.0,1300,82.0,7.4,1002.9,4.5,0.0,0.9,1,0,0,0,0,0,0,0,0,0,0,0,0,0,1,0,0,211.0
12693,2014,8,11,20,54.0,5.0,37.0,400,70.0,25.7,996.0,10.7,0.0,1.4,1,0,0,1,0,0,0,0,0,0,0,0,0,0,0,0,0,13.0
4436,2013,9,1,19,66.0,3.0,34.0,500,48.0,22.5,1004.9,10.9,0.0,1.1,1,0,0,0,0,0,1,0,0,0,0,0,0,0,0,0,0,17.0
769,2013,4,2,0,6.0,3.0,16.0,400,71.0,3.7,1014.5,-12.3,0.0,2.0,1,0,0,0,0,0,0,0,0,0,0,0,0,0,0,1,0,3.0
18598,2015,4,14,21,154.0,4.0,108.0,1200,21.0,16.3,994.5,2.7,0.0,0.8,1,0,0,0,0,0,1,0,0,0,0,0,0,0,0,0,0,83.0
20134,2015,6,17,21,28.0,4.0,17.0,600,29.0,27.6,995.4,10.3,0.0,2.5,1,0,0,0,0,0,1,0,0,0,0,0,0,0,0,0,0,28.0
24130,2015,12,1,9,382.0,38.0,114.0,5700,6.0,0.0,1010.8,-1.6,0.0,0.2,1,0,0,0,0,0,0,0,0,0,0,0,0,1,0,0,0,382.0
30950,2016,9,10,13,16.0,2.0,3.0,200,70.0,28.9,1000.7,11.9,0.0,1.4,1,0,0,0,0,0,1,0,0,0,0,0,0,0,0,0,0,4.0
21691,2015,8,21,18,27.0,4.0,4.0,400,125.0,30.8,994.2,16.8,0.0,1.1,1,0,0,0,0,1,0,0,0,0,0,0,0,0,0,0,0,27.0
16749,2015,1,27,20,57.0,15.0,35.0,1300,24.0,-6.0,1027.0,-19.7,0.0,1.0,1,0,0,0,0,0,0,0,0,0,0,0,0,0,1,0,0,57.0
9263,2014,3,21,22,151.0,13.0,84.0,1500,4.0,9.0,1006.9,-8.1,0.0,2.1,1,0,0,0,0,0,0,0,0,0,0,0,0,0,0,1,0,65.0
5834,2013,10,30,1,41.0,3.0,48.0,500,18.207,1.4,1020.1,-1.3,0.0,1.0,1,0,0,0,0,0,0,0,1,0,0,0,0,0,0,0,0,22.0
14652,2014,11,1,11,60.0,3.0,47.0,1100,25.0,13.9,1006.0,-3.0,0.0,3.0,1,0,0,0,0,0,0,0,0,0,0,0,0,0,0,1,0,60.0
16285,2015,1,8,12,149.0,63.0,72.0,1800,13.0,1.0,1018.0,-11.1,0.0,1.1,1,1,0,0,0,0,0,0,0,0,0,0,0,0,0,0,0,110.0
4312,2013,8,27,15,98.0,15.0,35.0,1400,34.0,24.7,998.1,21.0,0.0,1.3,1,0,0,0,0,0,0,0,0,0,0,0,0,0,0,1,0,60.0
21670,2015,8,20,21,11.0,2.0,8.0,300,84.0,26.8,997.7,12.4,0.0,1.2,1,0,0,0,1,0,0,0,0,0,0,0,0,0,0,0,0,11.0
19625,2015,5,27,16,93.0,4.0,16.0,900,250.0,31.0,994.2,11.9,0.0,3.5,1,0,0,0,0,0,0,0,0,1,0,0,0,0,0,0,0,93.0
6151,2013,11,12,6,70.0,44.0,73.0,800,0.4284,-1.3,1016.7,-5.2,0.0,0.5,1,0,0,0,0,0,0,0,0,0,0,1,0,0,0,0,0,46.0
34341,2017,1,29,20,19.0,2.0,5.0,200,78.0,-2.75,1025.0,-22.0,0.0,3.5,1,0,0,0,0,1,0,0,0,0,0,0,0,0,0,0,0,14.0
31426,2016,9,30,9,91.0,2.0,36.0,600,12.0,15.8,1008.6,9.7,0.0,1.2,1,0,0,0,0,0,0,0,0,0,1,0,0,0,0,0,0,71.0
26653,2016,3,15,12,183.0,34.0,56.0,1400,29.0,10.1,1009.1,-5.5,0.0,1.9,1,0,0,0,0,0,0,0,0,0,0,1,0,0,0,0,0,136.0
33687,2017,1,2,14,13.0,3.0,14.0,300,87.0,8.2,1015.5,-13.5,0.0,1.9,1,0,0,0,0,0,0,0,0,0,0,1,0,0,0,0,0,13.0
1141,2013,4,17,12,70.0,28.0,16.0,600,104.0,14.7,1000.4,-4.6,0.0,2.2,1,0,0,0,0,0,0,0,0,0,0,1,0,0,0,0,0,38.0
16648,2015,1,23,15,195.0,78.0,63.0,1800,55.0,6.0,1008.0,-12.6,0.0,1.5,1,0,0,0,0,0,0,0,0,0,1,0,0,0,0,0,0,173.0
22759,2015,10,5,6,144.0,2.0,17.0,1100,34.0,11.5,1011.3,11.0,0.0,0.7,1,0,0,0,0,0,0,1,0,0,0,0,0,0,0,0,0,144.0
21297,2015,8,5,8,83.0,2.0,22.0,700,33.0,25.9,994.4,21.8,0.0,0.9,1,0,0,0,0,0,0,0,0,0,1,0,0,0,0,0,0,43.0
9640,2014,4,6,15,48.0,6.0,24.0,300,106.0,24.6,1004.0,-9.1,0.0,4.0,1,0,0,0,0,0,0,0,0,1,0,0,0,0,0,0,0,24.0
16428,2015,1,14,11,162.0,35.0,66.0,2000,2.0,-3.1,1022.2,-9.8,0.0,0.9,1,0,1,0,0,0,0,0,0,0,0,0,0,0,0,0,0,162.0
28205,2016,5,19,4,76.0,3.0,18.0,800,61.0,16.5,1004.7,13.6,0.0,1.5,1,0,0,0,0,0,0,0,1,0,0,0,0,0,0,0,0,76.0
25119,2016,1,11,14,5.0,2.0,6.0,200,54.0,-2.3,1025.1,-22.3,0.0,2.2,1,1,0,0,0,0,0,0,0,0,0,0,0,0,0,0,0,5.0
24309,2015,12,8,20,250.0,17.0,86.0,3700,17.0,1.1,1020.0,-1.0,0.0,0.8,1,0,0,0,0,0,0,0,0,0,0,0,0,0,0,1,0,250.0
31081,2016,9,16,0,62.0,2.0,11.0,600,92.0,21.2,1004.7,18.6,0.0,1.4,1,0,0,0,0,0,0,0,0,0,0,0,0,0,0,1,0,55.0
33775,2017,1,6,6,135.0,2.0,59.0,3700,2.0,-4.6,1019.1,-7.0,0.0,1.7,1,0,0,0,0,0,0,0,1,0,0,0,0,0,0,0,0,130.0
11673,2014,6,30,8,100.0,2.0,39.0,1400,112.0,26.5,998.3,18.6,0.0,1.3,1,0,0,0,0,1,0,0,0,0,0,0,0,0,0,0,0,57.0
12212,2014,7,22,19,44.0,2.0,30.0,400,48.0,24.3,997.3,18.9,0.0,0.9,1,0,0,0,0,0,0,0,0,0,0,0,0,0,0,1,0,18.0
18796,2015,4,23,3,80.0,6.0,23.0,600,54.0,13.1,1003.5,3.7,0.0,2.1,1,0,0,0,0,0,0,0,1,0,0,0,0,0,0,0,0,46.0
17489,2015,2,27,16,53.0,22.0,30.0,700,49.0,1.0,1023.0,-15.1,0.0,0.6,1,0,0,0,1,0,0,0,0,0,0,0,0,0,0,0,0,21.0
20481,2015,7,2,8,35.0,2.0,16.0,300,16.0,23.2,994.6,13.4,0.0,2.3,1,1,0,0,0,0,0,0,0,0,0,0,0,0,0,0,0,13.0
27922,2016,5,7,9,49.0,2.0,21.0,200,47.0,21.0,1010.4,-1.6,0.0,1.9,1,0,0,1,0,0,0,0,0,0,0,0,0,0,0,0,0,33.0
25472,2016,1,26,7,66.0,2.0,3.0,200,49.0,-7.0,1019.1,-21.7,0.0,2.7,1,0,0,0,0,0,0,0,0,0,0,0,0,0,0,1,0,11.0
18338,2015,4,4,1,32.0,2.0,28.0,500,60.0,10.0,1004.4,2.1,0.0,1.6,1,0,0,0,0,0,0,0,0,0,0,1,0,0,0,0,0,32.0
7306,2013,12,30,9,114.0,37.0,53.0,1800,16.0,-0.5,1008.2,-14.5,0.0,0.9,1,0,0,0,0,0,0,0,0,0,0,1,0,0,0,0,0,54.0
15918,2014,12,24,5,18.0,5.0,8.0,300,56.0,-1.2,1017.0,-17.0,0.0,2.7,1,0,0,0,0,0,1,0,0,0,0,0,0,0,0,0,0,4.0
25611,2016,2,1,2,36.0,5.0,32.0,1000,19.0,-9.1,1027.8,-18.1,0.0,1.3,1,0,0,0,0,0,0,1,0,0,0,0,0,0,0,0,0,29.0
27676,2016,4,27,3,81.0,3.0,18.0,700,58.0,11.4,1005.7,5.0,0.0,1.2,1,0,0,0,0,0,0,0,0,0,0,0,0,0,0,1,0,56.0
23503,2015,11,5,6,198.0,7.0,31.0,1200,41.0,10.8,1017.3,6.5,0.0,1.2,1,1,0,0,0,0,0,0,0,0,0,0,0,0,0,0,0,198.0
2858,2013,6,28,1,227.0,3.0,16.0,700,56.0,23.4,991.7,23.4,0.0,2.2,1,0,0,0,0,0,0,0,0,0,0,0,0,0,0,1,0,109.0
29688,2016,7,19,23,67.0,2.0,14.0,900,18.0,22.8,999.4,22.3,0.3,0.9,1,0,0,0,0,0,0,0,1,0,0,0,0,0,0,0,0,67.0
21094,2015,7,27,21,99.0,2.0,7.0,900,52.0,23.6,994.7,22.6,17.3,4.4,1,0,0,0,0,0,1,0,0,0,0,0,0,0,0,0,0,99.0
22773,2015,10,5,20,329.0,3.0,42.0,2400,118.0,16.7,1007.9,15.1,0.0,1.1,1,0,0,0,0,0,0,0,1,0,0,0,0,0,0,0,0,329.0
20383,2015,6,28,6,93.0,6.0,18.0,1000,31.0,23.6,999.1,19.9,0.0,0.7,1,0,0,0,0,0,0,0,0,0,0,0,0,0,1,0,0,93.0
9618,2014,4,5,17,28.0,2.0,8.0,200,111.0,18.1,1009.4,-12.9,0.0,1.9,1,0,0,0,0,0,0,0,0,0,1,0,0,0,0,0,0,14.0
33187,2016,12,12,18,261.0,22.0,99.0,2200,2.0,1.7,1017.0,-4.6,0.0,1.3,1,0,0,0,0,0,0,0,0,0,0,1,0,0,0,0,0,216.0
31003,2016,9,12,18,44.0,2.0,23.0,600,135.0,24.3,1007.0,15.5,0.0,1.6,1,0,0,1,0,0,0,0,0,0,0,0,0,0,0,0,0,29.0
5170,2013,10,2,9,61.0,2.0,28.0,300,23.0,19.2,1014.9,2.1,0.0,1.0,1,0,0,0,0,0,0,0,0,0,0,0,0,0,0,0,1,17.0
6454,2013,11,24,21,72.0,5.0,14.0,500,0.6426,6.3,1004.8,-10.5,0.0,1.7,1,0,0,0,0,0,0,0,1,0,0,0,0,0,0,0,0,34.0
28389,2016,5,26,20,15.0,2.0,14.0,300,94.0,24.6,1000.1,6.3,0.0,1.1,1,0,0,0,0,0,0,0,0,0,0,0,0,0,0,1,0,15.0
30632,2016,8,28,7,23.0,2.0,18.0,300,2.0,17.4,1005.1,12.9,0.0,0.6,1,0,0,0,1,0,0,0,0,0,0,0,0,0,0,0,0,5.0
22447,2015,9,22,6,161.0,3.0,19.0,1500,73.0,19.8,1001.9,16.8,0.0,1.0,1,0,0,0,0,0,0,0,0,0,0,0,1,0,0,0,0,161.0
11063,2014,6,4,22,115.0,7.0,49.0,700,106.0,23.3,996.4,14.8,0.0,1.1,1,0,0,0,0,0,0,0,0,0,0,0,0,1,0,0,0,52.0
659,2013,3,28,10,46.0,7.0,16.0,700,87.0,7.9,1014.1,-17.2,0.0,3.0,1,0,0,0,0,0,0,0,0,0,1,0,0,0,0,0,0,16.0
8975,2014,3,9,22,129.0,42.0,66.0,800,22.0,0.6,1019.3,-5.2,0.0,1.1,1,0,0,0,0,0,0,0,0,0,0,0,0,1,0,0,0,65.0
34400,2017,2,1,7,18.0,2.0,20.0,300,53.0,-6.5,1029.6,-20.9,0.0,2.9,1,0,1,0,0,0,0,0,0,0,0,0,0,0,0,0,0,3.0
5415,2013,10,12,14,12.0,5.0,19.0,200,97.0,22.3,1008.2,2.9,0.0,0.7,1,1,0,0,0,0,0,0,0,0,0,0,0,0,0,0,0,8.0
8659,2014,2,24,18,271.0,92.0,83.0,2700,50.0,2.7,1017.2,-3.0,0.0,1.2,1,0,0,0,0,0,0,0,0,0,0,0,0,0,0,1,0,249.0
27581,2016,4,23,4,38.0,2.0,5.0,200,64.0,12.5,1005.3,-16.2,0.0,2.4,1,0,1,0,0,0,0,0,0,0,0,0,0,0,0,0,0,10.0
23984,2015,11,25,7,38.0,2.0,23.0,1000,16.0,-10.5,1020.7,-11.8,0.0,1.0,1,0,0,0,0,0,0,1,0,0,0,0,0,0,0,0,0,38.0
16674,2015,1,24,17,146.0,81.0,77.0,2900,14.0,2.0,1020.0,-7.6,0.0,3.8,1,0,0,0,0,0,0,0,0,0,0,0,0,0,0,0,1,116.0
28918,2016,6,17,21,125.0,2.0,13.0,400,53.0,22.4,991.8,16.2,0.0,1.2,1,0,0,0,0,0,0,0,0,0,0,0,0,0,0,0,1,18.0
4097,2013,8,18,16,9.0,3.0,11.0,200,112.0,33.5,998.0,16.4,0.0,0.9,1,0,0,0,0,0,0,0,0,0,0,0,0,0,0,0,1,3.0
17543,2015,3,1,22,70.0,8.0,27.0,700,57.0,2.8,1007.2,-11.5,0.0,0.9,1,0,0,0,0,0,0,0,0,0,0,0,0,0,0,1,0,38.0
26711,2016,3,17,22,302.0,18.0,62.0,2100,48.0,8.3,1000.8,1.9,0.0,0.3,1,0,0,0,0,1,0,0,0,0,0,0,0,0,0,0,0,302.0
18589,2015,4,14,12,37.0,3.0,17.0,400,106.0,21.7,998.8,-3.0,0.0,1.2,1,0,0,0,0,1,0,0,0,0,0,0,0,0,0,0,0,32.0
7550,2014,1,9,13,6.0,18.0,9.0,600,64.0,0.0,1019.9,-25.2,0.0,2.6,1,0,0,0,0,0,0,0,0,0,0,0,0,0,1,0,0,15.0
18539,2015,4,12,10,44.0,2.0,9.0,300,84.0,8.9,1016.0,-5.4,0.0,4.0,1,0,0,0,1,0,0,0,0,0,0,0,0,0,0,0,0,12.0
25023,2016,1,7,14,14.0,5.0,11.0,300,43.0,-0.8,1019.7,-18.9,0.0,3.4,1,0,0,1,0,0,0,0,0,0,0,0,0,0,0,0,0,14.0
23027,2015,10,16,10,131.0,7.0,53.0,1000,23.0,17.2,1010.6,10.1,0.0,0.6,1,0,1,0,0,0,0,0,0,0,0,0,0,0,0,0,0,93.0
17632,2015,3,5,15,141.0,41.0,59.0,1500,65.0,7.5,1014.0,-18.4,0.0,2.5,1,0,0,0,0,0,0,0,0,0,0,0,1,0,0,0,0,125.0
1352,2013,4,26,7,43.0,9.0,38.0,500,27.0,12.7,1004.0,-4.0,0.0,0.6,1,0,0,0,0,0,0,0,0,0,0,0,1,0,0,0,0,24.0
285,2013,3,12,20,42.0,22.0,53.0,700,28.0,5.3,1011.1,-4.3,0.0,3.0,1,0,0,0,0,1,0,0,0,0,0,0,0,0,0,0,0,66.0
25556,2016,1,29,19,86.0,27.0,58.0,1500,2.0,-7.0,1025.1,-17.2,0.0,1.5,1,0,0,0,0,0,0,0,1,0,0,0,0,0,0,0,0,59.0
7031,2013,12,18,22,54.0,19.0,46.0,1400,11.0,-8.5,1021.0,-17.1,0.0,0.9,1,0,0,0,0,0,0,0,0,0,0,0,0,0,0,1,0,53.0
17971,2015,3,19,18,236.0,2.0,41.0,600,78.0,17.5,1005.0,-11.3,0.0,4.6,1,0,0,0,0,0,0,0,0,0,0,0,0,1,0,0,0,64.0
13443,2014,9,12,2,79.0,2.0,6.0,1100,88.0,18.8,1005.5,18.1,0.1,0.9,1,0,0,0,0,0,0,0,0,0,0,0,0,0,0,1,0,79.0
22464,2015,9,22,23,38.0,2.0,3.0,900,45.0,15.7,1001.5,15.2,0.0,0.5,1,0,0,0,0,1,0,0,0,0,0,0,0,0,0,0,0,38.0
20817,2015,7,16,8,36.0,2.0,11.0,900,85.0,20.9,999.6,19.2,0.0,1.9,1,0,0,0,0,0,1,0,0,0,0,0,0,0,0,0,0,36.0
18344,2015,4,4,7,58.0,3.0,36.0,900,48.0,8.0,1004.2,2.4,0.0,1.3,1,0,0,0,0,0,1,0,0,0,0,0,0,0,0,0,0,58.0
3814,2013,8,6,21,257.0,3.0,21.0,1500,66.0,28.9,992.2,28.6,0.0,0.8,1,0,0,0,0,0,0,0,0,0,0,0,0,0,0,1,0,216.0
28020,2016,5,11,11,194.0,14.0,24.0,1100,138.0,22.1,993.1,14.0,0.0,2.6,1,0,0,0,0,0,0,0,0,1,0,0,0,0,0,0,0,194.0
7133,2013,12,23,4,80.0,28.0,65.0,1600,4.0,-10.2,1021.4,-14.6,0.0,1.2,1,0,0,0,0,0,0,0,0,0,0,0,0,0,0,1,0,80.0
26505,2016,3,9,8,33.0,8.0,36.0,1100,13.0,-4.8,1026.4,-17.0,0.0,0.5,1,0,1,0,0,0,0,0,0,0,0,0,0,0,0,0,0,17.0
28870,2016,6,15,21,27.0,2.0,13.0,400,68.0,22.4,994.0,13.7,0.0,3.2,1,0,1,0,0,0,0,0,0,0,0,0,0,0,0,0,0,14.0
11095,2014,6,6,6,109.0,6.0,30.0,1100,51.0,23.5,995.5,17.9,0.0,0.9,1,0,0,0,0,0,0,0,0,0,0,0,0,0,0,0,1,81.0
19685,2015,5,30,4,56.0,2.0,24.0,600,40.0,15.3,999.3,11.5,0.0,1.4,1,0,0,0,0,0,0,0,1,0,0,0,0,0,0,0,0,56.0
25228,2016,1,16,3,160.0,16.0,71.0,3000,2.0,-3.0,1011.8,-5.5,0.0,1.7,1,0,0,0,0,0,0,0,0,0,0,0,0,0,0,1,0,160.0
32657,2016,11,20,16,17.0,2.0,17.0,400,34.0,1.1,1015.2,0.4,0.3,2.7,1,1,0,0,0,0,0,0,0,0,0,0,0,0,0,0,0,17.0
12495,2014,8,3,14,78.0,2.0,10.0,800,166.0,33.0,990.9,23.6,0.0,1.9,1,0,0,0,0,0,0,0,0,0,0,0,0,1,0,0,0,62.0
28406,2016,5,27,13,93.0,14.0,60.0,800,165.0,29.0,1000.1,7.0,0.0,2.5,1,0,0,0,0,0,0,0,0,0,0,0,0,1,0,0,0,84.0
20313,2015,6,25,8,144.0,3.0,20.0,1100,14.0,22.7,994.2,19.7,0.0,0.5,1,0,0,0,0,0,0,0,0,0,1,0,0,0,0,0,0,144.0
14375,2014,10,20,22,183.0,4.0,77.0,1800,23.0,15.1,1014.2,9.7,0.0,1.2,1,0,0,0,0,0,0,0,0,0,0,0,1,0,0,0,0,168.0
29303,2016,7,3,22,91.0,2.0,32.0,700,104.0,25.3,998.7,20.1,0.0,0.3,1,0,1,0,0,0,0,0,0,0,0,0,0,0,0,0,0,64.0
19606,2015,5,26,21,112.0,6.0,32.0,700,334.0,27.5,996.0,12.7,0.0,1.3,1,0,0,0,0,0,0,0,0,0,0,0,0,0,0,1,0,56.0
27591,2016,4,23,14,14.0,2.0,3.0,200,84.0,21.9,1004.3,-12.5,0.0,3.2,1,0,0,0,0,0,0,0,0,1,0,0,0,0,0,0,0,14.0
9362,2014,3,26,1,200.0,27.0,42.0,1800,120.0,9.6,1001.1,5.9,0.0,1.0,1,0,0,0,0,0,0,0,0,0,0,0,0,0,0,1,0,244.0
32487,2016,11,13,14,204.0,11.0,55.0,2000,4.0,8.4,1006.5,4.6,0.0,1.1,1,0,0,0,0,0,0,0,0,0,0,0,0,0,0,0,1,94.0
5694,2013,10,24,5,46.0,1.0,20.0,200,24.0,2.6,1018.6,-5.8,0.0,0.5,1,0,0,0,0,0,0,0,0,0,1,0,0,0,0,0,0,14.0
15948,2014,12,25,11,74.0,30.0,59.0,1100,25.0,2.3,1007.0,-13.1,0.0,1.5,1,0,0,1,0,0,0,0,0,0,0,0,0,0,0,0,0,49.0
4425,2013,9,1,8,53.0,6.0,34.0,700,10.0,20.9,1006.0,14.8,0.0,0.9,1,0,1,0,0,0,0,0,0,0,0,0,0,0,0,0,0,31.0
11085,2014,6,5,20,109.0,5.0,32.0,700,221.0,27.5,994.2,15.2,0.0,1.4,1,0,0,0,0,0,0,0,0,0,0,0,0,0,0,1,0,53.0
6916,2013,12,14,3,48.0,25.0,49.0,1200,4.0,-10.4,1018.0,-16.1,0.0,0.9,1,0,0,0,0,0,0,0,0,0,0,0,0,0,0,1,0,51.0
32196,2016,11,1,11,46.0,2.0,33.0,400,29.0,4.4,1026.1,-9.0,0.0,1.6,1,0,0,0,0,0,0,0,0,1,0,0,0,0,0,0,0,19.0
4362,2013,8,29,17,16.0,1.0,10.0,200,51.0,25.1,996.0,10.9,0.0,2.9,1,0,0,0,0,0,0,0,0,0,0,0,0,0,1,0,0,6.0
14152,2014,10,11,15,198.0,11.0,31.0,2000,91.0,18.3,1011.9,14.8,0.0,1.2,1,0,0,0,0,0,0,0,0,0,0,0,1,0,0,0,0,198.0
2844,2013,6,27,11,128.0,3.0,11.0,500,48.0,29.7,989.8,15.4,0.0,0.7,1,0,1,0,0,0,0,0,0,0,0,0,0,0,0,0,0,3.0
25617,2016,2,1,8,37.0,3.0,48.0,1200,2.0,-12.5,1027.7,-18.7,0.0,0.9,1,0,0,0,1,0,0,0,0,0,0,0,0,0,0,0,0,21.0
33807,2017,1,7,14,123.0,5.0,43.0,2100,2.0,0.6,1013.8,-0.7,0.2,0.7,1,0,0,0,0,0,0,0,0,0,0,1,0,0,0,0,0,123.0
5688,2013,10,23,23,33.0,1.0,4.0,200,50.0,4.3,1017.8,-6.6,0.0,2.6,1,0,0,0,0,0,0,0,0,0,0,0,0,0,0,1,0,16.0
3310,2013,7,16,21,46.0,3.0,21.0,400,36.0,21.5,995.4,20.0,0.0,0.7,1,0,0,0,0,0,0,0,0,0,0,0,0,0,0,0,1,15.0
21376,2015,8,8,15,25.0,2.0,3.0,400,133.0,29.3,1002.6,19.3,0.0,2.4,1,0,0,0,0,0,0,0,0,0,0,0,1,0,0,0,0,25.0
32634,2016,11,19,17,60.0,4.0,44.0,600,32.0,10.2,1010.1,-2.8,0.0,0.8,1,0,0,0,0,0,0,1,0,0,0,0,0,0,0,0,0,35.0
244,2013,3,11,3,72.0,15.0,33.0,800,79.0,-1.6,1014.2,-9.9,0.0,1.6,1,0,0,0,0,0,0,0,1,0,0,0,0,0,0,0,0,70.0
10215,2014,4,30,14,192.0,28.0,56.0,1000,188.0,27.7,998.1,8.5,0.0,2.4,1,0,0,0,0,0,0,0,0,0,0,1,0,0,0,0,0,146.0
23409,2015,11,1,8,62.0,2.0,40.0,800,13.0,1.8,1016.7,-1.5,0.0,0.7,1,0,0,0,0,0,0,0,0,0,0,0,0,0,0,1,0,40.0
15646,2014,12,12,21,73.0,19.0,44.0,700,16.0,-3.3,1020.0,-19.3,0.0,1.0,1,0,0,0,0,1,0,0,0,0,0,0,0,0,0,0,0,37.0
14967,2014,11,14,14,9.0,12.0,10.0,200,64.0,12.3,1011.0,-14.5,0.0,0.6,1,0,0,0,0,0,0,0,0,0,0,0,0,0,0,0,1,8.0
1412,2013,4,28,19,26.0,3.0,4.0,300,112.0,17.4,1002.3,-4.6,0.0,1.4,1,0,0,0,0,1,0,0,0,0,0,0,0,0,0,0,0,16.0
12251,2014,7,24,10,82.0,4.0,52.0,1000,34.0,24.9,998.3,19.7,0.0,1.4,1,0,0,0,0,0,1,0,0,0,0,0,0,0,0,0,0,40.0
27937,2016,5,8,0,81.0,11.0,45.0,600,28.0,14.9,1007.7,3.4,0.0,0.8,1,0,1,0,0,0,0,0,0,0,0,0,0,0,0,0,0,31.0
6646,2013,12,2,21,99.0,32.0,58.0,2000,4.9266,1.2,1011.3,-10.6,0.0,0.5,1,1,0,0,0,0,0,0,0,0,0,0,0,0,0,0,0,88.0
32710,2016,11,22,21,7.0,2.0,6.0,300,48.0,-3.4,1029.7,-19.8,0.0,2.0,1,0,0,0,1,0,0,0,0,0,0,0,0,0,0,0,0,7.0
1010,2013,4,12,1,30.0,4.0,5.0,200,66.0,3.5,1008.2,-7.3,0.0,1.3,1,0,0,0,0,0,0,0,0,0,0,0,0,0,1,0,0,59.0
13131,2014,8,30,2,102.0,2.0,15.0,1000,66.0,19.8,1007.3,18.6,0.0,0.6,1,0,0,1,0,0,0,0,0,0,0,0,0,0,0,0,0,102.0
28779,2016,6,12,2,66.0,8.0,22.0,1600,58.0,21.4,1000.2,14.5,0.0,1.8,1,0,0,0,0,0,0,0,0,0,0,0,0,0,0,0,1,66.0
31544,2016,10,5,7,9.0,2.0,5.0,500,2.0,11.6,1009.2,11.4,0.1,0.9,1,0,0,0,0,0,0,0,0,0,0,0,0,0,0,1,0,9.0
29306,2016,7,4,1,147.0,3.0,25.0,1000,105.0,25.3,997.3,20.8,0.0,0.8,1,0,0,0,0,1,0,0,0,0,0,0,0,0,0,0,0,147.0
19456,2015,5,20,15,23.0,2.0,6.0,200,94.0,30.0,1004.0,-0.4,0.0,2.5,1,0,0,0,0,0,0,0,0,0,0,1,0,0,0,0,0,23.0
20026,2015,6,13,9,14.0,2.0,15.0,400,28.0,21.1,996.3,16.1,0.5,2.4,1,0,0,0,0,1,0,0,0,0,0,0,0,0,0,0,0,11.0
19379,2015,5,17,10,201.0,13.0,36.0,1200,67.0,21.1,991.0,15.6,0.0,1.1,1,0,0,0,0,0,0,0,0,0,0,0,0,1,0,0,0,131.0
27528,2016,4,20,23,123.0,6.0,88.0,800,2.0,14.5,999.2,3.9,0.0,1.5,1,0,0,0,0,0,0,0,1,0,0,0,0,0,0,0,0,70.0
33581,2016,12,29,4,14.0,6.0,37.0,900,22.0,-9.2,1027.5,-18.2,0.0,1.4,1,1,0,0,0,0,0,0,0,0,0,0,0,0,0,0,0,13.0
24154,2015,12,2,9,5.0,2.0,8.0,400,47.0,1.6,1011.6,-13.0,0.0,4.2,1,0,0,0,0,0,0,0,0,0,0,0,0,0,1,0,0,4.0
16734,2015,1,27,5,8.0,2.0,15.0,500,51.0,-13.0,1026.0,-20.6,0.0,1.9,1,0,0,0,0,0,0,0,1,0,0,0,0,0,0,0,0,8.0
8241,2014,2,7,8,99.0,38.0,41.0,1800,41.0,-4.5,1019.9,-6.3,0.4,0.5,1,0,0,0,1,0,0,0,0,0,0,0,0,0,0,0,0,89.0
26929,2016,3,27,0,48.0,2.0,3.0,200,60.0,9.3,1012.5,-10.3,0.0,1.4,1,0,0,0,0,0,0,0,1,0,0,0,0,0,0,0,0,5.0
33841,2017,1,9,0,7.0,2.0,6.0,300,73.0,0.3,1016.5,-12.4,0.0,2.4,1,0,0,0,0,0,0,0,1,0,0,0,0,0,0,0,0,7.0
12745,2014,8,14,0,12.0,2.0,12.0,400,21.0,16.8,1000.5,16.0,0.0,0.6,1,0,0,1,0,0,0,0,0,0,0,0,0,0,0,0,0,9.0
26253,2016,2,27,20,42.0,7.0,21.0,500,58.0,4.1,1015.0,-8.3,0.0,1.1,1,0,0,0,0,0,0,0,0,0,0,0,0,0,0,0,1,25.0
27444,2016,4,17,11,34.0,2.0,5.0,200,81.0,16.9,1001.6,-11.8,0.0,7.2,1,0,0,0,0,0,0,0,0,0,0,0,0,0,0,1,0,31.0
25437,2016,1,24,20,43.0,2.0,4.0,200,53.0,-5.5,1025.5,-23.9,0.0,2.8,1,0,0,0,0,0,0,0,1,0,0,0,0,0,0,0,0,13.0
32639,2016,11,19,22,167.0,3.0,55.0,1800,2.0,7.4,1015.5,4.7,0.0,3.3,1,0,0,0,0,0,0,0,0,0,0,1,0,0,0,0,0,144.0
9749,2014,4,11,4,204.0,21.0,90.0,900,2.0,12.2,1011.4,0.0,0.0,1.2,1,0,1,0,0,0,0,0,0,0,0,0,0,0,0,0,0,75.0
26703,2016,3,17,14,268.0,43.0,55.0,1800,109.0,15.6,1001.3,2.7,0.0,2.0,1,0,0,0,0,0,0,0,0,0,0,0,0,0,0,0,1,268.0
25671,2016,2,3,14,24.0,12.0,14.0,500,45.0,4.1,1016.7,-17.5,0.0,2.7,1,1,0,0,0,0,0,0,0,0,0,0,0,0,0,0,0,24.0
3121,2013,7,9,0,111.0,3.0,13.0,900,66.0,24.9,994.5,24.9,0.1,0.7,1,0,0,0,0,0,0,0,0,0,0,0,0,0,1,0,0,137.0
21738,2015,8,23,17,16.0,2.0,2.0,500,76.0,23.1,1000.8,20.1,0.0,1.5,1,1,0,0,0,0,0,0,0,0,0,0,0,0,0,0,0,14.0
16390,2015,1,12,21,166.0,27.0,89.0,2400,2.0,-4.2,1026.4,-11.7,0.0,2.1,1,0,0,0,0,0,0,0,0,0,0,0,0,0,0,1,0,166.0
12000,2014,7,13,23,28.0,2.0,14.0,200,41.0,21.5,994.3,16.5,0.0,1.5,1,0,0,0,0,0,0,0,0,0,0,0,0,0,0,1,0,16.0
14815,2014,11,8,6,50.0,2.0,32.0,1100,7.0,-1.8,1006.0,-3.1,0.0,0.5,1,0,0,0,0,0,0,0,0,0,0,0,0,0,0,0,1,42.0
34434,2017,2,2,17,65.0,15.0,32.0,800,76.0,4.3,1017.5,-20.9,0.0,1.0,1,0,0,0,0,0,0,0,1,0,0,0,0,0,0,0,0,50.0
11554,2014,6,25,9,119.0,12.0,32.0,1200,86.0,27.1,995.0,17.0,0.0,1.2,1,0,0,0,0,0,0,0,0,0,0,0,0,0,1,0,0,78.0
25426,2016,1,24,9,43.0,8.0,40.0,800,13.0,-13.5,1031.7,-27.1,0.0,1.8,1,0,0,1,0,0,0,0,0,0,0,0,0,0,0,0,0,20.0
7890,2014,1,23,17,239.0,134.0,116.0,3100,13.0,-1.1,1005.0,-11.0,0.0,1.0,1,0,0,0,0,0,0,0,0,0,0,0,0,0,0,1,0,156.0
15428,2014,12,3,19,42.0,2.0,4.0,100,75.0,-2.1,1012.0,-25.3,0.0,6.2,1,0,0,0,0,0,0,0,0,0,0,0,0,0,0,1,0,4.0
34941,2017,2,23,20,33.0,6.0,30.0,800,74.0,0.8,1016.7,-10.1,0.0,1.8,1,0,0,0,0,0,0,0,1,0,0,0,0,0,0,0,0,24.0
6784,2013,12,8,15,173.0,80.0,82.0,2600,26.9892,6.6,1010.2,-2.6,0.0,0.6,1,0,0,0,0,0,1,0,0,0,0,0,0,0,0,0,0,226.0
33295,2016,12,17,6,82.0,5.0,59.0,1500,2.0,-5.8,1012.5,-9.4,0.0,0.6,1,0,0,0,0,0,0,0,0,0,0,0,0,0,1,0,0,65.0
28939,2016,6,18,18,114.0,7.0,21.0,600,241.0,31.3,994.7,16.1,0.0,3.2,1,0,0,0,0,0,0,0,0,0,0,0,1,0,0,0,0,39.0
18759,2015,4,21,14,144.0,8.0,47.0,700,102.0,23.5,998.3,-3.0,0.0,5.7,1,0,0,0,0,0,1,0,0,0,0,0,0,0,0,0,0,115.0
33189,2016,12,12,20,284.0,15.0,87.0,2500,2.0,0.3,1018.8,-4.0,0.0,2.3,1,0,0,0,0,0,0,0,1,0,0,0,0,0,0,0,0,242.0
24883,2016,1,1,18,220.0,24.0,96.0,2700,2.0,-1.0,1012.1,-8.0,0.0,1.9,1,0,0,0,0,0,0,0,1,0,0,0,0,0,0,0,0,209.0
8312,2014,2,10,7,8.0,3.0,13.0,300,57.0,-13.4,1028.8,-18.4,0.0,0.6,1,0,0,0,0,0,0,0,1,0,0,0,0,0,0,0,0,11.0
18629,2015,4,16,4,135.0,2.0,2.0,100,99.0,12.4,1002.0,-15.3,0.0,3.1,1,0,0,0,0,0,0,0,0,0,0,0,0,0,1,0,0,16.0
32294,2016,11,5,13,215.0,2.0,58.0,2200,54.0,13.2,1005.7,5.6,0.0,4.1,1,0,0,0,0,0,0,0,0,1,0,0,0,0,0,0,0,145.0
28970,2016,6,20,1,386.0,4.0,39.0,2000,125.0,24.9,994.4,19.5,0.0,0.9,1,0,0,0,0,0,0,1,0,0,0,0,0,0,0,0,0,163.0
27468,2016,4,18,11,17.0,2.0,3.0,200,76.0,15.8,1004.5,-6.5,0.0,2.5,1,0,0,0,0,0,0,1,0,0,0,0,0,0,0,0,0,10.0
32798,2016,11,26,13,359.0,24.0,98.0,2100,11.0,6.5,1009.5,-5.2,0.0,0.9,1,0,0,0,0,0,0,0,0,0,1,0,0,0,0,0,0,194.0
1475,2013,5,1,10,76.0,32.0,27.0,600,97.0,20.6,1007.4,-1.9,0.0,2.2,1,0,0,0,0,0,0,0,0,0,0,1,0,0,0,0,0,42.0
33975,2017,1,14,14,20.0,1.0,6.0,300,56.0,2.55,1022.0,-23.0,0.0,2.6,1,0,0,0,0,0,0,0,0,0,1,0,0,0,0,0,0,11.0
30138,2016,8,7,17,19.0,2.0,7.0,500,80.0,31.4,998.1,22.1,0.0,2.2,1,0,0,0,0,0,0,0,0,0,0,1,0,0,0,0,0,19.0
23248,2015,10,25,15,104.0,72.0,80.0,3200,2.0,12.9,1016.0,0.3,0.0,1.9,1,0,0,0,0,0,0,0,0,0,0,0,0,0,0,0,1,85.0
24843,2015,12,31,2,18.0,2.0,16.0,800,28.0,-5.9,1025.2,-11.2,0.0,1.3,1,0,0,0,0,0,0,0,1,0,0,0,0,0,0,0,0,18.0
8146,2014,2,3,9,12.0,1.0,3.0,200,86.0,-2.2,1019.4,-28.8,0.0,3.4,1,0,0,0,0,0,0,0,0,0,0,0,0,0,1,0,0,4.0
22197,2015,9,11,20,9.0,2.0,4.0,300,52.0,16.5,1005.3,13.4,0.0,1.3,1,0,0,0,0,0,0,0,0,0,0,0,0,0,0,1,0,9.0
31616,2016,10,8,7,10.0,2.0,5.0,200,33.0,6.9,1013.1,1.4,0.0,1.7,1,0,0,0,0,0,0,0,0,0,0,0,0,0,0,0,1,3.0
8174,2014,2,4,13,6.0,26.0,9.0,400,81.0,-0.8,1018.8,-28.7,0.0,2.2,1,0,0,1,0,0,0,0,0,0,0,0,0,0,0,0,0,11.0
19917,2015,6,8,20,30.0,5.0,13.0,400,104.0,24.9,993.3,9.6,0.0,1.8,1,0,0,0,0,0,0,0,0,0,0,0,0,0,1,0,0,16.0
15022,2014,11,16,21,7.0,3.0,4.0,200,65.0,6.3,1016.0,-7.3,0.0,0.6,1,0,0,0,0,0,0,0,0,0,0,0,0,1,0,0,0,7.0
21283,2015,8,4,18,35.0,2.0,20.0,400,212.0,31.0,990.9,19.0,0.0,1.5,1,0,0,1,0,0,0,0,0,0,0,0,0,0,0,0,0,21.0
32620,2016,11,19,3,203.0,4.0,57.0,2900,2.0,6.4,1004.6,6.0,0.0,0.9,1,0,1,0,0,0,0,0,0,0,0,0,0,0,0,0,0,193.0
25513,2016,1,28,0,99.0,26.0,63.0,1700,2.0,-7.0,1019.2,-17.0,0.0,1.0,1,1,0,0,0,0,0,0,0,0,0,0,0,0,0,0,0,99.0
26684,2016,3,16,19,355.0,39.0,159.0,3100,11.0,11.4,1005.5,1.1,0.0,0.9,1,0,0,0,1,0,0,0,0,0,0,0,0,0,0,0,0,304.0
18603,2015,4,15,2,71.0,2.0,23.0,500,50.0,13.2,992.6,2.7,0.0,2.1,1,0,0,0,0,0,0,0,0,0,0,0,0,0,0,1,0,51.0
4509,2013,9,4,20,63.0,4.0,50.0,1000,56.0,19.2,1006.8,19.2,0.0,0.8,1,0,0,0,0,0,0,0,0,0,0,0,0,0,0,1,0,63.0
19100,2015,5,5,19,51.0,2.0,8.0,200,97.0,23.8,995.5,-11.0,0.0,4.5,1,0,0,0,1,0,0,0,0,0,0,0,0,0,0,0,0,12.0
11742,2014,7,3,5,222.0,2.0,23.0,1500,39.0,22.4,993.2,21.6,0.0,0.4,1,0,0,0,0,0,0,0,0,0,1,0,0,0,0,0,0,222.0
31567,2016,10,6,6,63.0,2.0,17.0,900,2.0,13.1,1016.4,12.6,0.0,0.7,1,1,0,0,0,0,0,0,0,0,0,0,0,0,0,0,0,63.0
12852,2014,8,18,11,48.0,5.0,11.0,600,132.0,30.7,1003.1,15.9,0.0,1.5,1,0,0,0,0,0,0,0,0,0,1,0,0,0,0,0,0,24.0
27642,2016,4,25,17,206.0,9.0,18.0,700,207.0,25.9,1002.0,10.1,0.0,4.6,1,0,0,0,0,0,0,0,0,0,1,0,0,0,0,0,0,60.0
21499,2015,8,13,18,192.0,5.0,21.0,1400,322.0,31.8,992.3,24.1,0.0,0.9,1,0,1,0,0,0,0,0,0,0,0,0,0,0,0,0,0,158.0
32967,2016,12,3,14,175.0,32.0,72.0,1600,30.0,7.6,1009.7,-4.5,0.0,1.2,1,0,0,0,0,0,0,0,0,0,0,1,0,0,0,0,0,146.0
18534,2015,4,12,5,35.0,2.0,3.0,200,78.0,7.3,1012.3,0.0,0.0,1.4,1,0,0,0,0,0,0,0,1,0,0,0,0,0,0,0,0,13.0
3728,2013,8,3,7,22.0,3.0,16.0,500,58.0,24.5,995.7,19.3,0.0,0.6,1,0,0,0,0,0,0,0,1,0,0,0,0,0,0,0,0,13.0
24417,2015,12,13,8,55.0,4.0,39.0,1600,12.0,-4.8,1018.9,-6.3,0.0,0.7,1,0,0,0,0,1,0,0,0,0,0,0,0,0,0,0,0,55.0
22109,2015,9,8,4,31.0,2.0,5.0,600,36.0,16.5,1005.6,15.9,0.0,0.7,1,0,0,0,0,0,0,0,1,0,0,0,0,0,0,0,0,28.0
34742,2017,2,15,13,226.0,34.0,63.0,2000,94.0,6.7,1010.1,-6.3,0.0,1.2,1,0,0,0,0,0,0,0,0,0,0,0,1,0,0,0,0,226.0
26885,2016,3,25,4,18.0,2.0,18.0,200,42.0,4.3,1020.5,-10.6,0.0,1.9,1,0,0,0,0,0,0,1,0,0,0,0,0,0,0,0,0,9.0
3630,2013,7,30,5,39.0,3.0,16.0,700,12.0,22.5,989.5,22.5,0.0,0.5,1,1,0,0,0,0,0,0,0,0,0,0,0,0,0,0,0,88.0
5766,2013,10,27,5,70.0,1.0,30.0,700,14.7798,1.9,1009.8,1.0,0.0,0.7,1,0,0,0,0,0,0,0,1,0,0,0,0,0,0,0,0,67.0
2916,2013,6,30,11,248.0,11.0,66.0,3000,2.0,24.1,995.5,24.1,0.0,1.2,1,0,0,0,0,0,0,0,1,0,0,0,0,0,0,0,0,152.0
16479,2015,1,16,14,5.0,2.0,8.0,200,72.0,3.0,1022.0,-18.4,0.0,2.9,1,0,0,0,1,0,0,0,0,0,0,0,0,0,0,0,0,5.0
8029,2014,1,29,12,93.0,123.0,46.0,1500,34.0,2.5,1002.9,-8.0,0.0,1.0,1,1,0,0,0,0,0,0,0,0,0,0,0,0,0,0,0,93.0
18609,2015,4,15,8,99.0,5.0,30.0,700,36.0,14.1,991.6,4.1,0.0,0.8,1,0,0,1,0,0,0,0,0,0,0,0,0,0,0,0,0,67.0
11340,2014,6,16,11,181.0,11.0,36.0,1200,132.0,25.7,994.4,18.9,0.0,2.2,1,0,0,0,0,0,0,0,0,0,0,0,0,1,0,0,0,158.0
17980,2015,3,20,3,200.0,2.0,16.0,700,46.0,6.4,1009.5,-12.2,0.0,2.1,1,0,0,0,0,0,0,0,1,0,0,0,0,0,0,0,0,71.0
11142,2014,6,8,5,21.0,2.0,31.0,300,26.0,16.6,994.2,12.7,0.0,1.3,1,0,1,0,0,0,0,0,0,0,0,0,0,0,0,0,0,11.0
34141,2017,1,21,12,36.0,6.0,8.0,300,77.0,-1.775,1020.75,-24.7,0.0,7.6,1,0,0,0,0,0,0,0,1,0,0,0,0,0,0,0,0,7.0
29062,2016,6,23,21,27.0,2.0,11.0,500,83.0,20.8,995.1,18.2,0.0,1.1,1,0,0,0,0,0,0,1,0,0,0,0,0,0,0,0,0,27.0
14134,2014,10,10,21,280.0,3.0,47.0,3500,54.0,16.6,1012.3,15.0,0.0,1.1,1,0,0,0,0,0,0,0,0,0,0,0,0,0,1,0,0,280.0
9109,2014,3,15,12,150.0,40.0,40.0,900,73.0,18.5,1001.0,-10.5,0.0,2.0,1,0,0,1,0,0,0,0,0,0,0,0,0,0,0,0,0,68.0
26526,2016,3,10,5,15.0,2.0,2.0,400,62.0,-5.0,1023.9,-20.3,0.0,2.2,1,0,0,0,0,0,0,0,1,0,0,0,0,0,0,0,0,4.0
26617,2016,3,14,0,93.0,13.0,53.0,1600,2.0,3.2,1015.5,-12.3,0.0,1.2,1,0,1,0,0,0,0,0,0,0,0,0,0,0,0,0,0,75.0
11155,2014,6,8,18,16.0,2.0,11.0,600,86.0,22.1,993.0,14.7,0.0,2.1,1,0,0,0,1,0,0,0,0,0,0,0,0,0,0,0,0,5.0
31273,2016,9,24,0,122.0,4.0,14.0,900,107.0,20.25,1003.75,17.6,7.5,4.2,1,0,0,0,0,1,0,0,0,0,0,0,0,0,0,0,0,122.0
12175,2014,7,21,6,55.0,2.0,2.0,600,61.0,25.1,993.2,21.8,1.8,3.8,1,0,1,0,0,0,0,0,0,0,0,0,0,0,0,0,0,55.0
18112,2015,3,25,15,186.0,50.0,67.0,1700,113.0,16.6,1019.7,-2.5,0.0,1.5,1,0,0,0,0,0,0,0,0,0,1,0,0,0,0,0,0,160.0
21684,2015,8,21,11,28.0,3.0,7.0,400,85.0,28.6,997.0,15.5,0.0,1.1,1,0,1,0,0,0,0,0,0,0,0,0,0,0,0,0,0,5.0
16038,2014,12,29,5,69.0,12.0,56.0,1600,2.0,-6.7,1023.0,-13.0,0.0,1.1,1,0,0,0,0,0,0,0,0,0,0,0,0,0,0,1,0,46.0
32953,2016,12,3,0,73.0,3.0,41.0,1300,5.0,-2.7,1016.4,-6.2,0.0,1.9,1,0,0,0,0,0,0,1,0,0,0,0,0,0,0,0,0,69.0
23485,2015,11,4,12,175.0,32.0,42.0,1300,70.0,13.9,1014.2,4.5,0.0,0.9,1,0,0,0,0,0,0,0,0,0,0,0,1,0,0,0,0,175.0
28174,2016,5,17,21,156.0,15.0,34.0,1000,170.0,23.4,1001.2,10.1,0.0,1.9,1,0,0,0,0,0,0,0,0,0,0,0,0,0,0,1,0,58.0
18655,2015,4,17,6,83.0,2.0,16.0,300,40.0,6.3,1000.0,-2.3,0.0,2.1,1,0,0,0,0,0,0,0,0,0,0,0,0,0,0,1,0,28.0
27997,2016,5,10,12,39.0,2.0,10.0,400,100.0,25.8,1000.4,5.9,0.0,1.9,1,0,0,0,0,0,0,0,0,1,0,0,0,0,0,0,0,39.0
32882,2016,11,30,1,96.0,4.0,49.0,1700,2.0,1.9,1018.8,-1.2,0.0,0.8,1,0,0,0,0,0,0,0,1,0,0,0,0,0,0,0,0,82.0
2123,2013,5,28,10,114.0,3.0,42.0,1100,13.0,19.9,997.8,19.4,0.2,1.1,1,0,0,0,0,0,0,0,0,1,0,0,0,0,0,0,0,101.0
11388,2014,6,18,11,41.0,2.0,15.0,700,121.0,28.3,994.0,17.5,0.0,2.6,1,0,0,0,0,0,0,0,0,0,0,1,0,0,0,0,0,41.0
14155,2014,10,11,18,190.0,4.0,36.0,1800,70.0,18.8,1014.9,7.6,0.0,4.2,1,0,0,0,0,0,1,0,0,0,0,0,0,0,0,0,0,190.0
22705,2015,10,3,0,26.0,2.0,6.0,400,33.0,13.3,1005.9,8.1,0.0,2.0,1,0,0,0,0,0,0,1,0,0,0,0,0,0,0,0,0,15.0
18343,2015,4,4,6,57.0,3.0,32.0,900,51.0,7.9,1002.6,2.6,0.0,0.9,1,0,0,0,0,1,0,0,0,0,0,0,0,0,0,0,0,57.0
17284,2015,2,19,3,505.0,75.0,35.0,1900,3.0,-2.0,1018.0,-10.3,0.0,2.2,1,0,0,0,0,0,0,0,0,0,0,0,0,0,0,1,0,383.0
28308,2016,5,23,11,129.0,16.0,29.0,1300,128.0,23.8,1001.1,9.0,0.0,1.6,1,0,0,0,0,0,0,0,0,0,0,0,0,0,0,0,1,63.0
15058,2014,11,18,9,42.0,16.0,53.0,1000,8.0,3.1,1019.0,-7.4,0.0,1.6,1,1,0,0,0,0,0,0,0,0,0,0,0,0,0,0,0,28.0
7387,2014,1,2,18,196.0,68.0,110.0,3000,4.0,-0.6,1007.3,-7.4,0.0,0.7,1,0,0,0,1,0,0,0,0,0,0,0,0,0,0,0,0,118.0
34134,2017,1,21,5,44.0,9.0,2.0,100,20.0,-12.3,1018.0,-18.5,0.0,2.7,1,0,0,0,0,0,0,0,1,0,0,0,0,0,0,0,0,31.0
21058,2015,7,26,9,120.0,2.0,25.0,1000,29.0,28.4,995.4,23.3,0.0,0.9,1,0,0,0,0,0,0,0,0,0,0,0,0,0,0,0,1,120.0
23890,2015,11,21,9,49.0,2.0,33.0,3400,2.0,0.2,1022.6,-0.1,1.0,1.0,1,1,0,0,0,0,0,0,0,0,0,0,0,0,0,0,0,49.0
12438,2014,8,1,5,153.0,2.0,29.0,1400,37.0,24.7,998.3,22.8,0.0,1.1,1,0,0,0,0,0,0,0,0,0,0,0,0,0,1,0,0,153.0
25118,2016,1,11,13,8.0,2.0,5.0,300,52.0,-2.9,1026.2,-22.2,0.0,1.6,1,0,0,0,0,0,0,0,0,0,1,0,0,0,0,0,0,8.0
20801,2015,7,15,16,54.0,7.0,6.0,700,167.0,29.9,996.5,17.4,0.0,1.8,1,0,0,0,0,0,0,0,0,0,0,0,0,1,0,0,0,44.0
116,2013,3,5,19,233.0,61.0,150.0,2299,88.0,6.2,1005.5,-7.4,0.0,2.2,1,0,0,0,0,0,0,0,0,0,0,0,0,0,0,1,0,3.0
7040,2013,12,19,7,15.0,23.0,20.0,500,47.0,-10.7,1022.3,-16.6,0.0,0.7,1,0,0,0,0,0,0,0,0,0,0,0,0,1,0,0,0,13.0
26102,2016,2,21,13,104.0,25.0,33.0,1100,43.0,3.6,1017.2,-14.2,0.0,1.9,1,0,0,0,0,0,0,0,0,0,0,0,0,0,0,0,1,104.0
20631,2015,7,8,14,161.0,14.0,19.0,1300,248.0,30.7,1000.5,19.7,0.0,2.5,1,0,0,0,0,0,0,0,0,0,0,0,0,0,0,0,1,161.0
3044,2013,7,5,19,62.0,3.0,9.0,400,157.0,28.2,989.9,19.7,0.0,0.8,1,0,0,0,0,0,0,0,0,0,0,0,0,0,0,1,0,23.0
15047,2014,11,17,22,56.0,9.0,48.0,1100,14.0,0.4,1014.0,-8.6,0.0,0.7,1,0,0,0,0,0,0,0,1,0,0,0,0,0,0,0,0,41.0
17300,2015,2,19,19,128.0,12.0,28.0,1000,65.0,2.0,1015.0,-0.8,0.0,1.4,1,0,0,0,0,0,0,0,0,0,0,0,0,0,1,0,0,97.0
16107,2015,1,1,2,43.0,21.0,24.0,800,32.0,-4.0,1022.0,-24.9,0.0,1.6,1,0,0,0,0,0,0,0,1,0,0,0,0,0,0,0,0,20.0
30999,2016,9,12,14,17.0,2.0,4.0,500,100.0,26.9,1007.1,15.6,0.0,2.3,1,0,0,0,0,0,0,0,0,1,0,0,0,0,0,0,0,17.0
23920,2015,11,22,15,37.0,4.0,15.0,500,42.0,-2.7,1026.2,-4.0,0.8,3.0,1,1,0,0,0,0,0,0,0,0,0,0,0,0,0,0,0,37.0
32250,2016,11,3,17,472.0,12.0,163.0,2800,3.0,9.1,1005.4,4.1,0.0,1.9,1,0,0,0,0,0,0,0,0,0,1,0,0,0,0,0,0,318.0
23550,2015,11,7,5,9.0,2.0,2.0,300,36.0,0.6,1019.5,-0.3,0.3,3.7,1,0,1,0,0,0,0,0,0,0,0,0,0,0,0,0,0,9.0
9957,2014,4,19,20,85.0,6.0,70.0,700,52.0,9.2,1009.9,5.0,0.0,1.3,1,0,0,0,0,0,0,0,1,0,0,0,0,0,0,0,0,76.0
32735,2016,11,23,22,9.0,2.0,2.0,200,54.0,-1.0,1024.6,-17.7,0.0,3.8,1,0,0,0,0,0,0,0,1,0,0,0,0,0,0,0,0,7.0
14801,2014,11,7,16,64.0,21.0,40.0,1100,35.0,8.5,1007.0,-6.1,0.0,0.6,1,0,0,0,0,0,0,0,0,0,0,0,0,0,0,0,1,30.0
29608,2016,7,16,15,21.0,2.0,6.0,600,60.0,24.7,994.4,16.9,0.0,1.2,1,0,0,0,0,0,0,0,0,0,0,0,0,0,0,0,1,21.0
13167,2014,8,31,14,43.0,3.0,5.0,900,148.0,24.9,1002.9,18.3,0.0,3.8,1,0,1,0,0,0,0,0,0,0,0,0,0,0,0,0,0,43.0
14242,2014,10,15,9,146.0,6.0,57.0,1100,6.0,15.6,1005.0,5.2,0.0,1.6,1,0,0,0,0,0,0,0,0,1,0,0,0,0,0,0,0,62.0
8609,2014,2,22,16,258.0,158.0,64.0,3200,58.0,5.2,1019.9,-2.6,0.0,0.7,1,0,1,0,0,0,0,0,0,0,0,0,0,0,0,0,0,154.0
806,2013,4,3,13,278.0,52.0,30.0,1399,147.0,18.9,1002.7,-0.5,0.0,5.2,1,0,0,0,0,0,0,0,0,0,1,0,0,0,0,0,0,126.0
8600,2014,2,22,7,239.0,75.0,69.0,2400,9.0,-0.1,1021.2,-4.4,0.0,0.7,1,0,1,0,0,0,0,0,0,0,0,0,0,0,0,0,0,239.0
3527,2013,7,25,22,113.0,13.0,5.0,800,103.0,26.9,994.5,18.7,0.0,0.5,1,0,0,0,0,0,0,0,0,0,0,0,1,0,0,0,0,38.0
25478,2016,1,26,13,42.0,4.0,8.0,300,46.0,-0.3,1018.7,-21.8,0.0,2.7,1,1,0,0,0,0,0,0,0,0,0,0,0,0,0,0,0,17.0
11967,2014,7,12,14,5.0,2.0,6.0,200,112.0,32.7,992.3,11.3,0.0,2.2,1,0,0,0,0,1,0,0,0,0,0,0,0,0,0,0,0,5.0
9669,2014,4,7,20,230.0,21.0,74.0,900,120.0,16.6,1004.1,3.6,0.0,1.5,1,0,0,0,0,0,0,0,0,0,0,0,0,0,0,1,0,144.0
2725,2013,6,22,12,71.0,3.0,31.0,600,30.0,21.6,1000.0,21.6,0.0,1.0,1,0,0,0,0,1,0,0,0,0,0,0,0,0,0,0,0,45.0
9584,2014,4,4,7,121.0,9.0,57.0,1100,12.0,8.0,1005.3,-4.5,0.0,1.3,1,0,0,1,0,0,0,0,0,0,0,0,0,0,0,0,0,46.0
26935,2016,3,27,6,22.0,2.0,51.0,500,2.0,3.2,1011.9,-8.5,0.0,0.4,1,0,0,0,0,0,0,0,0,0,1,0,0,0,0,0,0,17.0
27794,2016,5,2,1,59.0,7.0,11.0,1200,89.0,22.4,994.5,11.2,0.0,2.1,1,0,0,0,0,0,1,0,0,0,0,0,0,0,0,0,0,59.0
16064,2014,12,30,7,18.0,18.0,31.0,500,41.0,-2.9,1019.0,-16.3,0.0,1.9,1,0,0,0,1,0,0,0,0,0,0,0,0,0,0,0,0,7.0
14979,2014,11,15,2,45.0,9.0,25.0,600,14.0,-0.5,1011.0,-7.3,0.0,0.5,1,0,0,0,0,0,0,0,0,0,0,0,0,0,1,0,0,30.0
21379,2015,8,8,18,50.0,2.0,6.0,600,175.0,28.7,1001.9,21.2,0.0,1.1,1,0,1,0,0,0,0,0,0,0,0,0,0,0,0,0,0,32.0
12647,2014,8,9,22,105.0,5.0,21.0,800,174.0,19.7,996.6,17.8,1.7,2.4,1,0,0,0,0,0,0,0,0,0,0,0,0,0,0,0,1,60.0
13375,2014,9,9,6,27.0,2.0,13.0,400,41.0,14.1,1002.1,11.6,0.0,1.0,1,0,0,0,0,0,0,0,0,0,0,0,0,0,0,1,0,17.0
22307,2015,9,16,10,141.0,8.0,30.0,1200,88.0,21.2,1010.5,14.6,0.0,1.9,1,1,0,0,0,0,0,0,0,0,0,0,0,0,0,0,0,113.0
14539,2014,10,27,18,38.0,19.0,77.0,1200,10.0,7.6,1021.1,-3.3,0.0,1.7,1,0,0,0,0,0,0,0,0,0,0,0,0,0,0,1,0,38.0
1414,2013,4,28,21,82.0,6.0,33.0,500,66.0,13.1,1003.6,-1.3,0.0,1.6,1,0,0,0,0,0,0,0,0,0,0,0,0,1,0,0,0,22.0
21193,2015,8,1,0,30.0,2.0,13.0,700,34.0,23.9,998.6,22.7,0.0,0.5,1,0,0,0,0,0,0,0,0,1,0,0,0,0,0,0,0,29.0
348,2013,3,15,11,189.0,107.0,81.0,1600,18.0,8.6,1011.1,-3.0,0.0,1.5,1,0,0,0,0,0,0,0,0,0,0,1,0,0,0,0,0,171.0
30704,2016,8,31,7,23.0,2.0,26.0,500,18.0,17.3,990.7,14.2,0.0,1.1,1,0,0,0,0,0,0,0,0,0,0,0,0,0,0,1,0,22.0
10718,2014,5,21,13,172.0,19.0,24.0,1500,206.0,29.8,995.7,13.1,0.0,2.0,1,0,0,0,0,0,0,0,0,0,0,0,0,0,0,0,1,107.0
22873,2015,10,10,0,13.0,2.0,5.0,200,29.0,10.0,1006.1,-5.2,0.0,0.6,1,0,0,0,0,0,1,0,0,0,0,0,0,0,0,0,0,3.0
26871,2016,3,24,14,5.0,2.0,3.0,200,80.0,14.0,1020.2,-16.1,0.0,2.7,1,0,0,0,0,0,0,0,0,0,0,0,1,0,0,0,0,3.0
4499,2013,9,4,10,53.0,4.0,47.0,900,37.0,22.2,1008.0,18.8,0.1,0.8,1,0,0,0,0,0,0,0,0,0,0,1,0,0,0,0,0,49.0
3773,2013,8,5,4,32.0,3.0,12.0,400,40.0,18.9,989.2,18.9,0.0,0.7,1,0,0,0,0,0,0,0,0,0,0,0,0,0,1,0,0,26.0
29071,2016,6,24,6,6.0,2.0,14.0,300,21.0,17.5,998.3,14.4,0.0,0.2,1,0,0,0,0,0,0,0,1,0,0,0,0,0,0,0,0,6.0
1119,2013,4,16,14,48.0,8.0,5.0,300,120.0,20.1,997.1,-3.6,0.0,2.2,1,1,0,0,0,0,0,0,0,0,0,0,0,0,0,0,0,25.0
24989,2016,1,6,4,16.0,2.0,31.0,700,7.0,-11.4,1020.6,-16.0,0.0,1.1,1,0,0,0,0,0,0,0,0,0,0,0,0,0,0,1,0,16.0
4229,2013,8,24,4,24.0,1.0,30.0,500,12.0,19.1,1001.1,19.1,0.0,1.2,1,0,0,0,0,0,0,0,1,0,0,0,0,0,0,0,0,17.0
12928,2014,8,21,15,175.0,13.0,17.0,1100,250.0,33.6,995.6,20.0,0.0,2.7,1,0,0,0,0,0,0,0,0,0,0,0,1,0,0,0,0,118.0
10129,2014,4,27,0,86.0,2.0,43.0,500,21.0,10.7,1012.7,8.6,0.0,1.9,1,0,0,0,0,0,0,0,0,0,0,0,0,0,0,1,0,38.0
1292,2013,4,23,19,127.0,9.0,55.0,1100,23.0,10.8,1004.0,10.8,0.0,0.7,1,0,0,0,1,0,0,0,0,0,0,0,0,0,0,0,0,162.0
16456,2015,1,15,15,336.0,43.0,96.0,2700,4.0,0.0,1014.0,-4.4,0.0,1.0,1,0,0,0,0,0,0,0,0,0,0,0,0,0,0,0,1,320.0
16791,2015,1,29,14,124.0,45.0,61.0,1700,42.0,3.0,1018.0,-14.7,0.0,1.5,1,1,0,0,0,0,0,0,0,0,0,0,0,0,0,0,0,115.0
34439,2017,2,2,22,97.0,23.0,41.0,1900,32.0,-3.3,1017.4,-17.3,0.0,1.6,1,0,0,0,0,0,0,0,1,0,0,0,0,0,0,0,0,89.0
11185,2014,6,10,0,13.0,2.0,18.0,400,58.0,17.3,999.4,15.8,0.1,0.5,1,0,0,0,1,0,0,0,0,0,0,0,0,0,0,0,0,13.0
29488,2016,7,11,15,82.0,7.0,11.0,700,205.0,35.5,989.0,21.4,0.0,2.9,1,0,0,0,0,0,0,0,0,0,0,0,0,1,0,0,0,76.0
