AttributeNum,DiscreteRatio,JointInf,Size,Totcorr,Mean1,Mean2,Mean3,Mean4,Std1,Std2,Std3,Std4,Median1,Median2,Median3,Median4,Min1,Min2,Min3,Min4,Max1,Max2,Max3,Max4,Skew1,Skew2,Skew3,Skew4,Entropy1,Entropy2,Entropy3,Entropy4,PCAJointInf,LabelEntropy,alpha,l1_ratio
33.0,0.48484848484848486,9.011227255423215,516.0,88.0104680933975,9848.638902268049,1356.689033731238,83.94052900675663,59.57508915229747,9848.638902268049,1356.689033731238,83.94052900675663,59.57508915229747,-326.2273179502927,-376.9762534108566,-18.169195248083508,5.868422397259987,-17226.85441206597,-1311.9976406583921,-176.32208766609781,-208.17807711117248,17718.927122828798,8604.235677310055,618.43950596807,276.03113344286663,0.021077518258752953,3.0950296501528376,2.1266535402540554,-0.4804100665930579,9.011227255423215,9.011227255423215,9.011227255423215,9.011227255423215,9.011227255423215,7.147560771283826,4.0,0.5
33.0,0.48484848484848486,9.663558104217229,811.0,89.1205721889308,10190.061472967765,1055.4895219171253,77.19226955987092,52.799663792392,10190.061472967765,1055.4895219171253,77.19226955987092,52.799663792392,108.39953201896658,-292.45292497492545,-15.942832038961534,-9.574058956517971,-17089.03287090969,-1215.0324102328455,-202.96902537661106,-179.7046944193845,17863.60213931077,5712.129809156735,757.9096083024483,222.03497074076492,0.025062341385151364,2.0803500016345926,2.627665707179006,1.2922974044375055,9.663558104217229,9.663558104217229,9.663558104217229,9.663558104217229,9.663558104217229,7.434703379125108,0.125,0.5
33.0,0.48484848484848486,9.90237511448614,957.0,90.35844746938277,10074.899615656468,1176.8168319538115,80.26217801136042,53.75351547097716,10074.899615656468,1176.8168319538115,80.26217801136042,53.75351547097716,-810.1190459464407,-368.0419121154961,-14.342897951025726,-13.309532683228477,-16701.71456971464,-1406.8306177129314,-554.0204394521297,-96.82939058550662,18183.40175778127,8142.709836090948,659.4217345133281,279.28747957993556,0.12570324272024658,2.381770098819877,1.1918353621769688,1.5551238833081564,9.90237511448614,9.90237511448614,9.90237511448614,9.90237511448614,9.90237511448614,7.43688027508487,4.0,0.5
33.0,0.48484848484848486,9.245552706255674,607.0,88.96292145708668,9887.367524420997,1325.773587614421,84.47556937509265,53.55838352935312,9887.367524420997,1325.773587614421,84.47556937509265,53.55838352935312,-177.0820516042288,-436.110051038626,-17.318742630418548,-11.121469295977196,-16931.67871172989,-1325.7818478166992,-261.4468144657473,-82.94234908170222,17999.567326724,7688.11907093485,700.7483009615017,202.66233257137074,0.08854100125056417,2.286867954895665,2.343427194511247,1.2267279418047097,9.245552706255674,9.245552706255674,9.245552706255674,9.245552706255674,9.245552706255674,7.31489596512332,32.0,0.25
33.0,0.48484848484848486,9.870364719583508,936.0,89.45066300708355,10323.426089237662,1227.284973049788,75.37355354348931,50.40649754050745,10323.426089237662,1227.284973049788,75.37355354348931,50.40649754050745,-234.2736787375112,-400.5686970369905,-18.192308548918415,-8.5771434699551,-17399.32549317069,-1267.7103402534299,-245.1817872945797,-126.97279297399484,17645.94079922456,8171.555715609213,458.82956307301106,226.53629576384796,-0.0006903918692621238,2.831788741910998,1.4238664341758551,1.1856815351909344,9.870364719583508,9.870364719583508,9.870364719583508,9.870364719583508,9.870364719583508,7.271011079145055,1.0,0.25
33.0,0.48484848484848486,9.717676423066473,842.0,87.24730859763159,9757.947404885923,972.213845676718,70.24459786504309,47.58931757345228,9757.947404885923,972.213845676718,70.24459786504309,47.58931757345228,-607.6172335887428,-304.563431832438,-16.29036455318545,-5.234825195960017,-17096.74380071885,-920.9860766429546,-360.92648060463966,-155.30040915551868,17902.621091810797,7789.439440249727,423.75360571307516,293.600542174637,0.07434600950351586,3.2771057496252007,1.1544508435643381,1.2511804199406653,9.717676423066473,9.717676423066473,9.717676423066473,9.717676423066473,9.717676423066473,7.012949420687817,0.5,0.125
33.0,0.48484848484848486,9.219168520462071,596.0,88.64910098326823,9809.707716867282,1128.5571468163,87.55193667412274,51.780758010426766,9809.707716867282,1128.5571468163,87.55193667412274,51.780758010426766,-956.0699526267806,-338.32699513599687,-14.886264351075576,-10.690346499694343,-16444.645469362968,-1165.8930959723964,-753.9184537383162,-84.49786846642176,18489.87307015719,8711.649040098562,855.219991368399,232.378663218657,0.2258390895205067,2.9207168656896676,1.4646369830541386,1.2069742048890804,9.219168520462071,9.219168520462071,9.219168520462071,9.219168520462071,9.219168520462071,7.301528114186823,1.0,0.5
33.0,0.48484848484848486,9.824958740528656,907.0,89.98044159632163,9942.675590436333,1202.1164336110025,76.61234559052866,53.11617833974265,9942.675590436333,1202.1164336110025,76.61234559052866,53.11617833974265,6.850854773762441,-369.32970331635875,17.22460055047915,-8.866848947946341,-17189.051291987293,-1239.2293535671188,-394.17963359747995,-135.58747322531994,17827.191592709303,8150.608539430223,461.1777188124499,218.27666312287903,0.04613573120622806,2.6255294929530058,-1.0933267828221582,1.0420826261115512,9.824958740528656,9.824958740528656,9.824958740528656,9.824958740528656,9.824958740528656,7.438641511180125,1.0,0.25
33.0,0.48484848484848486,9.038918989292297,526.0,88.00447955915342,10127.252058868959,1200.7369446017865,87.78501309574519,59.27960138970908,10127.252058868959,1200.7369446017865,87.78501309574519,59.27960138970908,33.68123080581356,-375.04721644189885,15.259885399332385,-13.730688882845765,-17476.410816283198,-1181.4250473274303,-426.07276106699067,-83.60627581551036,17533.74393875117,8245.762823831636,494.47459572035365,274.13210710783306,0.02065021554476511,2.8313983606103537,-0.5074675058741157,1.600713481113787,9.038918989292297,9.038918989292297,9.038918989292297,9.038918989292297,9.038918989292297,7.204169953436164,2.0,0.015625
33.0,0.48484848484848486,9.76321236681425,869.0,87.39487286080147,9859.774480452357,830.5041938878883,70.37755242602267,49.09307335729555,9859.774480452357,830.5041938878883,70.37755242602267,49.09307335729555,-327.0161197862383,-224.48058297567354,-13.883043647936125,4.35792421328948,-16744.027468069533,-941.9004694522524,-252.21202222819514,-230.3946866565234,18156.97513718842,7099.852343897107,347.24127757185965,248.78623236392104,0.06887753322882653,2.49294243212048,1.0623686242619799,-0.7663125855539568,9.76321236681425,9.76321236681425,9.76321236681425,9.76321236681425,9.76321236681425,7.1395947410707,2.0,0.015625
33.0,0.48484848484848486,9.055282435501294,532.0,88.28936266221403,10141.690725761548,1260.0745555057163,78.06520119191848,55.57644052889798,10141.690725761548,1260.0745555057163,78.06520119191848,55.57644052889798,-393.03992799584285,-408.6309650667089,-14.596586326902624,-10.483012297385889,-17160.553705909177,-1321.201597023073,-258.65463475456386,-83.15506143822962,17835.79769692454,7643.379606589387,629.7263945134812,232.37414309863152,0.0587375318386313,2.1660622192638246,1.6421392884656516,1.3979844193974014,9.055282435501294,9.055282435501294,9.055282435501294,9.055282435501294,9.055282435501294,7.238679757179701,2.0,0.5
33.0,0.48484848484848486,9.714245517666102,840.0,88.83302257111437,10042.512505190536,1182.624706806289,71.69007442949099,52.39719983116126,10042.512505190536,1182.624706806289,71.69007442949099,52.39719983116126,-173.73841091481097,-350.02322774193476,-14.814216773470326,-7.678338684097638,-17153.9463625318,-1170.0751987412195,-311.39243043538744,-124.3609595720387,17905.186110184048,8789.617531685586,481.49057941528116,227.51343960928347,0.04839725482067284,2.724633532248436,1.1571445806710694,1.2462963327477632,9.714245517666102,9.714245517666102,9.714245517666102,9.714245517666102,9.714245517666102,7.288360583611684,2.0,0.015625
54.0,0.25925925925925924,9.063395081288515,535.0,216.35800142378687,2842605.4907371365,82221.10649992999,23423.096839813785,799.8712406416838,2842605.4907371365,82221.10649992999,23423.096839813785,799.8712406416838,-988002.9452577748,-16147.393067972307,-4205.55720275532,286.9135154852072,-1302910.8847353933,-689194.8241451831,-40988.46341020957,-3118.7373817879916,32016409.923800133,726420.0166987666,176520.82263057033,5378.449308147889,5.467610615875298,2.172976258264105,5.7522186373215085,0.05228085788540521,9.063395081288515,9.063395081288515,9.063395081288515,9.063395081288515,9.063395081288515,2.898151827630811,0.25,0.5
54.0,0.25925925925925924,9.082149041353933,542.0,215.23844071629284,2932810.247211623,66063.803589604,12885.419517059878,687.108892167934,2932810.247211623,66063.803589604,12885.419517059878,687.108892167934,-1006872.4818332817,-20767.129098231642,-1636.5744908249249,219.74177682549634,-1299890.6501517803,-379573.71711367316,-29151.35425035396,-2605.0460710104467,32024435.93944091,540274.8627339804,110510.50243636644,2748.03440798514,5.528575306396246,3.0098231528582757,5.109980609934974,-0.8545136549296982,9.082149041353933,9.082149041353933,9.082149041353933,9.082149041353933,9.082149041353933,2.7770581246216453,64.0,0.5
54.0,0.25925925925925924,9.805743872151794,895.0,221.36920692421128,2416176.5915719336,70900.5839829562,22927.950501795047,886.7126016885784,2416176.5915719336,70900.5839829562,22927.950501795047,886.7126016885784,-805378.2321158341,14598.350945360486,-3487.8973109513927,262.3630989555308,-1120681.2925170406,-647384.7596480934,-75880.13633976139,-4147.303242955354,32196112.288438994,807607.8305256829,175185.59230812753,7946.526245214591,6.730064854395821,-1.497390008105677,5.061202907640251,0.44165596550885244,9.805743872151794,9.805743872151794,9.805743872151794,9.805743872151794,9.805743872151794,3.0193786582366178,64.0,0.5
5.0,0.0,9.54496443278934,747.0,36.28122239136861,23.58385289015329,12.835038461403625,5.49774527222842,4.544100435952957,23.58385289015329,12.835038461403625,5.49774527222842,4.544100435952957,2.3625200623312046,-0.09041122225769116,-0.43365610428193024,0.15830359016295106,-49.21063193301454,-30.936817509060567,-13.575938244357518,-16.001589364589496,49.75482033820826,36.75522001666121,17.224050739430474,19.152180861173075,-0.06755886827476765,0.15805882429956905,0.5206190239606028,-0.13707745424944173,9.54496443278934,9.54496443278934,9.54496443278934,9.54496443278934,9.54496443278934,9.420440269457808,0.125,0.5
438.0,0.9703196347031964,9.317412613764866,638.0,68.5737804747376,4939.899558347315,229.80659671713627,47.65731385126327,6.101403102030885,4939.899558347315,229.80659671713627,47.65731385126327,6.101403102030885,-47.19582186123489,-43.85705328215851,-7.0799086893135605,-0.946813419431382,-8596.878718039532,-365.57068195118796,-131.85177357096387,-11.11370834273601,8735.130397615509,923.4187107570009,296.49322070449705,14.944481074133323,0.00920276075814795,1.112138112365683,1.7706176992483393,0.5607431850033745,9.317412613764866,9.317412613764866,9.317412613764866,9.317412613764866,9.317412613764866,8.098347903411222,0.0009765625,0.0625
33.0,0.48484848484848486,9.011227255423215,516.0,87.9943958299811,9945.962539147582,1263.6997650977517,82.70367990092404,58.39387541248973,9945.962539147582,1263.6997650977517,82.70367990092404,58.39387541248973,827.957019996577,-433.0634185168188,-16.527165688530577,-9.442841570476187,-17120.770471851807,-1318.4170876600542,-263.8101539294761,-120.49784105544862,17322.6823200531,8194.100611081036,375.26604998963785,244.86610870459148,-0.06215064568284962,2.5665274556971807,0.7704972065455157,0.9665990595279361,9.011227255423215,9.011227255423215,9.011227255423215,9.011227255423215,9.011227255423215,7.271950175836929,4.0,0.5
33.0,0.48484848484848486,9.663558104217229,811.0,88.88734302323334,10017.247364451086,1106.3567240348186,70.23737509509841,54.645403332063104,10017.247364451086,1106.3567240348186,70.23737509509841,54.645403332063104,-361.2860000857052,-330.9658232759082,-14.527885402652354,-7.5083792457895715,-16831.476439321228,-1245.4468292918102,-257.4260329058709,-139.07826242710502,18139.40939245456,7110.221755966879,454.2505437928706,204.99541368849387,0.10954729543507634,2.173186065659971,1.0312017506195514,0.8832674100076667,9.663558104217229,9.663558104217229,9.663558104217229,9.663558104217229,9.663558104217229,7.419440546980043,0.25,0.5
33.0,0.48484848484848486,9.90237511448614,957.0,90.21032702014675,10268.600069701411,1243.3776506678862,79.69940396219822,52.635505964374715,10268.600069701411,1243.3776506678862,79.69940396219822,52.635505964374715,-732.9037105896565,-411.6944253347506,-13.224955644799154,-9.4011779237475,-16842.56183460051,-1343.8360487041266,-253.60322487529115,-113.30009296458272,18199.66614835013,7828.283228540204,661.8440511582962,221.64068643415246,0.11865064321220853,2.3489332483252077,1.3382312360791306,1.1566338774847176,9.90237511448614,9.90237511448614,9.90237511448614,9.90237511448614,9.90237511448614,7.432342819942845,1.0,0.25
33.0,0.48484848484848486,9.245552706255674,607.0,88.67753782234082,9982.441514225995,1264.631779007874,74.59389173297328,52.760590201478905,9982.441514225995,1264.631779007874,74.59389173297328,52.760590201478905,734.4660444023151,-380.19181085652684,-15.90423051223766,-7.586025240013669,-17196.427382768918,-1327.747745716654,-273.7577035961457,-131.40535273864182,17729.367099091203,8033.342312317336,381.04354040490193,193.67785934245558,-0.026507500971178165,2.5014824829604088,1.063093778244847,0.8767219980691868,9.245552706255674,9.245552706255674,9.245552706255674,9.245552706255674,9.245552706255674,7.253659989400185,1.0,0.5
33.0,0.48484848484848486,9.870364719583508,936.0,88.87925327965962,10048.274545003023,1115.043296538222,73.20225406336375,51.37197906137721,10048.274545003023,1115.043296538222,73.20225406336375,51.37197906137721,194.23775841299639,-379.63830840486787,-18.33113872284546,-8.673724785587645,-17217.392390929614,-1080.5272442676378,-347.6012806654727,-198.32610273149936,17743.636375403414,7580.1810793536615,655.2689810845735,204.9759978377626,-0.0031738073761355067,2.7310102452813,1.737274542015886,1.207491403368167,9.870364719583508,9.870364719583508,9.870364719583508,9.870364719583508,9.870364719583508,7.167764137772378,0.015625,0.5
33.0,0.48484848484848486,9.717676423066473,842.0,87.48105999143525,10175.810447742952,837.2129685718883,69.38192612098408,48.87566465927642,10175.810447742952,837.2129685718883,69.38192612098408,48.87566465927642,-324.46223722601013,-274.453859788306,-17.343544794467178,-8.164795176579467,-16961.045378319825,-826.8439452007296,-192.58290629354948,-231.8870631277451,17982.82028753862,6487.954195895556,510.64754675693985,323.5388469525847,0.041111639917303745,2.3217323529925724,1.6037999234764835,0.9412203334692482,9.717676423066473,9.717676423066473,9.717676423066473,9.717676423066473,9.717676423066473,7.080175063129315,0.125,0.015625
33.0,0.48484848484848486,9.219168520462071,596.0,88.38774779696882,9533.827898806567,1214.4581333674655,84.88589774071204,49.50245250026129,9533.827898806567,1214.4581333674655,84.88589774071204,49.50245250026129,-225.54932965402594,-327.38517033878486,-16.50013991001486,-9.52166414135252,-15750.263476010088,-1460.4344201147305,-284.26590673902814,-114.16893494564512,19251.510949249,7585.932094998757,718.2998376346965,209.54810721225684,0.2081659806129498,2.412736599761151,2.2341747608697378,1.2613713553836023,9.219168520462071,9.219168520462071,9.219168520462071,9.219168520462071,9.219168520462071,7.308638492226425,64.0,0.5
33.0,0.48484848484848486,9.824958740528656,907.0,89.74756769457188,9971.220261666473,1065.7298728020862,85.09349735523058,53.17351001644607,9971.220261666473,1065.7298728020862,85.09349735523058,53.17351001644607,-418.4742468357564,-326.1317242704314,-18.018036278386322,-11.755949699334268,-17243.436714746294,-1148.4026846402594,-537.4745172788014,-120.06518701756178,17675.499776950466,6758.992263540756,654.7037315078671,210.61594226209726,0.04203213294919553,2.2956239117205355,0.9440992935646938,1.2329198941102169,9.824958740528656,9.824958740528656,9.824958740528656,9.824958740528656,9.824958740528656,7.334723025263597,1.0,0.25
33.0,0.48484848484848486,9.038918989292297,526.0,87.83458404571739,9684.836858320265,1330.4587054378387,84.75589578995559,57.08723473801152,9684.836858320265,1330.4587054378387,84.75589578995559,57.08723473801152,-379.8421595457801,-390.01617883326884,-11.130138746968976,-10.347005067295246,-16660.176257872696,-1259.526556950109,-300.65905219664984,-138.33574572696054,18216.584089835847,8316.694076978338,705.3175933820673,222.6552059712543,0.0927871078952185,3.013233430281204,1.640524757582048,1.000397828034879,9.038918989292297,9.038918989292297,9.038918989292297,9.038918989292297,9.038918989292297,7.187362410202618,8.0,0.5
33.0,0.48484848484848486,9.76321236681425,869.0,87.85619246846204,9963.820031479114,918.7677908473395,69.39730698245238,47.92743965435994,9963.820031479114,918.7677908473395,69.39730698245238,47.92743965435994,59.639632217351284,-245.1054012034996,-17.012217127150564,-4.355686944507263,-17464.938677723752,-983.3312425672091,-227.4499500949844,-171.18945237815453,17579.557608816318,7248.789313645244,350.73329519699155,208.84631645946396,-0.01565210547818134,2.758176124289611,1.0678997302158493,0.7708683483026384,9.76321236681425,9.76321236681425,9.76321236681425,9.76321236681425,9.76321236681425,7.2213212505239674,0.5,0.015625
33.0,0.48484848484848486,9.055282435501294,532.0,89.18419578400679,10141.360084031827,1240.9168484827137,77.41363520702838,56.689553099729864,10141.360084031827,1240.9168484827137,77.41363520702838,56.689553099729864,421.2011629545121,-377.8788858152265,18.666485248407135,-12.242654408107319,-17285.623971851503,-1255.0081628903783,-309.1098068431723,-93.75970694081997,17711.295973166332,8245.085279504245,330.8581977694205,236.9339324620543,-0.010240025175730458,2.6566575127889873,-0.9634322851029627,1.3307963665841485,9.055282435501294,9.055282435501294,9.055282435501294,9.055282435501294,9.055282435501294,7.224674724612445,0.25,0.015625
33.0,0.48484848484848486,9.714245517666102,840.0,88.94913481702737,9665.57970946217,1176.2286195224092,80.04321150505292,53.34541767399023,9665.57970946217,1176.2286195224092,80.04321150505292,53.34541767399023,-686.8529939231908,-321.7026693163474,17.518224856171276,-9.822598876463442,-17201.768869465886,-1151.741296626633,-484.76288307983856,-92.2316124635284,17739.10127558431,8754.321981447598,606.5680154705175,220.32284391453416,0.04965113493018195,2.8120644044239125,0.15097101724558515,1.2875162053759506,9.714245517666102,9.714245517666102,9.714245517666102,9.714245517666102,9.714245517666102,7.407431903254151,1.0,0.015625
281.0,0.5231316725978647,9.296033415212667,630.0,269.4844089450053,3519.200230652333,894.9891910308135,161.1068972098001,112.6832307861978,3519.200230652333,894.9891910308135,161.1068972098001,112.6832307861978,-927.1113060559285,-383.25243165927293,23.751139275170857,-3.286873379866096,-2705.1887151419514,-748.8127516680202,-429.5783786286417,-457.5780737340051,23883.33091073393,3173.557607676504,1149.7356420936492,799.0809720595387,2.6558445794966947,1.898143032244954,1.9801475132764075,0.814612053148131,9.296033415212667,9.296033415212667,9.296033415212667,9.296033415212667,9.296033415212667,2.578308138176955,4.0,0.5
5.0,0.0,9.54496443278934,747.0,36.194588137707434,23.07498337695582,13.343767364927949,5.499645658119134,4.604160298575197,23.07498337695582,13.343767364927949,5.499645658119134,4.604160298575197,1.1494859667219175,-0.8568815931110846,-0.5325465853983959,0.04115410912921539,-45.3407215466533,-32.41337415686336,-16.090689956304942,-15.543729943855721,48.91482938043245,39.32536789359102,17.808689476317415,15.761829216333968,-0.04741171038470189,0.26052834804699876,0.3861298818605025,-0.20182033057748955,9.54496443278934,9.54496443278934,9.54496443278934,9.54496443278934,9.54496443278934,9.410741323677572,0.0625,0.0625
430.0,0.9697674418604652,9.317412613764866,638.0,68.83498441901793,4928.409629479,231.3360064599023,50.17884116951309,6.225898840476863,4928.409629479,231.3360064599023,50.17884116951309,6.225898840476863,49.19611885757928,-49.45170058142082,-3.810157376202983,-0.7945740399880745,-8470.859084619531,-368.67589554739357,-133.54663265722513,-12.002762017069584,8865.187723105066,861.9257943708408,237.8601999343259,14.227115811806934,0.05135654590461099,0.8766519131976688,1.5640095785727233,0.4645961900893022,9.317412613764866,9.317412613764866,9.317412613764866,9.317412613764866,9.317412613764866,8.1638714905092,0.0009765625,0.03125
33.0,0.48484848484848486,9.011227255423215,516.0,88.00248949726424,10117.35795623062,1210.302732847649,85.32917762560841,53.64180547402334,10117.35795623062,1210.302732847649,85.32917762560841,53.64180547402334,-228.070959907126,-407.355141423575,-15.968134857564458,-8.045947220525782,-16796.721088104783,-1274.1574153629797,-229.52586072120258,-106.93622960671892,18162.61676049122,8010.7886108670045,812.0406799731543,215.51929161162204,0.05775101525154313,2.5363883818771815,2.388578610718546,1.27017644660383,9.011227255423215,9.011227255423215,9.011227255423215,9.011227255423215,9.011227255423215,7.153601790067753,1.0,0.015625
33.0,0.48484848484848486,9.663558104217229,811.0,89.00328840032347,10198.612542233952,1190.0134227869135,67.81518178134833,52.423394227142424,10198.612542233952,1190.0134227869135,67.81518178134833,52.423394227142424,333.98345738328686,-371.9547938368215,10.491720689562698,-8.944266534576055,-17447.419494924252,-1308.3668170568315,-326.79746725351754,-109.91454957581304,17548.589148329567,7612.705516042897,488.13351913985446,314.7186427567457,-0.03136387560644503,2.5710418246545705,-0.47527573044165744,1.3930109463922868,9.663558104217229,9.663558104217229,9.663558104217229,9.663558104217229,9.663558104217229,7.27597637558021,0.25,0.015625
33.0,0.48484848484848486,9.90237511448614,957.0,90.62671420526166,10678.914371915875,1283.0168340509294,77.70280504532623,52.97225572533715,10678.914371915875,1283.0168340509294,77.70280504532623,52.97225572533715,-722.0171461648644,-387.4299204885314,-14.8593828348464,-11.407267322069176,-16820.776108360056,-1345.8444728203804,-353.89481701980276,-92.79663961533709,18230.897296281495,6932.82543952532,361.17385979044354,317.2332799385695,0.12737517485584074,2.1512206650410213,1.0372022741109748,1.43693724629846,9.90237511448614,9.90237511448614,9.90237511448614,9.90237511448614,9.90237511448614,7.426759077912857,4.0,0.5
33.0,0.48484848484848486,9.245552706255674,607.0,88.44468668282207,10344.623327973452,1257.8857056247255,75.15552998971206,51.57831206212841,10344.623327973452,1257.8857056247255,75.15552998971206,51.57831206212841,540.9007595289695,-355.1827568388766,19.02628952411148,-9.71122638540966,-17015.05180814491,-1241.243047118902,-313.5311175374196,-100.57075245115823,17996.71895442912,7882.859265457566,584.6608313634715,206.6162934174435,0.015172102845238004,2.9021202021562704,-0.17047013879024187,1.1824064340918703,9.245552706255674,9.245552706255674,9.245552706255674,9.245552706255674,9.245552706255674,7.297864539237899,4.0,0.5
33.0,0.48484848484848486,9.870364719583508,936.0,88.82051656148968,10011.315394957892,1072.7640898520658,76.54791257576142,50.45741517196396,10011.315394957892,1072.7640898520658,76.54791257576142,50.45741517196396,-122.67122082858587,-379.3447813059623,-18.879886639028868,-8.963097744522118,-16897.52557352247,-1099.8275583174843,-291.81720932684357,-128.60089443828903,18160.97449933892,8327.218507320586,585.5648552050308,254.28904739266187,0.018440181277758472,2.578961580973534,2.009536435977811,1.3747612119819492,9.870364719583508,9.870364719583508,9.870364719583508,9.870364719583508,9.870364719583508,7.1499097378462695,1.0,0.015625
33.0,0.48484848484848486,9.717676423066473,842.0,87.57713111466249,10148.983446153286,949.8235804488329,74.31534693174103,50.70865904163045,10148.983446153286,949.8235804488329,74.31534693174103,50.70865904163045,411.44645790333936,-334.8937029038484,-16.40875480981235,9.004421065899766,-17278.73361971977,-883.0282319743343,-219.0875445244989,-250.06560936324544,17607.024692876894,7278.40701007007,870.2124864685061,316.8867621365827,-0.011849344611064122,2.690581361348581,2.774376722642267,-0.7674182997964523,9.717676423066473,9.717676423066473,9.717676423066473,9.717676423066473,9.717676423066473,7.125107683533458,1.0,0.5
33.0,0.48484848484848486,9.219168520462071,596.0,88.6159318620877,10201.014211893165,1244.8064444369452,84.62564762374481,46.138234065472375,10201.014211893165,1244.8064444369452,84.62564762374481,46.138234065472375,-208.5766228950388,-371.9513104592056,17.870474769951834,-8.79414668401093,-16262.36677081321,-1275.9688155717843,-452.75512548433693,-78.14354697551272,18775.793444809737,7157.126678607015,534.2248627603739,206.6062435329254,0.1774064850452751,2.3627588431752247,-0.6786048656352216,1.1446320404136328,9.219168520462071,9.219168520462071,9.219168520462071,9.219168520462071,9.219168520462071,7.158559858347213,2.0,0.0625
33.0,0.48484848484848486,9.824958740528656,907.0,89.6350389729933,9892.542724228255,1199.8710803461377,84.93014866583337,57.04093029652461,9892.542724228255,1199.8710803461377,84.93014866583337,57.04093029652461,-143.2810119094937,-356.20559392339845,-19.25490038448221,-14.680454773089401,-17011.16863141635,-1247.7416125388245,-659.3370645541663,-172.5520329060545,18032.54811886135,8683.964346170642,955.738489548676,259.68977483409464,0.06824753878263368,2.8385796288820226,1.710797316528189,1.3427652122972389,9.824958740528656,9.824958740528656,9.824958740528656,9.824958740528656,9.824958740528656,7.4382833883537804,2.0,0.5
33.0,0.48484848484848486,9.038918989292297,526.0,87.81064849120907,10352.186625288612,1164.699833255041,90.40356359160256,53.04545513953352,10352.186625288612,1164.699833255041,90.40356359160256,53.04545513953352,846.5657439781628,-363.90204293447226,-17.241072492519955,-9.278344205646274,-17247.919583353578,-1251.4063502733636,-276.22834687053,-124.61595677386183,17533.426383083017,7957.114513078737,425.29750854587616,206.20486111038622,-0.026541551059342892,2.4590481862404276,0.9576465596451772,1.209416720781007,9.038918989292297,9.038918989292297,9.038918989292297,9.038918989292297,9.038918989292297,7.222298483005154,1.0,0.5
33.0,0.48484848484848486,9.76321236681425,869.0,87.68231540575755,10097.647137968515,881.9240844583364,74.25260215059734,48.9317852582479,10097.647137968515,881.9240844583364,74.25260215059734,48.9317852582479,584.1318992685061,-236.36163949667585,-17.417156484976402,5.925643026821382,-16947.966020953296,-958.5222864147056,-182.68976492800567,-201.1282837055955,18048.03829059635,7407.765363221042,381.8287686639682,208.17849194118529,-0.023883714366277845,2.5908881660161853,1.4596709876086202,-0.8180938687089477,9.76321236681425,9.76321236681425,9.76321236681425,9.76321236681425,9.76321236681425,7.220458023521502,4.0,0.015625
33.0,0.48484848484848486,9.055282435501294,532.0,88.72008877033859,10276.815127597318,1238.468628632496,73.35793857735648,60.576316095641815,10276.815127597318,1238.468628632496,73.35793857735648,60.576316095641815,-268.5581925898032,-282.5121523372361,16.03740622584376,-12.773003488784623,-17170.685758684718,-1254.881848661304,-371.19509574687123,-116.79236249043127,17843.403528610157,8695.953651697213,732.6938187291562,271.77771046847164,0.05991877882480039,2.7801324924668593,0.9152971046580678,1.409404801010513,9.055282435501294,9.055282435501294,9.055282435501294,9.055282435501294,9.055282435501294,7.25402063628871,8.0,0.015625
33.0,0.48484848484848486,9.714245517666102,840.0,88.72000434833843,10054.72401864157,1217.4914565928548,75.51363379435361,51.733439434406385,10054.72401864157,1217.4914565928548,75.51363379435361,51.733439434406385,63.33620558440242,-353.34427359459266,-17.247996407353735,-8.909050912263464,-17408.819761758212,-1080.4319889634417,-537.6572375729992,-85.6276438611614,17592.85882057175,8556.822076620525,718.2577293208797,267.24753442177695,-0.0018886827260058165,3.1385469450643573,1.6950979695821793,1.5421007778179716,9.714245517666102,9.714245517666102,9.714245517666102,9.714245517666102,9.714245517666102,7.209392240115409,4.0,0.5
54.0,0.25925925925925924,9.24317398347296,606.0,215.3903045824788,3282714.2480025566,64310.51938162353,17629.08545505735,712.9578948651401,3282714.2480025566,64310.51938162353,17629.08545505735,712.9578948651401,-1060643.385904265,-19965.175889905095,-1929.6524765670838,-254.26574307256993,-1295139.0602335415,-389406.8400595041,-33080.88275803775,-2921.120779676308,32029030.8617338,443923.4707253157,174676.01374373652,4070.3298414374212,5.956960702054193,1.719496122992111,6.668999830577317,1.3358947990097503,9.24317398347296,9.24317398347296,9.24317398347296,9.24317398347296,9.24317398347296,2.6412857045239777,64.0,0.5
5.0,0.0,9.54496443278934,747.0,36.16828731670051,23.34952599957046,13.035166295536976,5.539113929867936,4.42689153769892,23.34952599957046,13.035166295536976,5.539113929867936,4.42689153769892,0.7478485435225087,-0.18960635129684392,-0.7055254536609104,-0.03540556807205783,-44.02612648252615,-35.101548185012525,-17.278554896257813,-15.739673280719881,48.169555635601725,43.916271870381664,21.14518353236484,15.762063526959444,0.01595797638851241,0.13738164605116984,0.6202099543815283,0.09595863006674175,9.54496443278934,9.54496443278934,9.54496443278934,9.54496443278934,9.54496443278934,9.445547213905149,0.001953125,0.5
448.0,0.9709821428571429,9.317412613764866,638.0,68.8015785494756,4993.9090728818155,212.98168008004652,45.83540450973449,6.189712218467035,4993.9090728818155,212.98168008004652,45.83540450973449,6.189712218467035,-91.46354706112768,-35.43837826024128,-3.0323708457448486,-0.7317697601723897,-8565.538384747251,-323.40871215301223,-152.69744445478904,-12.571263405610983,8773.890228266431,858.3128464896255,199.49550650444652,14.56661666328039,0.06450902487477356,1.0971043388479085,1.1782450647266538,0.47190995403342606,9.317412613764866,9.317412613764866,9.317412613764866,9.317412613764866,9.317412613764866,8.113091812326031,0.0009765625,0.0625
6.0,0.0,9.10328780841194,550.0,19.590468674954614,3180.32793968122,15.287798706778428,6.954423411532365,4.827518783765005,3180.32793968122,15.287798706778428,6.954423411532365,4.827518783765005,-1235.3305653855737,-1.057354957672902,-1.0598067303509389,-0.9736091392254294,-2635.3508552296594,-22.823414342416978,-17.601655916285033,-11.358774527507643,17164.679030175907,25.538499916332604,19.71241191250226,16.55679242140433,2.3730386460061204,-0.19517133963910016,0.45824670634088105,0.5673216112696243,9.10328780841194,9.10328780841194,9.10328780841194,9.10328780841194,9.10328780841194,9.077833262957395,0.0009765625,0.5
9.0,0.0,9.02546340910517,549.0,44.318773331472606,108.34368016997865,99.58571761255533,84.61333636412809,63.75086460076721,108.34368016997865,99.58571761255533,84.61333636412809,63.75086460076721,-13.899114544346833,-10.883541496733356,1.9905880686408335,5.239931766519727,-192.04429353294918,-159.00728643540597,-219.42064482573932,-190.5984495745877,296.7506971606663,271.3267279482721,251.78058256507043,194.96796564664143,0.4319204001766644,0.46598318159001095,0.35447717555142877,-0.29115299025423064,9.02546340910517,9.02546340910517,9.02546340910517,9.02546340910517,9.02546340910517,8.801384083042036,1.0,0.015625
746.0,0.9839142091152815,9.513727595952453,731.0,87.07909877724573,2491.5555151464255,685.8061765029219,158.285400991834,3.115205970296969,2491.5555151464255,685.8061765029219,158.285400991834,3.115205970296969,-54.39382704535699,-169.80250897548234,-15.961659325639893,-0.17475572959909516,-4900.354282747044,-1101.706629445997,-279.1558114902995,-5.993623557674909,5806.065221207481,2664.0664043482257,648.9538890274264,6.10762029752689,0.05502205039709751,1.2397043757380897,1.0197238279031078,0.05791042228742783,9.513727595952453,9.513727595952453,9.513727595952453,9.513727595952453,9.513727595952453,9.41796836202632,0.00390625,0.015625
247.0,0.9676113360323887,7.707359132080901,209.0,42.7491410501371,12108.050274786963,2450.2861240828843,240.5458709744478,91.49277995158832,12108.050274786963,2450.2861240828843,240.5458709744478,91.49277995158832,-4145.3822466521515,123.3807177361384,-90.43278337428059,-2.331048387391467,-12060.984754586634,-8273.717425421291,-238.16622055555976,-192.84527141212402,57903.118658383624,14942.551471808463,1216.687646373684,632.0123030787387,2.162887246683921,1.210468174395077,2.4902905337296963,2.6951157115879516,7.707359132080901,7.707359132080901,7.707359132080901,7.707359132080901,7.707359132080901,6.329642941183361,64.0,0.5
