AttributeNum,DiscreteRatio,JointInf,Size,Totcorr,Mean1,Mean2,Mean3,Mean4,Std1,Std2,Std3,Std4,Median1,Median2,Median3,Median4,Min1,Min2,Min3,Min4,Max1,Max2,Max3,Max4,Skew1,Skew2,Skew3,Skew4,Entropy1,Entropy2,Entropy3,Entropy4,PCAJointInf,n_components,covariance_type0,covariance_type1,covariance_type2,covariance_type3
15.0,0.06666666666666667,9.629356620079498,792.0,26.97385852352478,102259.71712144055,6558.794585245265,388.38477641469,13.634471171947654,102259.71712144055,6558.794585245265,388.38477641469,13.634471171947654,-10430.909670023484,-957.8043531335111,-80.42085148960908,-0.21246342599422602,-163739.28735958933,-1010.8479171096798,-98.24792841026552,-32.866063403014095,479082.0207437866,99043.87991643077,3080.089259880829,37.17606741648523,0.986945988366964,13.295869079576915,4.918360804283362,0.09861437639986113,9.629356620079498,9.629356620079498,9.629356620079498,9.629356620079498,9.629356620079498,1.0,1.0,0.0,0.0,0.0
11.0,0.0,9.64925617751736,803.0,63.36309978583366,2.172872226912164,1.5231892887407117,1.3367351021740508,1.303813967211858,2.172872226912164,1.5231892887407117,1.3367351021740508,1.303813967211858,-0.16297284572936988,-0.03611532867632043,-0.1804587371948487,0.15786716660407826,-4.301130930827894,-5.071661730534807,-8.749872399739544,-4.611224259081858,5.816188055457467,12.458482377401799,9.350565419881722,5.97300620074584,0.7770443440874936,1.3369543685223892,1.597412822998116,-0.27546296910520757,9.64925617751736,9.64925617751736,9.64925617751736,9.64925617751736,9.64925617751736,5.0,1.0,0.0,0.0,0.0
55.0,0.6727272727272727,9.836050355058168,914.0,74.17438667888992,1644.3357489353818,1155.2166409562235,279.4135968847288,186.59599591992912,1644.3357489353818,1155.2166409562235,279.4135968847288,186.59599591992912,-262.36866941804374,43.57396399104085,-10.118111943822509,-21.14023178187641,-2883.87999844917,-3810.456060918981,-808.6829987830463,-401.5146739547833,5157.932120967639,4302.9670988708685,844.4822914287574,698.6662439844906,0.7476206586215172,0.17132709246516165,0.009654769744694156,0.57273941835687,9.836050355058168,9.836050355058168,9.836050355058168,9.836050355058168,9.836050355058168,2.0,0.0,0.0,1.0,0.0
26.0,0.0,9.932214751968523,977.0,209.31977906273306,12.212813491415996,2.495752966694838,1.1146272277647675,0.576444552537597,12.212813491415996,2.495752966694838,1.1146272277647675,0.576444552537597,-1.907360028518226,-0.6615270140678534,-0.2601457180520815,0.20061131939738733,-13.871526188418372,-5.526583320966079,-2.198966459292085,-1.1489984656464283,42.242006890217965,7.131941943308828,4.9003253564300895,1.4881802468548861,1.184427833677097,0.5165949548690375,2.001164590883766,0.20448487581208918,9.932214751968523,9.932214751968523,9.932214751968523,9.932214751968523,9.932214751968523,6.0,0.0,0.0,1.0,0.0
11.0,0.0,9.665335917185162,812.0,56.21361335568289,704544.6817245262,898.2838268813148,490.70891542762104,459.6313716759871,704544.6817245262,898.2838268813148,490.70891542762104,459.6313716759871,-55989.39376106471,-164.43328897445645,-59.38284545029853,33.58645230970764,-1150127.6648276185,-1992.6014336873502,-3299.3831270215883,-1387.0536796728156,1219887.102561956,3012.2572314065533,4462.021665957893,1672.535517295308,0.09998476297070255,0.9655368954356028,2.6335912927481653,-0.06276738197908382,9.665335917185162,9.665335917185162,9.665335917185162,9.665335917185162,9.665335917185162,2.0,1.0,0.0,0.0,0.0
11.0,0.0,9.63117705570403,793.0,57.416208816681895,235809.92132975953,949.8033126746262,457.81176739509044,434.0183811750419,235809.92132975953,949.8033126746262,457.81176739509044,434.0183811750419,-11629.524060955355,-423.0299014655027,89.72903693698608,-48.83790750042506,-398035.2474336371,-1918.61778275495,-1587.8108262610808,-2349.0356172776883,414590.15558389144,2294.724877507949,2487.710665624197,4715.6923058954835,0.08730671887165495,1.2615415098443163,0.053728512329382146,2.532123650737981,9.63117705570403,9.63117705570403,9.63117705570403,9.63117705570403,9.63117705570403,3.0,0.0,0.0,0.0,1.0
11.0,0.0,9.044394119358358,528.0,51.08701553593282,318017.42348263017,862.6922614099474,570.3020485332553,474.382310171565,318017.42348263017,862.6922614099474,570.3020485332553,474.382310171565,-4903.602061870247,0.9685267132505444,-20.895427838169027,4.014767123311088,-550459.5743930415,-2418.597478256897,-3427.7221645681575,-2494.5914460025533,577129.6346367736,2625.5242527299397,5391.562005061205,3484.821889755958,0.08555909527257381,0.6089505126958444,2.3781449322158794,-0.012353173183436176,9.044394119358358,9.044394119358358,9.044394119358358,9.044394119358358,9.044394119358358,2.0,0.0,0.0,0.0,1.0
11.0,0.0,9.736401931318353,853.0,52.40485144219024,660670.9478405031,848.9907053917975,548.9210609836739,388.70500946770676,660670.9478405031,848.9907053917975,548.9210609836739,388.70500946770676,-11887.424992743543,-168.41836452177316,-132.34678857677372,-36.28513201097404,-1090513.6547861153,-1585.9486884770365,-1441.0246780322075,-2557.01168402645,1160625.5884761096,3050.881167419767,2666.4624047071684,3572.2575862190915,0.07915682251926588,0.7402475156170994,0.6575854888976314,0.7686414023634043,9.736401931318353,9.736401931318353,9.736401931318353,9.736401931318353,9.736401931318353,3.0,0.0,0.0,0.0,1.0
11.0,0.0,9.10066233900525,549.0,48.02682852459893,176866.96754726509,896.5477467811123,576.314777737978,450.8727436234512,176866.96754726509,896.5477467811123,576.314777737978,450.8727436234512,-14119.287016450668,402.6670084956037,-293.1388422775824,14.64751406551349,-296636.18538912537,-2413.16282759863,-661.6151885395491,-2179.752248018498,308442.4048662249,2446.1118090568502,6036.356300154124,4370.267306148648,0.07190248002636732,-1.4081717896857608,4.126781285001319,2.756872757732934,9.10066233900525,9.10066233900525,9.10066233900525,9.10066233900525,9.10066233900525,3.0,0.0,1.0,0.0,0.0
11.0,0.09090909090909091,9.674192268145559,817.0,43.567280145923185,316628.0447445198,864.8012478281182,317.3541581027787,289.2996461444725,316628.0447445198,864.8012478281182,317.3541581027787,289.2996461444725,-10372.735941081593,-56.78629317853868,45.692735234526246,-16.904717177076908,-539047.7179930458,-1678.5201200252006,-871.8408114001184,-1444.8058634522,556950.4222841947,1990.0854033956286,1012.2697866092723,1899.6428987859947,0.06564348590980408,0.23957579480646576,-0.5283424200857584,2.1192746805558262,9.674192268145559,9.674192268145559,9.674192268145559,9.674192268145559,9.674192268145559,2.0,0.0,1.0,0.0,0.0
11.0,0.09090909090909091,9.94690627445642,987.0,52.517313217859694,895452.5634450665,813.0429174427059,503.2692711378946,292.45847378980756,895452.5634450665,813.0429174427059,503.2692711378946,292.45847378980756,2770.9948844228666,-247.1305953113414,160.87525350785165,2.760187914448147,-1502055.2529504905,-1607.9187507917297,-918.3075279396171,-1442.8086418761227,1552958.696130836,2887.6149436430424,1721.0974133617674,2752.3158361478154,0.06935775685284241,1.0406099277477607,-0.5635362166576137,1.9072769258403393,9.94690627445642,9.94690627445642,9.94690627445642,9.94690627445642,9.94690627445642,2.0,0.0,0.0,1.0,0.0
11.0,0.0,9.465566404809234,707.0,54.839263462438325,494716.7011337476,1750.2494332798344,1280.1044840536467,647.1627633869033,494716.7011337476,1750.2494332798344,1280.1044840536467,647.1627633869033,17255.37085854158,-50.48970378177877,29.616217624814446,-80.41655922688408,-851682.5086543446,-4065.606493694265,-12799.225317668042,-1817.8740431048845,864333.0233070898,42116.070526730626,30212.773211013653,2701.031078093085,-0.034747463427696614,21.0137035198795,17.235044027940283,1.1793967413192923,9.465566404809234,9.465566404809234,9.465566404809234,9.465566404809234,9.465566404809234,3.0,0.0,0.0,0.0,1.0
11.0,0.09090909090909091,9.008428622070593,515.0,54.78566609689063,204350.29579258317,975.6368377008088,517.339901318692,391.5018858091789,204350.29579258317,975.6368377008088,517.339901318692,391.5018858091789,6791.2169315304445,468.3636341606675,-60.851829182526124,-63.61114856247381,-338553.80042856844,-2127.528613378311,-3231.701835573431,-1385.3532513170926,349008.8210611531,2441.640692320397,3240.1054506581595,1798.3509886160584,-0.0057257300082098,-0.96262595682911,1.9622817238105486,0.9369162964917825,9.008428622070593,9.008428622070593,9.008428622070593,9.008428622070593,9.008428622070593,3.0,0.0,1.0,0.0,0.0
11.0,0.0,9.424166288818261,687.0,52.277427365295246,536604.2586906361,682.4844585382294,501.6220130349077,419.0406290594534,536604.2586906361,682.4844585382294,501.6220130349077,419.0406290594534,-46993.929390713616,-158.71202020723098,131.13484193060071,-89.84275197120466,-910916.7403467887,-2568.664699264237,-1238.573962630639,-1647.6109464063443,953349.6897382155,2797.498535417624,5239.197483763444,6886.312762994302,0.10076711223548447,2.0711689834830533,1.56997437313061,7.969513344667938,9.424166288818261,9.424166288818261,9.424166288818261,9.424166288818261,9.424166288818261,3.0,0.0,1.0,0.0,0.0
11.0,0.0,9.955649907528347,993.0,53.260506411297946,230962.8792516128,885.5623254153644,514.5152672745803,424.4943738155562,230962.8792516128,885.5623254153644,514.5152672745803,424.4943738155562,-1101.0357291322296,381.55821279245913,-82.70135081881433,109.96394337757093,-391101.86425112945,-2625.3923129157515,-2110.2194341274567,-1349.3434578058364,394867.4854403869,4886.290224927638,12934.248767074048,2069.2940712092545,0.005535912197043385,-1.1780742023813389,16.152086312594502,-0.5017836141024321,9.955649907528347,9.955649907528347,9.955649907528347,9.955649907528347,9.955649907528347,3.0,0.0,0.0,0.0,1.0
29.0,0.0,9.285402218862183,624.0,252.0038886250264,6399.135026567755,4045.942933727329,3271.8765120490884,2887.166535068218,6399.135026567755,4045.942933727329,3271.8765120490884,2887.166535068218,567.2468422461056,-40.94316889333936,-4.233283919323646,-189.20424578041906,-13684.762211768497,-10059.15784510844,-7523.557329147924,-6518.670094340844,15743.423733663592,11272.296614719706,9213.992007871666,8498.442750346008,-0.014115336608556198,0.15092402866910706,0.18731615655245365,0.2361640931197591,9.285402218862183,9.285402218862183,9.285402218862183,9.285402218862183,9.285402218862183,4.0,0.0,0.0,1.0,0.0
41.0,0.024390243902439025,9.38370429247408,668.0,321.44508027788777,4.559027416819916,2.7064111276574465,1.22709903725685,1.2009036049639137,4.559027416819916,2.7064111276574465,1.22709903725685,1.2009036049639137,-0.9866850394357867,-0.7298740638173438,-0.03381715617323441,0.07128810782226727,-8.181685686500137,-4.927389533025504,-3.5627890924555508,-3.1689242392107797,12.315865239609181,7.75688907394591,3.618899010217729,3.5962752021741338,0.6445532678847573,0.8463796113541089,0.09536777218340625,-0.09531761536326186,9.38370429247408,9.38370429247408,9.38370429247408,9.38370429247408,9.38370429247408,2.0,1.0,0.0,0.0,0.0
41.0,0.024390243902439025,9.577428828035869,764.0,324.1239028828745,4.99710977124151,2.4534462792344236,1.2413243227042599,1.1866887896642597,4.99710977124151,2.4534462792344236,1.2413243227042599,1.1866887896642597,0.08678191519490824,-0.1199481869655683,0.05739962326251717,-0.05566725619283734,-10.045643250385544,-5.672269227298515,-3.4072046705657484,-4.126416748785062,10.40871158231219,6.5792554450135405,3.5354640513077196,5.4615745099740325,0.02395763394782336,0.035789648097188084,-0.04930718996013171,0.15654425551838486,9.577428828035869,9.577428828035869,9.577428828035869,9.577428828035869,9.577428828035869,2.0,0.0,0.0,1.0,0.0
15.0,0.06666666666666667,9.629356620079498,792.0,26.91906878906118,109015.78610987902,9752.271989755009,423.88795131567105,12.927013965434847,109015.78610987902,9752.271989755009,423.88795131567105,12.927013965434847,-11372.069106562245,-1576.1739272453028,-98.95942297145216,0.19786144681012474,-169573.41955776617,-1805.6605775370938,-100.8962454469795,-36.10891076795594,761768.7004990218,98646.42914434639,2460.3790611020963,42.64245720121618,1.7769784738494219,9.24827977042854,4.283178846680225,-0.06183788454130972,9.629356620079498,9.629356620079498,9.629356620079498,9.629356620079498,9.629356620079498,1.0,1.0,0.0,0.0,0.0
11.0,0.0,9.634811050171855,795.0,63.10442637814685,2.581245528118053,1.4462266794537488,1.353893170545403,1.2325920572345792,2.581245528118053,1.4462266794537488,1.353893170545403,1.2325920572345792,-1.383642789822152,-0.10454190375864005,-0.22047099007994936,-0.013084726114755436,-2.6744959384855647,-4.2332736327109695,-3.088890060594246,-3.6248382070811727,7.86753373680379,7.42149501512861,7.1787900490170475,6.473790906307071,1.356880982946367,0.9038286847318154,1.4281839487413046,1.422968901895401,9.634811050171855,9.634811050171855,9.634811050171855,9.634811050171855,9.634811050171855,6.0,1.0,0.0,0.0,0.0
26.0,0.0,9.932214751968523,977.0,209.7354854905575,12.408061703435168,2.682085396561277,1.2632164211372994,0.5825745378963808,12.408061703435168,2.682085396561277,1.2632164211372994,0.5825745378963808,-1.2327930771298137,-1.231199834004075,-0.5552240809935732,0.10023715979252469,-19.118001099552583,-4.122612682155545,-1.3472131444159408,-1.3324763891177598,37.00463866753959,8.519872035941384,4.770416217497567,1.548421745577488,0.595274234064019,0.8490351519564214,1.9618527738783595,0.20095859606692612,9.932214751968523,9.932214751968523,9.932214751968523,9.932214751968523,9.932214751968523,6.0,0.0,0.0,0.0,1.0
23.0,0.30434782608695654,9.909893083770166,962.0,19.58509644787721,3.295679238620953,2.8654142540004863,2.45888799025889,1.8452008614175734,3.295679238620953,2.8654142540004863,2.45888799025889,1.8452008614175734,-0.2029999685986501,-0.5374651716533114,-0.222087525158785,0.1687290243269122,-5.968870157255348,-6.615086103341493,-6.346856248458509,-5.1950887853654395,7.037800885769853,9.107449591302577,6.4057930094665,5.563163170559957,0.15061496671653618,0.8796635318807952,0.1363292037394652,-0.17091559304009465,9.909893083770166,9.909893083770166,9.909893083770166,9.909893083770166,9.909893083770166,3.0,1.0,0.0,0.0,0.0
11.0,0.0,9.665335917185162,812.0,56.13768886660335,677741.4342769028,921.6159595220444,527.834933477817,464.9030694516257,677741.4342769028,921.6159595220444,527.834933477817,464.9030694516257,-54506.27217653794,-286.783503421797,-83.83889910244966,48.49476139718887,-1171725.726022372,-2358.7488168520435,-3109.1032181158484,-1268.4171769912798,1200367.04332052,2984.4873184267612,4591.7145241668195,2347.573783061312,0.10880990558067764,1.1330870300106748,3.617766518011034,0.11722040020959901,9.665335917185162,9.665335917185162,9.665335917185162,9.665335917185162,9.665335917185162,3.0,0.0,0.0,0.0,1.0
11.0,0.0,9.63117705570403,793.0,57.57873197178867,233768.08554987516,996.5970862286823,466.46780999646654,425.01218474806234,233768.08554987516,996.5970862286823,466.46780999646654,425.01218474806234,-6753.913649708126,-457.0351503631978,-70.59487630523745,21.843682043538607,-397112.94927546906,-1862.3127990512662,-1203.4647461616735,-1556.6789827048985,412449.3440687701,2290.4362114768323,4617.981459788969,1820.043003695992,0.04484533052828054,1.1825446431388051,3.711605056192312,-0.14206814824445466,9.63117705570403,9.63117705570403,9.63117705570403,9.63117705570403,9.63117705570403,3.0,0.0,0.0,0.0,1.0
11.0,0.0,9.044394119358358,528.0,49.024020975001925,324123.58463682217,875.7321751526474,463.2080171225631,419.0494444898247,324123.58463682217,875.7321751526474,463.2080171225631,419.0494444898247,-25717.72819127818,18.124279617504264,-52.05031099303588,9.280535535809683,-554289.5607638404,-2297.9052257578887,-3338.1390978917134,-2165.378026373768,577972.0324561978,2527.6301308995603,4682.440784716573,2866.533939087864,0.10982971280022168,0.4836699041576387,2.978103039731923,1.1813282618735295,9.044394119358358,9.044394119358358,9.044394119358358,9.044394119358358,9.044394119358358,2.0,0.0,0.0,0.0,1.0
11.0,0.0,9.736401931318353,853.0,52.17433141516308,633313.7527949862,827.3237835334764,592.4046557260386,414.8614332073555,633313.7527949862,827.3237835334764,592.4046557260386,414.8614332073555,4941.299699115446,-206.2914769000185,-240.89204690853742,-19.71366893603328,-1115056.2567391978,-1359.9453365649636,-1012.6390693685746,-3818.8877189075247,1133520.652197192,2908.86630589202,2731.933283468625,5038.278376752553,0.01106165435811888,1.038261552599949,0.8800154735288425,0.5406175032368333,9.736401931318353,9.736401931318353,9.736401931318353,9.736401931318353,9.736401931318353,4.0,0.0,0.0,0.0,1.0
11.0,0.0,9.10066233900525,549.0,46.79539283214524,175265.32496066278,830.3976568797854,471.1852781244889,397.3545073063054,175265.32496066278,830.3976568797854,471.1852781244889,397.3545073063054,8998.625221750377,-357.10788763207876,-204.20676505583407,5.839837617866095,-301535.4039955552,-861.0308797559763,-508.1789437332845,-1148.0727605334055,302700.03671384987,2311.2586768380706,2474.859495739353,1862.0992844370621,-0.049596941660229675,1.63841572657296,1.9062594321018587,1.6629313077976833,9.10066233900525,9.10066233900525,9.10066233900525,9.10066233900525,9.10066233900525,3.0,0.0,1.0,0.0,0.0
11.0,0.09090909090909091,9.674192268145559,817.0,43.62549920612161,320606.54287953716,893.3513746833302,668.2439216840502,311.09560924083604,320606.54287953716,893.3513746833302,668.2439216840502,311.09560924083604,-22436.40437374674,53.11259955132312,-18.25851083205579,30.765696201440853,-537189.3877708651,-2199.6448784136146,-3535.1344457764367,-953.6333042677984,560466.0921986095,5923.446859344016,16567.585049631125,1006.9312765756519,0.10061150026041198,0.45706215029987984,18.510383710384257,-0.29095522228138876,9.674192268145559,9.674192268145559,9.674192268145559,9.674192268145559,9.674192268145559,2.0,0.0,1.0,0.0,0.0
11.0,0.09090909090909091,9.94690627445642,987.0,52.66922276218266,866928.5677737888,845.4263826533345,503.46772073179204,300.39359854798175,866928.5677737888,845.4263826533345,503.46772073179204,300.39359854798175,-25701.433652867658,-282.5586016024052,147.84656427581928,-9.89505309278796,-1494327.447079214,-1313.065912840448,-979.0247366762202,-1581.7442498445853,1556969.0926177856,2925.0444019309966,1312.5901738342286,2914.6626202840944,0.05125727417418587,1.3188855764027199,-0.6274559086077958,2.739347493354402,9.94690627445642,9.94690627445642,9.94690627445642,9.94690627445642,9.94690627445642,2.0,0.0,0.0,1.0,0.0
11.0,0.0,9.465566404809234,707.0,55.13053881600206,502464.22678500623,736.8783108391459,513.50425428461,376.90032425055256,502464.22678500623,736.8783108391459,513.50425428461,376.90032425055256,39877.31592742286,-217.2355525078172,204.54984712579238,45.919788786339815,-844685.205265504,-1362.6626703782501,-1012.5167049915383,-1446.4538360125816,871158.7629697369,2387.541148247012,3181.787308687946,3441.2593636307,-0.032838166728813054,1.816688269680388,0.030513244794236876,1.3297617020066432,9.465566404809234,9.465566404809234,9.465566404809234,9.465566404809234,9.465566404809234,4.0,0.0,1.0,0.0,0.0
11.0,0.09090909090909091,9.008428622070593,515.0,54.024351869910674,195654.20898769246,916.9879465590751,519.6092470325608,382.54617311570627,195654.20898769246,916.9879465590751,519.6092470325608,382.54617311570627,-8977.906252276603,-419.1759422405122,-56.76372965025236,-75.39948744769015,-340853.1113785235,-1610.5666211932169,-2513.7945799456434,-1051.7420353446437,344647.0058757014,2375.418290335043,3935.3160257418003,4970.433374820648,0.04458673724678572,1.2847440588148842,3.314727693161017,5.113151677322895,9.008428622070593,9.008428622070593,9.008428622070593,9.008428622070593,9.008428622070593,3.0,1.0,0.0,0.0,0.0
11.0,0.0,9.424166288818261,687.0,52.469613418810596,543276.9992640777,714.433351511537,504.15755504096614,303.8098318908473,543276.9992640777,714.433351511537,504.15755504096614,303.8098318908473,-10132.513459230033,-209.88448733576558,-152.9247583275558,19.424948502299117,-919132.2548643852,-792.8202485664683,-1320.0927337812466,-2593.758376387081,947039.84001561,2548.6529653855146,4419.768149970598,3656.796129208913,0.03773821521494983,2.1479968334097723,1.240517458091592,0.757309551974242,9.424166288818261,9.424166288818261,9.424166288818261,9.424166288818261,9.424166288818261,2.0,1.0,0.0,0.0,0.0
29.0,0.0,9.285402218862183,624.0,252.0513859103042,6861.848712563492,4165.429884839682,3146.1227145347307,2875.7014713212843,6861.848712563492,4165.429884839682,3146.1227145347307,2875.7014713212843,564.162328772428,36.36533564112324,-191.51502752854944,-62.493882769221514,-12873.516463416872,-9809.346236011337,-8637.359698183378,-7850.548034053808,20309.25323403018,10646.83431726827,8705.969230255918,8123.615230345309,0.18135477135479683,0.06800624627117477,0.024448654931530447,-0.07301365448373609,9.285402218862183,9.285402218862183,9.285402218862183,9.285402218862183,9.285402218862183,3.0,0.0,0.0,0.0,1.0
41.0,0.024390243902439025,9.38370429247408,668.0,321.2310328321736,4.438878298830393,2.7536181518967853,1.2154204624962304,1.1875312126166395,4.438878298830393,2.7536181518967853,1.2154204624962304,1.1875312126166395,-0.909966846107492,-0.8030127308970398,0.0551353360674532,0.03009654739500293,-8.078867518491766,-4.920677349900766,-3.589217892183324,-3.2278152435237284,12.148482332451078,8.003827248842125,3.6283757047749963,3.7986044547449835,0.6571641697159085,0.7928086204023524,-0.14438440827735263,0.02062488645100652,9.38370429247408,9.38370429247408,9.38370429247408,9.38370429247408,9.38370429247408,2.0,0.0,1.0,0.0,0.0
41.0,0.024390243902439025,9.577428828035869,764.0,324.3432821103095,4.880809036562295,2.4797170257224717,1.2046818807733897,1.1850364108853157,4.880809036562295,2.4797170257224717,1.2046818807733897,1.1850364108853157,-0.1639316600777868,-0.01936920627682449,-0.010760049999093598,0.08304282158524631,-9.932281441404538,-5.24179124312462,-3.380201376304443,-3.8846484521688116,10.376342719100313,6.245885084074793,3.981627376258499,4.210300876840444,0.0495964949972825,0.015946642831197934,0.09348243715842308,-0.07351093384841915,9.577428828035869,9.577428828035869,9.577428828035869,9.577428828035869,9.577428828035869,2.0,0.0,0.0,0.0,1.0
15.0,0.06666666666666667,9.629356620079498,792.0,27.214945277653026,100190.29522265421,5735.639038518836,406.12036564660065,13.388548254515548,100190.29522265421,5735.639038518836,406.12036564660065,13.388548254515548,-10402.858440312717,-947.6977316876512,-93.71927429019689,-0.22585552154307703,-167499.96894275513,-1292.9723947882926,-104.86960950194805,-30.16234440495356,586007.4109851948,98860.0344928226,2355.789135808223,35.58847600925478,1.1135412109150327,13.581029558469977,4.303081109264575,0.14346945695662564,9.629356620079498,9.629356620079498,9.629356620079498,9.629356620079498,9.629356620079498,1.0,1.0,0.0,0.0,0.0
55.0,0.6727272727272727,9.836050355058168,914.0,74.02800231452315,1667.1246999134144,1114.2400499366956,269.18859152589647,183.8984783952411,1667.1246999134144,1114.2400499366956,269.18859152589647,183.8984783952411,-308.36579339412833,-3.897493936733664,-5.034994059978351,-27.794351713430274,-2778.309970506889,-3668.9777205661558,-823.9910552765402,-397.355240472645,5339.138718835496,4523.930169239021,920.7542157108659,681.8117019294363,0.8339713485234703,0.23901788833779058,-0.03429963690377023,0.6495467083969307,9.836050355058168,9.836050355058168,9.836050355058168,9.836050355058168,9.836050355058168,2.0,0.0,0.0,1.0,0.0
26.0,0.0,9.932214751968523,977.0,209.41715631898555,12.994542188774542,2.604501727596816,1.107106017608823,0.6080819515391672,12.994542188774542,2.604501727596816,1.107106017608823,0.6080819515391672,-4.613591009545145,-1.2038688327641835,-0.3153949294188139,0.1773769931675888,-14.496027261471049,-3.8621380524986866,-2.342710978537744,-1.2805789814157982,43.51587400054271,7.882622283431502,4.293496987929964,1.6830815040484182,1.2375277205110404,0.7621212803440485,1.828832168949247,0.17176693583633273,9.932214751968523,9.932214751968523,9.932214751968523,9.932214751968523,9.932214751968523,6.0,0.0,1.0,0.0,0.0
23.0,0.30434782608695654,9.909893083770166,962.0,19.73386376167648,3.398640577276487,2.8578643256687393,2.423148411113369,1.8026014211852415,3.398640577276487,2.8578643256687393,2.423148411113369,1.8026014211852415,-0.2819555342491141,-0.19547953341877117,-0.25903120680623637,0.017793857113371527,-6.9920888098455025,-7.155219792123415,-6.0718827716553045,-5.211487063673854,7.2208560839621025,8.673694784885182,6.818209112180422,5.7200357066669065,0.187803267285324,0.4155656047117936,0.47969219542885416,0.0167327236985481,9.909893083770166,9.909893083770166,9.909893083770166,9.909893083770166,9.909893083770166,5.0,1.0,0.0,0.0,0.0
11.0,0.0,9.665335917185162,812.0,55.83750701330373,677510.5920271353,843.3095661707285,549.0633241733483,476.274296008522,677510.5920271353,843.3095661707285,549.0633241733483,476.274296008522,17609.756592792226,-199.96281873782982,-57.01568766220955,39.4007356976,-1160864.029883429,-2190.7007838242757,-4314.032818391546,-1646.310137556097,1205102.6187856998,3031.914138906177,4771.793553209127,1905.112290583059,0.03471914187217893,1.1582997569349793,2.2281353315911305,-0.03461379602369366,9.665335917185162,9.665335917185162,9.665335917185162,9.665335917185162,9.665335917185162,2.0,1.0,0.0,0.0,0.0
11.0,0.0,9.63117705570403,793.0,58.304618755707814,233265.46755998247,955.2263542545488,467.1148179843935,434.38794947323174,233265.46755998247,955.2263542545488,467.1148179843935,434.38794947323174,-2941.266367492141,-423.24143697519133,17.821527094622017,48.611355273243554,-396020.8511781494,-1560.3316005735965,-2483.5989860262657,-2097.794696950192,415276.5823273988,2379.4757035715434,2973.183592890815,2220.96884121066,0.05193279434563794,1.236835306922658,-0.4810507064235185,-0.5961345443746686,9.63117705570403,9.63117705570403,9.63117705570403,9.63117705570403,9.63117705570403,3.0,0.0,0.0,0.0,1.0
11.0,0.0,9.554588851677702,752.0,56.64470876090524,415460.1563734602,1447.5360698008478,720.3722466071528,541.6411094252771,415460.1563734602,1447.5360698008478,720.3722466071528,541.6411094252771,-3420.479857866603,-55.76716322285875,116.17431385447031,73.51850994123541,-693989.4932154849,-3755.5582708675574,-2424.0561254953277,-1427.5952385322685,704354.2008044226,37084.555794018044,3049.637724622624,2169.2293859764322,0.013938526124976588,22.41540318774554,-1.3663655860314978,0.08900110525879457,9.554588851677702,9.554588851677702,9.554588851677702,9.554588851677702,9.554588851677702,5.0,0.0,0.0,0.0,1.0
11.0,0.0,9.736401931318353,853.0,52.127440551450945,642015.5795361407,868.2856334045438,581.5021909170141,358.13836116042086,642015.5795361407,868.2856334045438,581.5021909170141,358.13836116042086,-3190.734059625199,-254.03696906775068,-161.91778212176908,2.4137230825032194,-1125379.2049390185,-2597.1967704047156,-876.2583358802322,-2780.4225642063775,1125416.6001184126,2983.319795286842,5410.707827458754,2976.548517063046,-0.016829397331784606,0.9811010125788733,1.9021366276117653,0.35465253119297674,9.736401931318353,9.736401931318353,9.736401931318353,9.736401931318353,9.736401931318353,3.0,0.0,0.0,0.0,1.0
11.0,0.0,9.10066233900525,549.0,47.6505628415363,178843.669941405,865.6348315533978,563.9536192920851,414.4131635943601,178843.669941405,865.6348315533978,563.9536192920851,414.4131635943601,-1378.3232805168086,425.8718663672125,-208.03131452109005,-16.456858191092387,-298830.4861085033,-2001.0678425710657,-2022.259212749354,-2004.998905201611,305200.9476310249,2084.0148749583645,4406.642669058144,3634.7870448490157,0.028293846941192382,-1.4169593299547523,2.520926218312795,0.8524713069978765,9.10066233900525,9.10066233900525,9.10066233900525,9.10066233900525,9.10066233900525,3.0,0.0,1.0,0.0,0.0
11.0,0.09090909090909091,9.674192268145559,817.0,44.31390762446591,317148.7717131191,878.191921687915,326.9101518191804,261.9959065721758,317148.7717131191,878.191921687915,326.9101518191804,261.9959065721758,-3145.2149842539807,-70.72548960755672,53.68544685606587,-38.32005266848879,-535991.956878667,-1712.1193592124264,-755.1550188100006,-1017.4813505139564,557272.1475296206,1948.2832491411841,981.4430744338822,1282.4177330151306,0.05378129451062382,0.2258050023086776,-0.2840449125985473,0.8442856415252612,9.674192268145559,9.674192268145559,9.674192268145559,9.674192268145559,9.674192268145559,2.0,1.0,0.0,0.0,0.0
11.0,0.09090909090909091,9.94690627445642,987.0,52.62414462297897,879685.9228842108,831.6470544739486,512.1869383414934,301.59689965970585,879685.9228842108,831.6470544739486,512.1869383414934,301.59689965970585,-14556.563758243818,-284.03962709857535,113.0632900252379,4.432116701698092,-1479792.172743532,-1422.8104930931709,-886.001441367359,-2708.652876903488,1559909.8621667116,2934.4970566234038,1417.036700381365,2854.336730582262,0.028391498384672448,1.1968704084207884,-0.46368854415906774,1.861298799809941,9.94690627445642,9.94690627445642,9.94690627445642,9.94690627445642,9.94690627445642,2.0,0.0,0.0,1.0,0.0
11.0,0.0,9.465566404809234,707.0,55.304403110890874,494014.32428084465,1008.914129412651,504.59976970992983,482.7473131604673,494014.32428084465,1008.914129412651,504.59976970992983,482.7473131604673,2646.2248646383237,182.21155674551474,-184.35259580329688,-21.05420212187467,-849120.4409336934,-2182.24495719529,-1435.2485571713823,-1184.1319141624256,862848.9250660267,19599.75023021103,5025.970414292515,6148.0087972679585,0.037239882052822276,9.861676418089148,1.8684165493242826,3.0537084429322534,9.465566404809234,9.465566404809234,9.465566404809234,9.465566404809234,9.465566404809234,5.0,0.0,0.0,0.0,1.0
11.0,0.09090909090909091,9.008428622070593,515.0,55.09175526465514,198329.4172582064,961.579491721951,570.3779254283957,365.1686050166928,198329.4172582064,961.579491721951,570.3779254283957,365.1686050166928,-8569.094911495682,409.83111830996336,20.813561845098796,-80.82437386481547,-341272.29828585504,-2187.5182558291644,-3943.245999023387,-1707.8550814542357,345961.7719440824,2376.4005353128086,5077.818514337742,1793.0310455823035,-1.2213728377742877e-05,-1.066851713743875,0.8668824203700001,1.779253743464648,9.008428622070593,9.008428622070593,9.008428622070593,9.008428622070593,9.008428622070593,3.0,0.0,0.0,0.0,1.0
11.0,0.0,9.424166288818261,687.0,52.59572855227555,533382.833335278,685.2569010120426,483.3680098331107,321.9678047943981,533382.833335278,685.2569010120426,483.3680098331107,321.9678047943981,-5637.907781700995,-183.21547593242855,172.00823885215604,-59.41876377907514,-916763.6780872617,-1482.4855075228947,-1101.1910179864008,-829.3386783158938,944752.7488943811,2778.442012217222,2351.3860474015128,4575.850588165341,0.048026039622256725,2.213065723092579,-0.28493204485677753,4.816610632041864,9.424166288818261,9.424166288818261,9.424166288818261,9.424166288818261,9.424166288818261,3.0,0.0,1.0,0.0,0.0
11.0,0.0,9.955649907528347,993.0,52.95206312211002,231275.17956545923,873.6801305125512,421.78359272853754,350.182632509921,231275.17956545923,873.6801305125512,421.78359272853754,350.182632509921,5428.990214501817,-394.9647171093558,-87.25609955634654,8.66855692591947,-387118.3322060771,-1601.323224602242,-1847.6925545933796,-2033.1397425940572,398663.05442233814,2597.2978681022278,2154.401699614825,3495.4716515607433,0.030349264274531988,1.4752398133274203,0.6128442295526652,2.0393251054986474,9.955649907528347,9.955649907528347,9.955649907528347,9.955649907528347,9.955649907528347,3.0,0.0,0.0,0.0,1.0
41.0,0.024390243902439025,9.38370429247408,668.0,321.24095413453415,4.638092805711413,2.7599762266926255,1.2282290921153813,1.188394677934511,4.638092805711413,2.7599762266926255,1.2282290921153813,1.188394677934511,-0.9707696036441205,-0.826312462902598,-0.027081255388137236,-0.004497441669557715,-8.393080404251888,-4.687751528231665,-3.127659084979288,-3.554735938486628,11.70686623811502,7.461569754653667,4.336759023918252,3.9968781089841703,0.6148574554253619,0.7861865449279899,0.08111884252537106,0.10828062621545582,9.38370429247408,9.38370429247408,9.38370429247408,9.38370429247408,9.38370429247408,2.0,1.0,0.0,0.0,0.0
41.0,0.024390243902439025,9.577428828035869,764.0,324.3256267391263,4.885791924080595,2.4701310690618734,1.224780489200625,1.2000290788322725,4.885791924080595,2.4701310690618734,1.224780489200625,1.2000290788322725,-0.024845379194992523,-0.0896835068828209,0.011580593604581444,0.07396087798537067,-9.804496881266386,-6.034077295543281,-3.443551654273632,-3.180304137102736,9.885723706584752,6.082853867225598,4.138322722889299,3.6367915935011768,0.057610327631094214,0.025260087670881365,-0.06389658634864066,-0.05981064648567967,9.577428828035869,9.577428828035869,9.577428828035869,9.577428828035869,9.577428828035869,2.0,0.0,0.0,0.0,1.0
7.0,0.8571428571428571,6.5402239289418675,120.0,4.276359207356864,1.8882627588559564,0.6703829551317965,0.5415493066984989,0.534282626592198,1.8882627588559564,0.6703829551317965,0.5415493066984989,0.534282626592198,0.7221256932036373,-0.21506442615748103,-0.17625671081037847,0.054285654155405316,-2.9514246716728336,-0.9168311017045433,-0.7759323781969875,-0.9686118946348123,3.1837336465075388,1.1124661459685987,1.1111788040571624,1.1637978503559905,-0.12336708876649059,0.2910494545091458,0.6056933550616556,0.1318719471664973,6.5402239289418675,6.556890595608534,6.556890595608534,6.5402239289418675,6.556890595608534,2.0,1.0,0.0,0.0,0.0
15.0,0.13333333333333333,9.612868497291041,783.0,27.90182800334523,108218.3554216606,2341.3960982527574,422.3221025620577,13.117310307079205,108218.3554216606,2341.3960982527574,422.3221025620577,13.117310307079205,-10955.919813361461,-543.1055204942469,-101.50411524899827,-0.6072602996645186,-165931.91140028098,-758.358692716456,-135.10750593880758,-30.346273090829264,841462.0362864637,24661.688192895912,2307.047060160199,49.55955033494571,1.5787719490222663,5.495554560603278,4.254980296473762,0.2657887750338014,9.612868497291041,9.612868497291041,9.612868497291041,9.612868497291041,9.612868497291041,4.0,0.0,0.0,1.0,0.0
21.0,0.14285714285714285,9.926295994781203,973.0,41.31395893228207,231.33308767126118,193.63191350410636,68.44412684072736,10.532049792517146,231.33308767126118,193.63191350410636,68.44412684072736,10.532049792517146,-76.60080335071557,-15.754475446499399,-20.32200886908313,-1.8100173234917913,-243.2019027000749,-407.2430391447813,-202.53335649416377,-24.64417653014193,1836.0827372127317,978.3669839319298,209.8619198990861,43.38985324051153,2.3255977944631243,3.8468328625927124,1.1570327084104435,0.6950984999545093,9.926295994781203,9.926295994781203,9.926295994781203,9.926295994781203,9.926295994781203,3.0,0.0,1.0,0.0,0.0
10.0,0.1,8.123843678991825,683.0,13.1399179221655,7.0168429026558385,2.26114005555347,2.0742715520879806,1.7764101029214754,7.0168429026558385,2.26114005555347,2.0742715520879806,1.7764101029214754,-4.294097893121102,0.1691406757469197,-0.014724560306045308,0.018395463185334072,-6.51226617232466,-6.811935781922958,-5.96046146492158,-7.14184125994333,18.078305588336544,9.501320218466883,7.5464984906882435,9.817342759200299,0.9008369927443054,0.21947422781261716,-0.04782408916178383,0.2238194485222205,8.129907675258409,8.156768164387877,8.1538399067012,8.156768164387877,8.156768164387877,2.0,0.0,1.0,0.0,0.0
10.0,0.1,8.123843678991825,683.0,13.1399179221655,7.016842902655842,2.2611400555534695,2.0742715520879793,1.7764101029214756,7.016842902655842,2.2611400555534695,2.0742715520879793,1.7764101029214756,-4.294097893121108,0.169140675746918,-0.014724560306044555,0.018395463185333825,-6.512266172324664,-6.811935781922958,-5.960461464921582,-7.141841259943342,18.07830558833655,9.501320218466889,7.546498490688239,9.817342759200288,0.900836992744306,0.21947422781261713,-0.04782408916178557,0.2238194485222177,8.129907675258409,8.156768164387877,8.1538399067012,8.156768164387877,8.156768164387877,2.0,0.0,1.0,0.0,0.0
25.0,0.44,7.303780748177119,158.0,56.60613682627719,3126.919567678846,66.92295481913295,43.15389268370558,14.622088646039952,3126.919567678846,66.92295481913295,43.15389268370558,14.622088646039952,-676.2475703283885,-17.80364709302679,-6.916457417660139,0.9666221793774017,-4675.840496003119,-112.47181506614294,-116.07567161283951,-32.752314072149005,17924.354406708717,328.55804069077,219.99749463688767,44.8821163999953,2.0704805050986828,2.2229035743864065,1.7906139046202671,0.14194189535057802,7.303780748177119,7.303780748177119,7.303780748177119,7.303780748177119,7.303780748177119,2.0,0.0,0.0,1.0,0.0
857.0,0.6697782963827305,9.301558081374857,652.0,35.31045699456283,2.6018524403432535,0.7201646792319757,0.6518137421401743,0.53073501435294,2.6018524403432535,0.7201646792319757,0.6518137421401743,0.53073501435294,-0.008734656049869553,0.3355339216423211,-0.2611673438541767,-0.02900215056866953,-3.9844521902317127,-1.8828746774237255,-0.8808927361836936,-1.5308135855421916,4.19222571297647,1.9140677320246797,3.7659648483500106,1.9579987370248766,0.030337637290834826,-0.24504018343754433,1.2291901696344034,0.7546251981638393,9.301558081374857,9.301558081374857,9.301558081374857,9.301558081374857,9.301558081374857,6.0,0.0,0.0,1.0,0.0
55.0,0.01818181818181818,7.146126892007299,170.0,103.73915511370109,9.954125213534635,2.125414072148383,1.808233293377345,1.3790337898222753,9.954125213534635,2.125414072148383,1.808233293377345,1.3790337898222753,-7.936751825897422,-0.24984646585548675,-0.005213403107424509,0.03374709257377918,-11.735268263792744,-3.9377318281068963,-6.010702906699587,-3.266466897496656,15.020679173466124,5.865070660759149,6.738625242411387,3.7362950339124885,0.21065057722347402,0.6279176412372554,0.5030020151400959,-0.04806071530720611,7.256449759667083,7.27553865671318,7.299068068477887,7.3035085831964945,7.3270379949612,1.0,1.0,0.0,0.0,0.0
344.0,0.9825581395348837,8.392317422778817,336.0,32.81377137047606,2.6510958493989123,0.2986400533156023,0.14920921548167324,0.1276666737573485,2.6510958493989123,0.2986400533156023,0.14920921548167324,0.1276666737573485,-1.1472359146317208,-0.11534680085042717,-0.004737384312752175,-0.001599329030757295,-2.174231324552512,-0.5706330837741678,-0.4018484525190225,-0.39669878354599575,4.870690220165731,0.7751413480366877,0.48355376882235546,0.5713858266284018,0.8721146382781338,0.5750100478847822,0.35345238350714053,0.2854959924350394,8.392317422778817,8.392317422778817,8.392317422778817,8.392317422778817,8.392317422778817,2.0,1.0,0.0,0.0,0.0
4.0,0.25,8.143809778960131,306.0,4.745366960073108,10.824781314141463,7.165223306301127,3.2350598217805553,0.4215188270501974,10.824781314141463,7.165223306301127,3.2350598217805553,0.4215188270501974,-0.18887565293919495,-2.843259803575531,0.18370162123764155,0.19390878212760254,-22.333987056590587,-5.686141112271582,-5.754138132261488,-0.8677645453160894,30.453859238969148,47.12261488320845,6.637813775117399,1.0200499961123501,0.15646516512654152,2.946694051844027,0.06983915301878894,-0.9699516849181392,8.143809778960131,8.143809778960131,8.143809778960131,8.143809778960131,8.143809778960131,6.0,0.0,1.0,0.0,0.0
35.0,0.05714285714285714,8.449629214606572,351.0,216.5753079991479,1.7083687840297346,1.0672821984517584,0.8858120995676576,0.8082085085495717,1.7083687840297346,1.0672821984517584,0.8858120995676576,0.8082085085495717,-0.3587953234725939,-0.1042169278016158,0.14496981607763634,0.015368830749912117,-2.6254164425835076,-3.0851394096121494,-2.546967069152484,-2.0884318642129407,4.142695822329588,3.707613688341928,3.1196639717875616,2.8653604885871524,0.2539327481376969,0.7927862043322285,0.19251794952443216,0.35531856480789975,8.449629214606572,8.449629214606572,8.449629214606572,8.449629214606572,8.449629214606572,3.0,1.0,0.0,0.0,0.0
5.0,0.2,6.596307314753105,100.0,10.701588411413095,1.7333980399678073,0.4842781877915155,0.22707399240933543,0.10910113422106817,1.7333980399678073,0.4842781877915155,0.22707399240933543,0.10910113422106817,-0.47836360891261037,-0.05047172650976879,-0.011859065539589148,0.0001371038644008614,-2.233143891661067,-1.2200467865997193,-0.5578757317876969,-0.2797739277449296,2.611764272142246,1.247784011932081,0.6193777136270279,0.3757809360646022,0.11822196783861377,0.04987726358930783,0.1810187198606398,0.23423305966756147,6.596307314753105,6.596307314753105,6.596307314753105,6.596307314753105,6.596307314753105,2.0,1.0,0.0,0.0,0.0
5.0,0.2,6.62385618977474,100.0,11.061847825015176,1.1539576983886823,0.4363587696447357,0.2875085523672718,0.1932268599464629,1.1539576983886823,0.4363587696447357,0.2875085523672718,0.1932268599464629,-0.03133619657942451,-0.012835691296183654,-0.03245575684539781,0.00024534102983620793,-2.3470450669589593,-0.9804955297530833,-0.6189191707931381,-0.5284525509350645,2.484526582980806,1.2852024717792916,0.6990491756122866,0.5312982742184797,0.13726290498803226,0.15517027175017933,0.32931161244664825,0.10470556896954673,6.62385618977474,6.62385618977474,6.62385618977474,6.62385618977474,6.62385618977474,1.0,1.0,0.0,0.0,0.0
7.0,0.42857142857142855,8.633976713378289,533.0,1.1185702996884856,1.1533154894152746,0.8368190797680425,0.8137066321908946,0.7979058915767056,1.1533154894152746,0.8368190797680425,0.8137066321908946,0.7979058915767056,-0.277299211336947,-0.024309193936093806,-0.013453966589141268,-0.018332283242716504,-1.646104411575865,-1.6979537307772434,-1.5568610178579092,-1.7504975082834666,1.682132777072099,1.7509439879256383,1.5898979755118408,1.778707946099984,0.09424750395175703,-0.02193481709582704,0.10789279870827985,0.0325184125297326,8.641481403809808,8.648986094241327,8.648986094241327,8.648986094241327,8.652738439457085,2.0,0.0,0.0,1.0,0.0
16.0,0.3125,6.965784284662096,125.0,68.43162713128282,204.07616914416647,27.810206743929218,24.30769319654766,8.288771428349188,204.07616914416647,27.810206743929218,24.30769319654766,8.288771428349188,-1.846320819097672,5.212105719993368,-3.981131643781691,-0.6133894240997393,-290.6242101945485,-49.16534807043665,-37.83305367606116,-17.479574560292775,445.6141951920907,66.36772353105083,44.92433363656646,25.12692381435604,0.4652817399145384,0.35037354162018614,0.07636114903006168,0.36566513106171955,6.965784284662096,6.965784284662096,6.965784284662096,6.965784284662096,6.965784284662096,1.0,1.0,0.0,0.0,0.0
8.0,0.125,7.129283016944978,140.0,42.31099345862724,2.7956509883245637,1.199145818160247,0.2934965876134925,0.21748264737879913,2.7956509883245637,1.199145818160247,0.2934965876134925,0.21748264737879913,0.40236491838097865,-0.03386372589013699,-0.003329638142989908,-0.008952668121726185,-5.735086782102328,-2.2957336044324306,-0.6421427540135889,-0.6038599889161778,5.948160597449862,3.878759506606479,0.8458224206996315,0.7690486891657122,-0.06346803183289056,0.3825087502108435,0.26184362571622477,0.1131061724641618,7.129283016944978,7.129283016944978,7.129283016944978,7.129283016944978,7.129283016944978,1.0,1.0,0.0,0.0,0.0
29.0,0.0,8.228818690495938,300.0,224.68697297715798,10830.038472072994,4080.0371743019787,2819.025538132917,2524.5614436530836,10830.038472072994,4080.0371743019787,2819.025538132917,2524.5614436530836,-2399.3761836578296,-882.8328570056593,126.74995237468895,48.01922223569625,-15855.49547213653,-7540.855380576684,-7356.622205765299,-7055.258154413896,31539.880416010965,8726.135334205796,7528.530614254434,7504.058512024204,1.3090448387715101,0.4430319955132023,0.21122267920383073,-0.3758303235912221,8.228818690495938,8.228818690495938,8.228818690495938,8.228818690495938,8.228818690495938,5.0,0.0,1.0,0.0,0.0
41.0,0.024390243902439025,9.824958740528656,907.0,326.9196811559704,4.366343456226784,2.7944887021672917,1.1775601415971784,1.1590616559419433,4.366343456226784,2.7944887021672917,1.1775601415971784,1.1590616559419433,-0.8957008155313053,-0.9009072196233453,0.047077139970493946,-0.03111192043376244,-7.698804121872674,-5.073880330724585,-3.453478701588588,-3.5971594799031963,12.318797810480735,8.380187795568146,3.8835232430726383,3.897922819046591,0.7250892662223598,0.7882032415662558,-0.15321425942138697,0.024898800523320407,9.824958740528656,9.824958740528656,9.824958740528656,9.824958740528656,9.824958740528656,3.0,0.0,0.0,1.0,0.0
41.0,0.024390243902439025,9.856425528625394,927.0,327.7804446578421,4.4900060277840605,2.8193769866685505,1.1994607607828927,1.1542754905401076,4.4900060277840605,2.8193769866685505,1.1994607607828927,1.1542754905401076,-0.8636567188498269,-0.8784613792709025,0.04918981416849219,0.032665221402437,-8.282778411465157,-5.628819235327299,-3.6482867884850685,-3.4580881175657434,11.586372231629,8.197073457108822,4.157644784690086,4.38225058418607,0.6812193358640428,0.7722771013252147,-0.09556850042319273,0.09432884972275896,9.856425528625394,9.856425528625394,9.856425528625394,9.856425528625394,9.856425528625394,2.0,1.0,0.0,0.0,0.0
14.0,0.0,7.47573343096637,178.0,75.32328871351456,314.96353873316,13.135318639199816,3.087263514893909,2.258497279795848,314.96353873316,13.135318639199816,3.087263514893909,2.258497279795848,-73.52618485080333,-3.270653018271097,0.053633347313082946,0.29198461279002935,-469.05887629783405,-27.504291182408593,-8.883320293581528,-6.0468149747776625,933.1187160437761,58.79446439756161,9.895136230194337,6.627083946296258,0.7672809517387938,1.3762474473733224,-0.1155233913753753,-0.5028883551646184,7.47573343096637,7.47573343096637,7.47573343096637,7.47573343096637,7.47573343096637,3.0,0.0,0.0,1.0,0.0
117.0,0.9829059829059829,6.658211482751779,101.0,18.018111260388892,2.1307399823744704,1.935805362609651,0.7349363095990601,0.6456524411903812,2.1307399823744704,1.935805362609651,0.7349363095990601,0.6456524411903812,0.2917572488035718,0.8293131181738344,-0.14786180452190018,0.01344981427072043,-3.4357600916096263,-2.4035100431267855,-1.4272751436075224,-1.7667503926817245,5.316168759881585,4.854491851606248,1.6488909468144646,2.027135168737541,0.5184568982361981,0.26420604740040554,0.6482672473599238,0.16424780653212354,6.13326544306214,5.9017399184556645,6.1754898243145195,6.36603549260993,6.571529428274913,6.0,0.0,1.0,0.0,0.0
