,ID,Reason for absence,Month of absence,Day of the week,Seasons,Transportation expense,Distance from Residence to Work,Service time,Age,Work load Average/day ,Hit target,Disciplinary failure,Education,Son,Social drinker,Social smoker,Pet,Weight,Height,Body mass index,Absenteeism time in hours
151,18,18,2,2,2,330,16,4,28,"302,585",99,0,2,0,0,0,0,84,182,25,8
298,3,28,10,4,4,179,51,18,38,"265,017",88,0,1,0,1,0,0,89,170,31,1
531,28,13,10,3,4,225,26,9,28,"284,853",91,0,1,1,0,0,2,69,169,24,3
668,25,16,4,3,3,235,16,8,32,"246,288",91,0,3,0,0,0,0,75,178,25,3
231,36,13,6,4,3,118,13,18,50,"377,550",94,0,1,1,1,0,0,98,178,31,80
109,10,22,12,4,4,361,52,3,28,"261,306",97,0,1,1,1,0,4,80,172,27,8
581,3,27,1,4,2,179,51,18,38,"313,532",96,0,1,0,1,0,0,89,170,31,3
735,11,14,7,3,1,289,36,13,33,"264,604",93,0,1,2,1,0,1,90,172,30,8
438,34,28,5,2,3,118,10,10,37,"246,074",99,0,1,0,0,0,0,83,172,28,1
18,6,11,7,5,1,189,29,13,33,"239,554",97,0,1,2,0,0,2,69,167,25,8
715,21,0,6,2,3,268,11,8,33,"275,089",96,1,2,0,0,0,0,79,178,25,0
237,36,1,7,4,1,118,13,18,50,"275,312",98,0,1,1,1,0,0,98,178,31,8
538,25,1,11,6,4,235,16,8,32,"268,519",93,0,3,0,0,0,0,75,178,25,8
257,26,14,8,5,1,300,26,13,43,"265,615",94,0,1,2,1,1,1,77,175,25,2
161,22,13,3,5,2,179,26,9,30,"343,253",95,0,3,0,0,0,0,56,171,19,8
532,3,21,11,3,4,179,51,18,38,"268,519",93,0,1,0,1,0,0,89,170,31,1
530,28,0,10,2,4,225,26,9,28,"284,853",91,1,1,1,0,0,2,69,169,24,0
579,14,18,1,3,2,155,12,14,34,"313,532",96,0,1,2,1,0,0,95,196,25,8
664,34,10,4,4,3,118,10,10,37,"246,288",91,0,1,0,0,0,0,83,172,28,2
333,3,28,11,3,4,179,51,18,38,"284,031",97,0,1,0,1,0,0,89,170,31,1
35,10,23,8,2,1,361,52,3,28,"205,917",92,0,1,1,1,0,4,80,172,27,1
331,15,12,11,6,4,291,31,12,40,"284,031",97,0,1,1,1,0,1,73,171,25,4
229,1,13,6,6,3,235,11,14,37,"377,550",94,0,3,1,0,0,1,88,172,29,16
125,34,27,1,5,2,118,10,10,37,"308,593",95,0,1,0,0,0,0,83,172,28,2
451,5,26,6,3,3,235,20,13,43,"253,957",95,0,1,1,1,0,0,106,167,38,8
738,8,0,0,4,2,231,35,14,39,"271,219",95,0,1,2,1,0,2,100,170,35,0
468,26,15,7,2,1,300,26,13,43,"230,290",92,0,1,2,1,1,1,77,175,25,8
546,34,8,11,3,4,118,10,10,37,"268,519",93,0,1,0,0,0,0,83,172,28,8
645,3,27,3,6,2,179,51,18,38,"222,196",99,0,1,0,1,0,0,89,170,31,3
622,9,12,3,3,2,228,14,16,58,"222,196",99,0,1,2,0,0,1,65,172,22,112
198,11,19,4,3,3,289,36,13,33,"326,452",96,0,1,2,1,0,1,90,172,30,8
327,34,11,11,4,4,118,10,10,37,"284,031",97,0,1,0,0,0,0,83,172,28,3
599,28,25,2,5,2,225,26,9,28,"264,249",97,0,1,1,0,0,2,69,169,24,3
565,22,13,12,3,4,179,26,9,30,"280,549",98,0,3,0,0,0,0,56,171,19,16
512,34,23,10,3,4,118,10,10,37,"284,853",91,0,1,0,0,0,0,83,172,28,2
522,15,23,10,4,4,291,31,12,40,"284,853",91,0,1,1,1,0,1,73,171,25,1
575,17,25,1,4,2,179,22,17,40,"313,532",96,0,2,2,0,1,0,63,170,22,2
701,10,7,5,2,3,361,52,3,28,"237,656",99,0,1,1,1,0,4,80,172,27,8
196,33,28,4,6,3,248,25,14,47,"326,452",96,0,1,2,0,0,1,86,165,32,8
387,24,10,2,6,2,246,25,16,41,"251,818",96,0,1,0,1,0,0,67,170,23,24
189,28,28,4,6,3,225,26,9,28,"326,452",96,0,1,1,0,0,2,69,169,24,2
326,1,18,11,4,4,235,11,14,37,"284,031",97,0,3,1,0,0,1,88,172,29,1
150,28,25,2,5,2,225,26,9,28,"302,585",99,0,1,1,0,0,2,69,169,24,3
713,22,27,6,6,3,179,26,9,30,"275,089",96,0,3,0,0,0,0,56,171,19,2
213,7,0,5,4,3,279,5,14,39,"378,884",92,1,1,2,1,1,0,68,168,24,0
388,3,27,2,4,2,179,51,18,38,"251,818",96,0,1,0,1,0,0,89,170,31,3
337,7,0,11,3,4,279,5,14,39,"284,031",97,1,1,2,1,1,0,68,168,24,0
259,11,23,8,3,1,289,36,13,33,"265,615",94,0,1,2,1,0,1,90,172,30,4
179,3,13,3,4,3,179,51,18,38,"343,253",95,0,1,0,1,0,0,89,170,31,3
444,28,23,6,5,3,225,26,9,28,"253,957",95,0,1,1,0,0,2,69,169,24,4
300,5,0,10,4,4,235,20,13,43,"265,017",88,1,1,1,1,0,0,106,167,38,0
23,20,28,8,6,1,260,50,11,36,"205,917",92,0,1,4,1,0,0,65,168,23,4
732,10,22,7,4,1,361,52,3,28,"264,604",93,0,1,1,1,0,4,80,172,27,8
141,6,23,2,5,2,189,29,13,33,"302,585",99,0,1,2,0,0,2,69,167,25,8
429,3,28,5,4,3,179,51,18,38,"246,074",99,0,1,0,1,0,0,89,170,31,4
659,22,27,4,6,3,179,26,9,30,"246,288",91,0,3,0,0,0,0,56,171,19,2
480,3,25,8,5,1,179,51,18,38,"249,797",93,0,1,0,1,0,0,89,170,31,4
84,15,23,11,5,4,291,31,12,40,"306,345",93,0,1,1,1,0,1,73,171,25,5
335,20,15,11,6,4,260,50,11,36,"284,031",97,0,1,4,1,0,0,65,168,23,8
167,14,13,3,3,2,155,12,14,34,"343,253",95,0,1,2,1,0,0,95,196,25,8
362,14,23,1,3,2,155,12,14,34,"330,061",100,0,1,2,1,0,0,95,196,25,4
322,23,1,11,2,4,378,49,11,36,"284,031",97,0,1,2,0,1,4,65,174,21,8
562,17,18,12,6,4,179,22,17,40,"280,549",98,0,2,2,0,1,0,63,170,22,2
537,11,24,11,4,4,289,36,13,33,"268,519",93,0,1,2,1,0,1,90,172,30,8
135,28,23,1,3,2,225,26,9,28,"308,593",95,0,1,1,0,0,2,69,169,24,1
529,33,10,10,2,4,248,25,14,47,"284,853",91,0,1,2,0,0,1,86,165,32,8
172,7,14,3,2,2,279,5,14,39,"343,253",95,0,1,2,1,1,0,68,168,24,8
1,36,0,7,3,1,118,13,18,50,"239,554",97,1,1,1,1,0,0,98,178,31,0
123,34,27,1,3,2,118,10,10,37,"308,593",95,0,1,0,0,0,0,83,172,28,2
452,3,28,6,2,1,179,51,18,38,"253,957",95,0,1,0,1,0,0,89,170,31,2
134,34,27,1,2,2,118,10,10,37,"308,593",95,0,1,0,0,0,0,83,172,28,0
466,20,26,7,2,1,260,50,11,36,"230,290",92,0,1,4,1,0,0,65,168,23,4
187,24,13,4,4,3,246,25,16,41,"326,452",96,0,1,0,1,0,0,67,170,23,24
268,10,8,8,3,1,361,52,3,28,"265,615",94,0,1,1,1,0,4,80,172,27,8
153,28,23,2,4,2,225,26,9,28,"302,585",99,0,1,1,0,0,2,69,169,24,1
513,32,23,10,5,4,289,48,29,49,"284,853",91,0,1,0,0,0,2,108,172,36,2
467,34,28,7,3,1,118,10,10,37,"230,290",92,0,1,0,0,0,0,83,172,28,8
413,20,28,4,6,3,260,50,11,36,"239,409",98,0,1,4,1,0,0,65,168,23,3
301,11,19,10,5,4,289,36,13,33,"265,017",88,0,1,2,1,0,1,90,172,30,16
154,6,19,2,5,2,189,29,13,33,"302,585",99,0,1,2,0,0,2,69,167,25,8
136,11,22,1,5,2,289,36,13,33,"308,593",95,0,1,2,1,0,1,90,172,30,3
665,1,22,4,6,3,235,11,14,37,"246,288",91,0,3,1,0,0,1,88,172,29,8
122,28,27,1,3,2,225,26,9,28,"308,593",95,0,1,1,0,0,2,69,169,24,2
191,3,13,4,4,3,179,51,18,38,"326,452",96,0,1,0,1,0,0,89,170,31,24
195,15,28,4,6,3,291,31,12,40,"326,452",96,0,1,1,1,0,1,73,171,25,1
64,36,0,10,4,4,118,13,18,50,"253,465",93,1,1,1,1,0,0,98,178,31,0
269,27,6,8,4,1,184,42,7,27,"265,615",94,0,1,0,0,0,0,58,167,21,8
89,14,6,11,6,4,155,12,14,34,"306,345",93,0,1,2,1,0,0,95,196,25,8
205,14,28,5,5,3,155,12,14,34,"378,884",92,0,1,2,1,0,0,95,196,25,2
561,10,14,12,5,4,361,52,3,28,"280,549",98,0,1,1,1,0,4,80,172,27,4
600,22,13,2,5,2,179,26,9,30,"264,249",97,0,3,0,0,0,0,56,171,19,2
496,24,28,9,3,1,246,25,16,41,"261,756",87,0,1,0,1,0,0,67,170,23,1
670,14,28,4,3,3,155,12,14,34,"246,288",91,0,1,2,1,0,0,95,196,25,4
283,5,26,9,4,4,235,20,13,43,"294,217",81,0,1,1,1,0,0,106,167,38,8
316,36,23,10,5,4,118,13,18,50,"265,017",88,0,1,1,1,0,0,98,178,31,1
692,14,10,5,2,3,155,12,14,34,"237,656",99,0,1,2,1,0,0,95,196,25,48
139,3,11,2,4,2,179,51,18,38,"302,585",99,0,1,0,1,0,0,89,170,31,8
494,20,28,8,2,1,260,50,11,36,"249,797",93,0,1,4,1,0,0,65,168,23,3
212,11,13,5,4,3,289,36,13,33,"378,884",92,0,1,2,1,0,1,90,172,30,24
506,10,22,9,3,4,361,52,3,28,"261,756",87,0,1,1,1,0,4,80,172,27,8
82,3,13,11,5,4,179,51,18,38,"306,345",93,0,1,0,1,0,0,89,170,31,8
42,3,23,9,3,1,179,51,18,38,"241,476",92,0,1,0,1,0,0,89,170,31,4
45,34,23,9,2,1,118,10,10,37,"241,476",92,0,1,0,0,0,0,83,172,28,3
394,3,28,3,2,2,179,51,18,38,"244,387",98,0,1,0,1,0,0,89,170,31,2
252,11,19,8,6,1,289,36,13,33,"265,615",94,0,1,2,1,0,1,90,172,30,8
708,34,26,6,6,3,118,10,10,37,"275,089",96,0,1,0,0,0,0,83,172,28,8
439,1,1,5,2,3,235,11,14,37,"246,074",99,0,3,1,0,0,1,88,172,29,8
554,10,28,11,2,4,361,52,3,28,"268,519",93,0,1,1,1,0,4,80,172,27,2
615,3,27,2,4,2,179,51,18,38,"264,249",97,0,1,0,1,0,0,89,170,31,2
384,30,11,2,4,2,157,27,6,29,"251,818",96,0,1,0,1,1,0,75,185,22,16
243,18,1,7,2,1,330,16,4,28,"275,312",98,0,2,0,0,0,0,84,182,25,8
395,1,22,3,2,2,235,11,14,37,"244,387",98,0,3,1,0,0,1,88,172,29,8
698,25,23,5,5,3,235,16,8,32,"237,656",99,0,3,0,0,0,0,75,178,25,2
553,13,26,11,6,4,369,17,12,31,"268,519",93,0,1,3,1,0,0,70,169,25,8
651,22,13,3,2,3,179,26,9,30,"222,196",99,0,3,0,0,0,0,56,171,19,2
97,15,23,11,5,4,291,31,12,40,"306,345",93,0,1,1,1,0,1,73,171,25,3
635,33,13,3,2,2,248,25,14,47,"222,196",99,0,1,2,0,0,1,86,165,32,2
353,1,14,12,3,2,235,11,14,37,"236,629",93,0,3,1,0,0,1,88,172,29,4
307,15,28,10,3,4,291,31,12,40,"265,017",88,0,1,1,1,0,1,73,171,25,4
280,3,23,9,5,1,179,51,18,38,"294,217",81,0,1,0,1,0,0,89,170,31,1
185,28,23,4,4,3,225,26,9,28,"326,452",96,0,1,1,0,0,2,69,169,24,1
209,27,7,5,4,3,184,42,7,27,"378,884",92,0,1,0,0,0,0,58,167,21,4
302,20,28,10,6,4,260,50,11,36,"265,017",88,0,1,4,1,0,0,65,168,23,3
63,34,23,10,3,4,118,10,10,37,"253,465",93,0,1,0,0,0,0,83,172,28,3
356,3,28,12,2,2,179,51,18,38,"236,629",93,0,1,0,1,0,0,89,170,31,3
374,3,23,2,6,2,179,51,18,38,"251,818",96,0,1,0,1,0,0,89,170,31,3
491,24,28,8,3,1,246,25,16,41,"249,797",93,0,1,0,1,0,0,67,170,23,1
495,24,28,9,3,1,246,25,16,41,"261,756",87,0,1,0,1,0,0,67,170,23,1
130,11,18,1,3,2,289,36,13,33,"308,593",95,0,1,2,1,0,1,90,172,30,8
424,34,11,4,4,3,118,10,10,37,"239,409",98,0,1,0,0,0,0,83,172,28,2
682,26,19,5,6,3,300,26,13,43,"237,656",99,0,1,2,1,1,1,77,175,25,64
652,11,19,3,2,3,289,36,13,33,"222,196",99,0,1,2,1,0,1,90,172,30,104
210,14,28,5,2,3,155,12,14,34,"378,884",92,0,1,2,1,0,0,95,196,25,2
408,3,28,3,6,3,179,51,18,38,"244,387",98,0,1,0,1,0,0,89,170,31,8
251,20,0,7,5,1,260,50,11,36,"275,312",98,1,1,4,1,0,0,65,168,23,0
476,5,26,7,2,1,235,20,13,43,"230,290",92,0,1,1,1,0,0,106,167,38,8
7,20,23,7,6,1,260,50,11,36,"239,554",97,0,1,4,1,0,0,65,168,23,4
265,1,23,8,3,1,235,11,14,37,"265,615",94,0,3,1,0,0,1,88,172,29,1
246,10,22,7,3,1,361,52,3,28,"275,312",98,0,1,1,1,0,4,80,172,27,8
375,3,27,2,2,2,179,51,18,38,"251,818",96,0,1,0,1,0,0,89,170,31,2
140,14,28,2,5,2,155,12,14,34,"302,585",99,0,1,2,1,0,0,95,196,25,2
637,28,7,3,2,2,225,26,9,28,"222,196",99,0,1,1,0,0,2,69,169,24,8
332,24,13,11,2,4,246,25,16,41,"284,031",97,0,1,0,1,0,0,67,170,23,8
675,29,19,5,4,3,225,15,15,41,"237,656",99,0,4,2,1,0,2,94,182,28,3
385,3,27,2,4,2,179,51,18,38,"251,818",96,0,1,0,1,0,0,89,170,31,3
19,33,23,8,4,1,248,25,14,47,"205,917",92,0,1,2,0,0,1,86,165,32,2
21,3,11,8,2,1,179,51,18,38,"205,917",92,0,1,0,1,0,0,89,170,31,1
72,3,23,10,4,4,179,51,18,38,"253,465",93,0,1,0,1,0,0,89,170,31,8
118,27,23,1,5,2,184,42,7,27,"308,593",95,0,1,0,0,0,0,58,167,21,2
10,20,1,7,2,1,260,50,11,36,"239,554",97,0,1,4,1,0,0,65,168,23,8
152,18,23,2,3,2,330,16,4,28,"302,585",99,0,2,0,0,0,0,84,182,25,1
62,3,23,10,3,4,179,51,18,38,"253,465",93,0,1,0,1,0,0,89,170,31,3
503,28,23,9,4,1,225,26,9,28,"261,756",87,0,1,1,0,0,2,69,169,24,1
4,11,23,7,5,1,289,36,13,33,"239,554",97,0,1,2,1,0,1,90,172,30,2
233,3,11,6,6,3,179,51,18,38,"377,550",94,0,1,0,1,0,0,89,170,31,2
271,3,23,9,6,1,179,51,18,38,"294,217",81,0,1,0,1,0,0,89,170,31,3
572,17,25,1,5,2,179,22,17,40,"313,532",96,0,2,2,0,1,0,63,170,22,2
463,21,7,7,2,1,268,11,8,33,"230,290",92,0,2,0,0,0,0,79,178,25,8
166,20,26,3,2,2,260,50,11,36,"343,253",95,0,1,4,1,0,0,65,168,23,16
249,11,19,7,2,1,289,36,13,33,"275,312",98,0,1,2,1,0,1,90,172,30,32
171,28,23,3,6,2,225,26,9,28,"343,253",95,0,1,1,0,0,2,69,169,24,1
159,15,22,3,4,2,291,31,12,40,"343,253",95,0,1,1,1,0,1,73,171,25,8
120,28,27,1,6,2,225,26,9,28,"308,593",95,0,1,1,0,0,2,69,169,24,1
406,24,0,3,5,3,246,25,16,41,"244,387",98,1,1,0,1,0,0,67,170,23,0
412,3,28,4,4,3,179,51,18,38,"239,409",98,0,1,0,1,0,0,89,170,31,4
681,29,14,5,5,3,225,15,15,41,"237,656",99,0,4,2,1,0,2,94,182,28,8
515,28,23,10,3,4,225,26,9,28,"284,853",91,0,1,1,0,0,2,69,169,24,2
428,22,23,5,4,3,179,26,9,30,"246,074",99,0,3,0,0,0,0,56,171,19,3
441,34,23,6,2,3,118,10,10,37,"253,957",95,0,1,0,0,0,0,83,172,28,3
297,13,22,10,2,4,369,17,12,31,"265,017",88,0,1,3,1,0,0,70,169,25,8
507,32,4,10,5,4,289,48,29,49,"284,853",91,0,1,0,0,0,2,108,172,36,1
352,5,13,12,3,2,235,20,13,43,"236,629",93,0,1,1,1,0,0,106,167,38,8
486,15,28,8,5,1,291,31,12,40,"249,797",93,0,1,1,1,0,1,73,171,25,4
181,28,28,3,6,3,225,26,9,28,"343,253",95,0,1,1,0,0,2,69,169,24,2
305,5,23,10,2,4,235,20,13,43,"265,017",88,0,1,1,1,0,0,106,167,38,2
256,26,13,8,5,1,300,26,13,43,"265,615",94,0,1,2,1,1,1,77,175,25,1
498,14,23,9,3,1,155,12,14,34,"261,756",87,0,1,2,1,0,0,95,196,25,2
719,22,13,6,2,1,179,26,9,30,"275,089",96,0,3,0,0,0,0,56,171,19,3
736,1,11,7,3,1,235,11,14,37,"264,604",93,0,3,1,0,0,1,88,172,29,4
647,16,23,3,4,3,118,15,24,46,"222,196",99,0,1,2,1,1,0,75,175,25,8
348,22,23,12,3,4,179,26,9,30,"236,629",93,0,3,0,0,0,0,56,171,19,1
230,36,23,6,3,3,118,13,18,50,"377,550",94,0,1,1,1,0,0,98,178,31,1
56,28,18,9,4,4,225,26,9,28,"241,476",92,0,1,1,0,0,2,69,169,24,3
541,15,28,11,4,4,291,31,12,40,"268,519",93,0,1,1,1,0,1,73,171,25,2
405,1,0,3,5,3,235,11,14,37,"244,387",98,1,3,1,0,0,1,88,172,29,0
206,14,28,5,2,3,155,12,14,34,"378,884",92,0,1,2,1,0,0,95,196,25,1
435,28,25,5,4,3,225,26,9,28,"246,074",99,0,1,1,0,0,2,69,169,24,3
730,6,22,7,3,1,189,29,13,33,"264,604",93,0,1,2,0,0,2,69,167,25,16
289,11,24,10,2,4,289,36,13,33,"265,017",88,0,1,2,1,0,1,90,172,30,8
516,13,23,10,3,4,369,17,12,31,"284,853",91,0,1,3,1,0,0,70,169,25,8
226,14,23,6,2,3,155,12,14,34,"377,550",94,0,1,2,1,0,0,95,196,25,4
34,3,23,8,2,1,179,51,18,38,"205,917",92,0,1,0,1,0,0,89,170,31,2
175,28,11,3,2,3,225,26,9,28,"343,253",95,0,1,1,0,0,2,69,169,24,8
129,22,18,1,3,2,179,26,9,30,"308,593",95,0,3,0,0,0,0,56,171,19,8
593,3,27,2,6,2,179,51,18,38,"264,249",97,0,1,0,1,0,0,89,170,31,2
49,15,14,9,2,4,291,31,12,40,"241,476",92,0,1,1,1,0,1,73,171,25,32
733,28,22,7,4,1,225,26,9,28,"264,604",93,0,1,1,0,0,2,69,169,24,8
380,6,22,2,2,2,189,29,13,33,"251,818",96,0,1,2,0,0,2,69,167,25,8
543,28,14,11,5,4,225,26,9,28,"268,519",93,0,1,1,0,0,2,69,169,24,3
142,20,28,2,6,2,260,50,11,36,"302,585",99,0,1,4,1,0,0,65,168,23,2
415,13,22,4,2,3,369,17,12,31,"239,409",98,0,1,3,1,0,0,70,169,25,4
86,6,22,11,2,4,189,29,13,33,"306,345",93,0,1,2,0,0,2,69,167,25,8
364,15,3,1,4,2,291,31,12,40,"330,061",100,0,1,1,1,0,1,73,171,25,8
41,34,23,9,2,1,118,10,10,37,"241,476",92,0,1,0,0,0,0,83,172,28,4
591,22,27,2,5,2,179,26,9,30,"264,249",97,0,3,0,0,0,0,56,171,19,2
160,20,13,3,4,2,260,50,11,36,"343,253",95,0,1,4,1,0,0,65,168,23,8
341,3,28,12,2,4,179,51,18,38,"236,629",93,0,1,0,1,0,0,89,170,31,1
722,34,8,6,6,1,118,10,10,37,"275,089",96,0,1,0,0,0,0,83,172,28,2
60,3,23,9,6,4,179,51,18,38,"241,476",92,0,1,0,1,0,0,89,170,31,3
77,11,26,10,4,4,289,36,13,33,"253,465",93,0,1,2,1,0,1,90,172,30,8
346,3,28,12,5,4,179,51,18,38,"236,629",93,0,1,0,1,0,0,89,170,31,1
603,12,12,2,4,2,233,51,1,31,"264,249",97,0,2,1,1,0,8,68,178,21,3
389,3,27,2,6,2,179,51,18,38,"251,818",96,0,1,0,1,0,0,89,170,31,3
396,17,22,3,3,2,179,22,17,40,"244,387",98,0,2,2,0,1,0,63,170,22,8
533,34,28,11,4,4,118,10,10,37,"268,519",93,0,1,0,0,0,0,83,172,28,3
619,33,23,3,2,2,248,25,14,47,"222,196",99,0,1,2,0,0,1,86,165,32,2
285,5,0,9,5,4,235,20,13,43,"294,217",81,1,1,1,1,0,0,106,167,38,0
460,22,23,7,5,1,179,26,9,30,"230,290",92,0,3,0,0,0,0,56,171,19,2
311,20,0,10,3,4,260,50,11,36,"265,017",88,1,1,4,1,0,0,65,168,23,0
706,16,7,6,4,3,118,15,24,46,"275,089",96,0,1,2,1,1,0,75,175,25,8
471,28,9,7,3,1,225,26,9,28,"230,290",92,0,1,1,0,0,2,69,169,24,112
131,34,27,1,4,2,118,10,10,37,"308,593",95,0,1,0,0,0,0,83,172,28,2
203,2,0,4,2,3,235,29,12,48,"326,452",96,1,1,1,0,1,5,88,163,33,0
583,3,27,1,5,2,179,51,18,38,"313,532",96,0,1,0,1,0,0,89,170,31,3
334,20,10,11,4,4,260,50,11,36,"284,031",97,0,1,4,1,0,0,65,168,23,8
691,17,16,5,6,3,179,22,17,40,"237,656",99,0,2,2,0,1,0,63,170,22,1
479,7,23,7,5,1,279,5,14,39,"230,290",92,0,1,2,1,1,0,68,168,24,2
574,22,13,1,2,2,179,26,9,30,"313,532",96,0,3,0,0,0,0,56,171,19,3
485,5,26,8,3,1,235,20,13,43,"249,797",93,0,1,1,1,0,0,106,167,38,8
457,24,28,6,6,1,246,25,16,41,"253,957",95,0,1,0,1,0,0,67,170,23,2
427,13,10,5,2,3,369,17,12,31,"246,074",99,0,1,3,1,0,0,70,169,25,8
472,3,28,7,3,1,179,51,18,38,"230,290",92,0,1,0,1,0,0,89,170,31,1
207,3,18,5,3,3,179,51,18,38,"378,884",92,0,1,0,1,0,0,89,170,31,8
371,28,7,2,4,2,225,26,9,28,"251,818",96,0,1,1,0,0,2,69,169,24,1
294,33,0,10,6,4,248,25,14,47,"265,017",88,1,1,2,0,0,1,86,165,32,0
461,28,25,7,5,1,225,26,9,28,"230,290",92,0,1,1,0,0,2,69,169,24,4
101,1,26,12,4,4,235,11,14,37,"261,306",97,0,3,1,0,0,1,88,172,29,8
425,5,13,5,2,3,235,20,13,43,"246,074",99,0,1,1,1,0,0,106,167,38,16
409,11,22,3,6,3,289,36,13,33,"244,387",98,0,1,2,1,0,1,90,172,30,8
436,18,13,5,6,3,330,16,4,28,"246,074",99,0,2,0,0,0,0,84,182,25,8
50,20,0,9,2,4,260,50,11,36,"241,476",92,1,1,4,1,0,0,65,168,23,0
662,36,23,4,3,3,118,13,18,50,"246,288",91,0,1,1,1,0,0,98,178,31,3
705,28,11,5,2,3,225,26,9,28,"237,656",99,0,1,1,0,0,2,69,169,24,1
241,22,18,7,5,1,179,26,9,30,"275,312",98,0,3,0,0,0,0,56,171,19,8
5,3,23,7,6,1,179,51,18,38,"239,554",97,0,1,0,1,0,0,89,170,31,2
477,24,28,7,3,1,246,25,16,41,"230,290",92,0,1,0,1,0,0,67,170,23,2
355,30,28,12,2,2,157,27,6,29,"236,629",93,0,1,0,1,1,0,75,185,22,2
446,3,0,6,6,3,179,51,18,38,"253,957",95,1,1,0,1,0,0,89,170,31,0
686,36,5,5,3,3,118,13,18,50,"237,656",99,0,1,1,1,0,0,98,178,31,3
286,15,28,9,6,4,291,31,12,40,"294,217",81,0,1,1,1,0,1,73,171,25,3
630,3,13,3,3,2,179,51,18,38,"222,196",99,0,1,0,1,0,0,89,170,31,8
721,12,22,6,5,1,233,51,1,31,"275,089",96,0,2,1,1,0,8,68,178,21,8
180,7,14,3,5,3,279,5,14,39,"343,253",95,0,1,2,1,1,0,68,168,24,16
643,3,27,3,5,2,179,51,18,38,"222,196",99,0,1,0,1,0,0,89,170,31,3
342,1,23,12,2,4,235,11,14,37,"236,629",93,0,3,1,0,0,1,88,172,29,3
143,11,22,2,6,2,289,36,13,33,"302,585",99,0,1,2,1,0,1,90,172,30,8
339,28,12,12,2,4,225,26,9,28,"236,629",93,0,1,1,0,0,2,69,169,24,3
419,36,23,4,2,3,118,13,18,50,"239,409",98,0,1,1,1,0,0,98,178,31,1
601,17,23,2,6,2,179,22,17,40,"264,249",97,0,2,2,0,1,0,63,170,22,2
258,20,28,8,6,1,260,50,11,36,"265,615",94,0,1,4,1,0,0,65,168,23,4
577,17,18,1,6,2,179,22,17,40,"313,532",96,0,2,2,0,1,0,63,170,22,3
569,14,18,12,3,2,155,12,14,34,"280,549",98,0,1,2,1,0,0,95,196,25,80
75,15,14,10,3,4,291,31,12,40,"253,465",93,0,1,1,1,0,1,73,171,25,8
137,27,23,2,6,2,184,42,7,27,"302,585",99,0,1,0,0,0,0,58,167,21,1
727,9,6,7,2,1,228,14,16,58,"264,604",93,0,1,2,0,0,1,65,172,22,8
432,17,11,5,2,3,179,22,17,40,"246,074",99,0,2,2,0,1,0,63,170,22,2
401,1,21,3,5,2,235,11,14,37,"244,387",98,0,3,1,0,0,1,88,172,29,8
0,11,26,7,3,1,289,36,13,33,"239,554",97,0,1,2,1,0,1,90,172,30,4
113,28,23,1,4,2,225,26,9,28,"308,593",95,0,1,1,0,0,2,69,169,24,1
650,3,27,3,5,3,179,51,18,38,"222,196",99,0,1,0,1,0,0,89,170,31,3
608,14,25,2,2,2,155,12,14,34,"264,249",97,0,1,2,1,0,0,95,196,25,5
296,34,7,10,2,4,118,10,10,37,"265,017",88,0,1,0,0,0,0,83,172,28,3
224,24,10,6,6,3,246,25,16,41,"377,550",94,0,1,0,1,0,0,67,170,23,8
606,3,13,2,5,2,179,51,18,38,"264,249",97,0,1,0,1,0,0,89,170,31,8
399,10,22,3,4,2,361,52,3,28,"244,387",98,0,1,1,1,0,4,80,172,27,8
445,20,28,6,6,3,260,50,11,36,"253,957",95,0,1,4,1,0,0,65,168,23,4
74,20,19,10,5,4,260,50,11,36,"253,465",93,0,1,4,1,0,0,65,168,23,16
672,36,14,4,5,3,118,13,18,50,"246,288",91,0,1,1,1,0,0,98,178,31,2
264,33,25,8,2,1,248,25,14,47,"265,615",94,0,1,2,0,0,1,86,165,32,2
79,20,28,10,6,4,260,50,11,36,"253,465",93,0,1,4,1,0,0,65,168,23,3
584,3,27,1,6,2,179,51,18,38,"313,532",96,0,1,0,1,0,0,89,170,31,2
281,15,28,9,6,1,291,31,12,40,"294,217",81,0,1,1,1,0,1,73,171,25,4
16,3,23,7,6,1,179,51,18,38,"239,554",97,0,1,0,1,0,0,89,170,31,2
81,28,23,11,4,4,225,26,9,28,"306,345",93,0,1,1,0,0,2,69,169,24,1
204,11,13,5,4,3,289,36,13,33,"378,884",92,0,1,2,1,0,1,90,172,30,8
14,3,23,7,4,1,179,51,18,38,"239,554",97,0,1,0,1,0,0,89,170,31,4
155,19,28,3,3,2,291,50,12,32,"343,253",95,0,1,0,1,0,0,65,169,23,2
434,9,18,5,4,3,228,14,16,58,"246,074",99,0,1,2,0,0,1,65,172,22,8
126,34,27,1,6,2,118,10,10,37,"308,593",95,0,1,0,0,0,0,83,172,28,2
616,3,27,2,5,2,179,51,18,38,"264,249",97,0,1,0,1,0,0,89,170,31,2
663,10,23,4,3,3,361,52,3,28,"246,288",91,0,1,1,1,0,4,80,172,27,2
442,3,28,6,2,3,179,51,18,38,"253,957",95,0,1,0,1,0,0,89,170,31,3
290,1,26,10,2,4,235,11,14,37,"265,017",88,0,3,1,0,0,1,88,172,29,4
308,22,23,10,5,4,179,26,9,30,"265,017",88,0,3,0,0,0,0,56,171,19,16
527,6,23,10,2,4,189,29,13,33,"284,853",91,0,1,2,0,0,2,69,167,25,8
71,15,23,10,5,4,291,31,12,40,"253,465",93,0,1,1,1,0,1,73,171,25,5
359,34,19,1,2,2,118,10,10,37,"330,061",100,0,1,0,0,0,0,83,172,28,32
199,14,12,4,4,3,155,12,14,34,"326,452",96,0,1,2,1,0,0,95,196,25,24
67,28,23,10,6,4,225,26,9,28,"253,465",93,0,1,1,0,0,2,69,169,24,3
470,24,28,7,3,1,246,25,16,41,"230,290",92,0,1,0,1,0,0,67,170,23,2
164,17,11,3,2,2,179,22,17,40,"343,253",95,0,2,2,0,1,0,63,170,22,40
609,25,25,2,2,2,235,16,8,32,"264,249",97,0,3,0,0,0,0,75,178,25,3
594,12,19,2,2,2,233,51,1,31,"264,249",97,0,2,1,1,0,8,68,178,21,2
558,22,13,12,6,4,179,26,9,30,"280,549",98,0,3,0,0,0,0,56,171,19,1
626,28,25,3,5,2,225,26,9,28,"222,196",99,0,1,1,0,0,2,69,169,24,2
13,3,11,7,4,1,179,51,18,38,"239,554",97,0,1,0,1,0,0,89,170,31,1
17,3,21,7,2,1,179,51,18,38,"239,554",97,0,1,0,1,0,0,89,170,31,8
25,10,25,8,2,1,361,52,3,28,"205,917",92,0,1,1,1,0,4,80,172,27,7
351,3,28,12,6,4,179,51,18,38,"236,629",93,0,1,0,1,0,0,89,170,31,1
282,20,28,9,6,1,260,50,11,36,"294,217",81,0,1,4,1,0,0,65,168,23,4
176,22,13,3,2,3,179,26,9,30,"343,253",95,0,3,0,0,0,0,56,171,19,1
376,3,27,2,4,2,179,51,18,38,"251,818",96,0,1,0,1,0,0,89,170,31,3
27,30,28,8,4,1,157,27,6,29,"205,917",92,0,1,0,1,1,0,75,185,22,4
30,3,18,8,2,1,179,51,18,38,"205,917",92,0,1,0,1,0,0,89,170,31,8
367,3,28,1,4,2,179,51,18,38,"330,061",100,0,1,0,1,0,0,89,170,31,1
119,28,28,1,5,2,225,26,9,28,"308,593",95,0,1,1,0,0,2,69,169,24,2
393,20,28,3,6,2,260,50,11,36,"244,387",98,0,1,4,1,0,0,65,168,23,4
105,10,22,12,4,4,361,52,3,28,"261,306",97,0,1,1,1,0,4,80,172,27,8
240,18,26,7,3,1,330,16,4,28,"275,312",98,0,2,0,0,0,0,84,182,25,8
517,13,23,10,3,4,369,17,12,31,"284,853",91,0,1,3,1,0,0,70,169,25,3
177,28,11,3,3,3,225,26,9,28,"343,253",95,0,1,1,0,0,2,69,169,24,8
623,3,27,3,4,2,179,51,18,38,"222,196",99,0,1,0,1,0,0,89,170,31,2
677,34,8,5,4,3,118,10,10,37,"237,656",99,0,1,0,0,0,0,83,172,28,3
217,3,11,5,3,3,179,51,18,38,"378,884",92,0,1,0,1,0,0,89,170,31,1
295,22,1,10,2,4,179,26,9,30,"265,017",88,0,3,0,0,0,0,56,171,19,8
303,5,0,10,6,4,235,20,13,43,"265,017",88,1,1,1,1,0,0,106,167,38,0
357,11,19,12,2,2,289,36,13,33,"236,629",93,0,1,2,1,0,1,90,172,30,8
440,22,23,5,4,3,179,26,9,30,"246,074",99,0,3,0,0,0,0,56,171,19,3
267,1,19,8,5,1,235,11,14,37,"265,615",94,0,3,1,0,0,1,88,172,29,8
121,34,27,1,2,2,118,10,10,37,"308,593",95,0,1,0,0,0,0,83,172,28,2
649,3,27,3,4,3,179,51,18,38,"222,196",99,0,1,0,1,0,0,89,170,31,3
550,33,14,11,5,4,248,25,14,47,"268,519",93,0,1,2,0,0,1,86,165,32,4
687,34,28,5,3,3,118,10,10,37,"237,656",99,0,1,0,0,0,0,83,172,28,1
625,3,27,3,5,2,179,51,18,38,"222,196",99,0,1,0,1,0,0,89,170,31,3
235,28,28,6,5,1,225,26,9,28,"377,550",94,0,1,1,0,0,2,69,169,24,2
392,24,28,3,6,2,246,25,16,41,"244,387",98,0,1,0,1,0,0,67,170,23,2
211,3,12,5,3,3,179,51,18,38,"378,884",92,0,1,0,1,0,0,89,170,31,1
657,33,19,4,4,3,248,25,14,47,"246,288",91,0,1,2,0,0,1,86,165,32,8
548,15,0,11,3,4,291,31,12,40,"268,519",93,1,1,1,1,0,1,73,171,25,0
433,17,8,5,2,3,179,22,17,40,"246,074",99,0,2,2,0,1,0,63,170,22,3
524,28,13,10,5,4,225,26,9,28,"284,853",91,0,1,1,0,0,2,69,169,24,1
641,3,27,3,4,2,179,51,18,38,"222,196",99,0,1,0,1,0,0,89,170,31,2
536,34,9,11,3,4,118,10,10,37,"268,519",93,0,1,0,0,0,0,83,172,28,8
518,28,23,10,3,4,225,26,9,28,"284,853",91,0,1,1,0,0,2,69,169,24,4
114,34,19,1,2,2,118,10,10,37,"308,593",95,0,1,0,0,0,0,83,172,28,1
638,3,27,3,3,2,179,51,18,38,"222,196",99,0,1,0,1,0,0,89,170,31,2
254,11,23,8,2,1,289,36,13,33,"265,615",94,0,1,2,1,0,1,90,172,30,1
188,14,23,4,5,3,155,12,14,34,"326,452",96,0,1,2,1,0,0,95,196,25,1
684,22,27,5,6,3,179,26,9,30,"237,656",99,0,3,0,0,0,0,56,171,19,2
247,11,26,7,4,1,289,36,13,33,"275,312",98,0,1,2,1,0,1,90,172,30,8
418,3,28,4,4,3,179,51,18,38,"239,409",98,0,1,0,1,0,0,89,170,31,8
323,14,11,11,2,4,155,12,14,34,"284,031",97,0,1,2,1,0,0,95,196,25,120
223,15,23,6,5,3,291,31,12,40,"377,550",94,0,1,1,1,0,1,73,171,25,4
165,14,1,3,2,2,155,12,14,34,"343,253",95,0,1,2,1,0,0,95,196,25,16
666,22,27,4,6,3,179,26,9,30,"246,288",91,0,3,0,0,0,0,56,171,19,2
545,34,23,11,2,4,118,10,10,37,"268,519",93,0,1,0,0,0,0,83,172,28,8
613,33,23,2,3,2,248,25,14,47,"264,249",97,0,1,2,0,0,1,86,165,32,2
288,3,13,9,2,4,179,51,18,38,"294,217",81,0,1,0,1,0,0,89,170,31,8
107,20,28,12,6,4,260,50,11,36,"261,306",97,0,1,4,1,0,0,65,168,23,3
631,3,27,3,4,2,179,51,18,38,"222,196",99,0,1,0,1,0,0,89,170,31,2
499,15,28,9,5,1,291,31,12,40,"261,756",87,0,1,1,1,0,1,73,171,25,2
92,28,13,11,6,4,225,26,9,28,"306,345",93,0,1,1,0,0,2,69,169,24,3
456,22,21,6,4,1,179,26,9,30,"253,957",95,0,3,0,0,0,0,56,171,19,2
138,24,1,2,4,2,246,25,16,41,"302,585",99,0,1,0,1,0,0,67,170,23,8
28,11,18,8,4,1,289,36,13,33,"205,917",92,0,1,2,1,0,1,90,172,30,8
528,25,6,10,2,4,235,16,8,32,"284,853",91,0,3,0,0,0,0,75,178,25,8
587,33,1,2,4,2,248,25,14,47,"264,249",97,0,1,2,0,0,1,86,165,32,8
696,28,6,5,4,3,225,26,9,28,"237,656",99,0,1,1,0,0,2,69,169,24,3
340,3,28,12,2,4,179,51,18,38,"236,629",93,0,1,0,1,0,0,89,170,31,2
234,32,28,6,2,1,289,48,29,49,"377,550",94,0,1,0,0,0,2,108,172,36,2
238,34,5,7,6,1,118,10,10,37,"275,312",98,0,1,0,0,0,0,83,172,28,8
563,5,26,12,6,4,235,20,13,43,"280,549",98,0,1,1,1,0,0,106,167,38,8
551,5,0,11,5,4,235,20,13,43,"268,519",93,1,1,1,1,0,0,106,167,38,0
347,3,28,12,6,4,179,51,18,38,"236,629",93,0,1,0,1,0,0,89,170,31,1
277,19,0,9,3,1,291,50,12,32,"294,217",81,1,1,0,1,0,0,65,169,23,0
38,2,28,8,6,1,235,29,12,48,"205,917",92,0,1,1,0,1,5,88,163,33,8
398,3,28,3,2,2,179,51,18,38,"244,387",98,0,1,0,1,0,0,89,170,31,16
632,3,27,3,5,2,179,51,18,38,"222,196",99,0,1,0,1,0,0,89,170,31,3
656,10,19,4,3,3,361,52,3,28,"246,288",91,0,1,1,1,0,4,80,172,27,8
248,3,26,7,5,1,179,51,18,38,"275,312",98,0,1,0,1,0,0,89,170,31,8
32,1,23,8,5,1,235,11,14,37,"205,917",92,0,3,1,0,0,1,88,172,29,4
514,15,23,10,6,4,291,31,12,40,"284,853",91,0,1,1,1,0,1,73,171,25,1
585,3,13,2,3,2,179,51,18,38,"264,249",97,0,1,0,1,0,0,89,170,31,8
132,27,23,1,5,2,184,42,7,27,"308,593",95,0,1,0,0,0,0,58,167,21,2
328,1,25,11,5,4,235,11,14,37,"284,031",97,0,3,1,0,0,1,88,172,29,2
570,22,12,1,2,2,179,26,9,30,"313,532",96,0,3,0,0,0,0,56,171,19,24
640,9,25,3,4,2,228,14,16,58,"222,196",99,0,1,2,0,0,1,65,172,22,2
555,3,13,12,3,4,179,51,18,38,"280,549",98,0,1,0,1,0,0,89,170,31,32
378,24,26,2,5,2,246,25,16,41,"251,818",96,0,1,0,1,0,0,67,170,23,8
639,11,23,3,4,2,289,36,13,33,"222,196",99,0,1,2,1,0,1,90,172,30,8
716,36,19,6,5,3,118,13,18,50,"275,089",96,0,1,1,1,0,0,98,178,31,3
58,13,0,9,4,4,369,17,12,31,"241,476",92,1,1,3,1,0,0,70,169,25,0
633,22,27,3,6,2,179,26,9,30,"222,196",99,0,3,0,0,0,0,56,171,19,2
617,25,25,2,6,2,235,16,8,32,"264,249",97,0,3,0,0,0,0,75,178,25,2
80,3,23,11,5,4,179,51,18,38,"306,345",93,0,1,0,1,0,0,89,170,31,1
597,3,27,2,4,2,179,51,18,38,"264,249",97,0,1,0,1,0,0,89,170,31,3
51,29,0,9,2,4,225,26,9,28,"241,476",92,1,1,1,0,0,2,69,169,24,0
711,36,19,6,5,3,118,13,18,50,"275,089",96,0,1,1,1,0,0,98,178,31,24
324,5,26,11,2,4,235,20,13,43,"284,031",97,0,1,1,1,0,0,106,167,38,8
85,14,10,11,2,4,155,12,14,34,"306,345",93,0,1,2,1,0,0,95,196,25,32
366,36,26,1,2,2,118,13,18,50,"330,061",100,0,1,1,1,0,0,98,178,31,4
182,33,14,3,6,3,248,25,14,47,"343,253",95,0,1,2,0,0,1,86,165,32,3
607,3,27,2,6,2,179,51,18,38,"264,249",97,0,1,0,1,0,0,89,170,31,2
695,17,10,5,4,3,179,22,17,40,"237,656",99,0,2,2,0,1,0,63,170,22,8
261,21,11,8,5,1,268,11,8,33,"265,615",94,0,2,0,0,0,0,79,178,25,8
644,22,23,3,6,2,179,26,9,30,"222,196",99,0,3,0,0,0,0,56,171,19,2
556,15,28,12,4,4,291,31,12,40,"280,549",98,0,1,1,1,0,1,73,171,25,1
6,10,22,7,6,1,361,52,3,28,"239,554",97,0,1,1,1,0,4,80,172,27,8
509,24,26,10,6,4,246,25,16,41,"284,853",91,0,1,0,1,0,0,67,170,23,8
88,28,23,11,4,4,225,26,9,28,"306,345",93,0,1,1,0,0,2,69,169,24,1
386,3,27,2,6,2,179,51,18,38,"251,818",96,0,1,0,1,0,0,89,170,31,3
673,22,27,4,6,3,179,26,9,30,"246,288",91,0,3,0,0,0,0,56,171,19,2
542,34,13,11,5,4,118,10,10,37,"268,519",93,0,1,0,0,0,0,83,172,28,2
539,28,23,11,6,4,225,26,9,28,"268,519",93,0,1,1,0,0,2,69,169,24,4
59,33,23,9,6,4,248,25,14,47,"241,476",92,0,1,2,0,0,1,86,165,32,1
117,28,27,1,4,2,225,26,9,28,"308,593",95,0,1,1,0,0,2,69,169,24,2
377,3,10,2,5,2,179,51,18,38,"251,818",96,0,1,0,1,0,0,89,170,31,8
697,18,10,5,5,3,330,16,4,28,"237,656",99,0,2,0,0,0,0,84,182,25,8
660,13,7,4,2,3,369,17,12,31,"246,288",91,0,1,3,1,0,0,70,169,25,24
390,34,18,3,3,2,118,10,10,37,"244,387",98,0,1,0,0,0,0,83,172,28,8
100,36,23,12,4,4,118,13,18,50,"261,306",97,0,1,1,1,0,0,98,178,31,2
350,1,25,12,5,4,235,11,14,37,"236,629",93,0,3,1,0,0,1,88,172,29,2
490,1,23,8,3,1,235,11,14,37,"249,797",93,0,3,1,0,0,1,88,172,29,4
728,34,28,7,2,1,118,10,10,37,"264,604",93,0,1,0,0,0,0,83,172,28,4
421,26,28,4,6,3,300,26,13,43,"239,409",98,0,1,2,1,1,1,77,175,25,8
473,36,23,7,6,1,118,13,18,50,"230,290",92,0,1,1,1,0,0,98,178,31,1
669,22,27,4,6,3,179,26,9,30,"246,288",91,0,3,0,0,0,0,56,171,19,2
112,28,23,12,6,2,225,26,9,28,"261,306",97,0,1,1,0,0,2,69,169,24,2
481,17,25,8,2,1,179,22,17,40,"249,797",93,0,2,2,0,1,0,63,170,22,1
379,3,27,2,6,2,179,51,18,38,"251,818",96,0,1,0,1,0,0,89,170,31,3
304,5,23,10,2,4,235,20,13,43,"265,017",88,0,1,1,1,0,0,106,167,38,2
315,22,7,10,4,4,179,26,9,30,"265,017",88,0,3,0,0,0,0,56,171,19,5
382,24,23,2,3,2,246,25,16,41,"251,818",96,0,1,0,1,0,0,67,170,23,2
493,15,28,8,5,1,291,31,12,40,"249,797",93,0,1,1,1,0,1,73,171,25,2
454,36,23,6,4,1,118,13,18,50,"253,957",95,0,1,1,1,0,0,98,178,31,2
287,15,7,9,2,4,291,31,12,40,"294,217",81,0,1,1,1,0,1,73,171,25,40
65,22,23,10,5,4,179,26,9,30,"253,465",93,0,3,0,0,0,0,56,171,19,1
627,22,27,3,6,2,179,26,9,30,"222,196",99,0,3,0,0,0,0,56,171,19,3
723,34,10,6,4,1,118,10,10,37,"275,089",96,0,1,0,0,0,0,83,172,28,3
447,15,13,6,2,3,291,31,12,40,"253,957",95,0,1,1,1,0,1,73,171,25,40
707,22,27,6,4,3,179,26,9,30,"275,089",96,0,3,0,0,0,0,56,171,19,3
147,28,23,2,3,2,225,26,9,28,"302,585",99,0,1,1,0,0,2,69,169,24,2
78,10,23,10,6,4,361,52,3,28,"253,465",93,0,1,1,1,0,4,80,172,27,1
519,13,26,10,3,4,369,17,12,31,"284,853",91,0,1,3,1,0,0,70,169,25,8
174,28,23,3,4,2,225,26,9,28,"343,253",95,0,1,1,0,0,2,69,169,24,2
430,10,23,5,5,3,361,52,3,28,"246,074",99,0,1,1,1,0,4,80,172,27,1
526,28,10,10,6,4,225,26,9,28,"284,853",91,0,1,1,0,0,2,69,169,24,3
699,15,28,5,5,3,291,31,12,40,"237,656",99,0,1,1,1,0,1,73,171,25,2
474,10,22,7,6,1,361,52,3,28,"230,290",92,0,1,1,1,0,4,80,172,27,8
511,15,28,10,4,4,291,31,12,40,"284,853",91,0,1,1,1,0,1,73,171,25,2
549,11,0,11,4,4,289,36,13,33,"268,519",93,1,1,2,1,0,1,90,172,30,0
370,3,27,2,4,2,179,51,18,38,"251,818",96,0,1,0,1,0,0,89,170,31,3
712,12,19,6,6,3,233,51,1,31,"275,089",96,0,2,1,1,0,8,68,178,21,8
679,22,13,5,5,3,179,26,9,30,"237,656",99,0,3,0,0,0,0,56,171,19,1
54,11,0,9,3,4,289,36,13,33,"241,476",92,1,1,2,1,0,1,90,172,30,0
29,3,23,8,6,1,179,51,18,38,"205,917",92,0,1,0,1,0,0,89,170,31,2
497,34,28,9,3,1,118,10,10,37,"261,756",87,0,1,0,0,0,0,83,172,28,3
168,11,6,3,5,2,289,36,13,33,"343,253",95,0,1,2,1,0,1,90,172,30,8
73,28,23,10,4,4,225,26,9,28,"253,465",93,0,1,1,0,0,2,69,169,24,3
279,24,9,9,4,1,246,25,16,41,"294,217",81,0,1,0,1,0,0,67,170,23,32
329,3,28,11,5,4,179,51,18,38,"284,031",97,0,1,0,1,0,0,89,170,31,3
344,20,28,12,6,4,260,50,11,36,"236,629",93,0,1,4,1,0,0,65,168,23,4
99,34,19,12,3,4,118,10,10,37,"261,306",97,0,1,0,0,0,0,83,172,28,64
628,25,25,3,2,2,235,16,8,32,"222,196",99,0,3,0,0,0,0,75,178,25,3
689,22,27,5,4,3,179,26,9,30,"237,656",99,0,3,0,0,0,0,56,171,19,2
455,3,5,6,4,1,179,51,18,38,"253,957",95,0,1,0,1,0,0,89,170,31,8
690,23,0,5,4,3,378,49,11,36,"237,656",99,1,1,2,0,1,4,65,174,21,0
488,17,25,8,3,1,179,22,17,40,"249,797",93,0,2,2,0,1,0,63,170,22,8
260,33,23,8,4,1,248,25,14,47,"265,615",94,0,1,2,0,0,1,86,165,32,1
417,18,23,4,4,3,330,16,4,28,"239,409",98,0,2,0,0,0,0,84,182,25,8
437,22,25,5,2,3,179,26,9,30,"246,074",99,0,3,0,0,0,0,56,171,19,2
15,24,14,7,6,1,246,25,16,41,"239,554",97,0,1,0,1,0,0,67,170,23,8
610,3,27,2,2,2,179,51,18,38,"264,249",97,0,1,0,1,0,0,89,170,31,2
500,22,23,9,6,1,179,26,9,30,"261,756",87,0,3,0,0,0,0,56,171,19,8
580,22,27,1,4,2,179,26,9,30,"313,532",96,0,3,0,0,0,0,56,171,19,2
383,15,23,2,3,2,291,31,12,40,"251,818",96,0,1,1,1,0,1,73,171,25,2
469,2,23,7,2,1,235,29,12,48,"230,290",92,0,1,1,0,1,5,88,163,33,1
61,20,23,9,6,4,260,50,11,36,"241,476",92,0,1,4,1,0,0,65,168,23,4
403,36,14,3,3,3,118,13,18,50,"244,387",98,0,1,1,1,0,0,98,178,31,3
501,33,23,9,6,1,248,25,14,47,"261,756",87,0,1,2,0,0,1,86,165,32,1
525,13,10,10,6,4,369,17,12,31,"284,853",91,0,1,3,1,0,0,70,169,25,8
170,20,28,3,6,2,260,50,11,36,"343,253",95,0,1,4,1,0,0,65,168,23,4
683,29,22,5,6,3,225,15,15,41,"237,656",99,0,4,2,1,0,2,94,182,28,8
397,23,22,3,3,2,378,49,11,36,"244,387",98,0,1,2,0,1,4,65,174,21,8
484,11,26,8,3,1,289,36,13,33,"249,797",93,0,1,2,1,0,1,90,172,30,8
149,27,23,2,3,2,184,42,7,27,"302,585",99,0,1,0,0,0,0,58,167,21,8
330,24,13,11,6,4,246,25,16,41,"284,031",97,0,1,0,1,0,0,67,170,23,8
106,28,28,12,5,4,225,26,9,28,"261,306",97,0,1,1,0,0,2,69,169,24,3
658,6,13,4,5,3,189,29,13,33,"246,288",91,0,1,2,0,0,2,69,167,25,8
718,15,28,6,5,3,291,31,12,40,"275,089",96,0,1,1,1,0,1,73,171,25,2
190,20,28,4,6,3,260,50,11,36,"326,452",96,0,1,4,1,0,0,65,168,23,4
596,28,7,2,3,2,225,26,9,28,"264,249",97,0,1,1,0,0,2,69,169,24,8
624,28,27,3,5,2,225,26,9,28,"222,196",99,0,1,1,0,0,2,69,169,24,2
46,3,23,9,3,1,179,51,18,38,"241,476",92,0,1,0,1,0,0,89,170,31,3
148,22,23,2,3,2,179,26,9,30,"302,585",99,0,3,0,0,0,0,56,171,19,1
83,17,21,11,5,4,179,22,17,40,"306,345",93,0,2,2,0,1,0,63,170,22,8
292,11,22,10,6,4,289,36,13,33,"265,017",88,0,1,2,1,0,1,90,172,30,8
158,17,17,3,3,2,179,22,17,40,"343,253",95,0,2,2,0,1,0,63,170,22,8
43,5,19,9,3,1,235,20,13,43,"241,476",92,0,1,1,1,0,0,106,167,38,8
2,3,23,7,4,1,179,51,18,38,"239,554",97,0,1,0,1,0,0,89,170,31,2
431,20,28,5,6,3,260,50,11,36,"246,074",99,0,1,4,1,0,0,65,168,23,3
116,14,18,1,3,2,155,12,14,34,"308,593",95,0,1,2,1,0,0,95,196,25,8
310,10,10,10,2,4,361,52,3,28,"265,017",88,0,1,1,1,0,4,80,172,27,8
293,36,0,10,6,4,118,13,18,50,"265,017",88,1,1,1,1,0,0,98,178,31,0
487,3,25,8,2,1,179,51,18,38,"249,797",93,0,1,0,1,0,0,89,170,31,4
239,34,26,7,6,1,118,10,10,37,"275,312",98,0,1,0,0,0,0,83,172,28,4
200,23,19,4,4,3,378,49,11,36,"326,452",96,0,1,2,0,1,4,65,174,21,8
144,31,11,2,2,2,388,15,9,50,"302,585",99,0,1,0,0,0,0,76,178,24,8
655,34,10,4,2,3,118,10,10,37,"246,288",91,0,1,0,0,0,0,83,172,28,8
693,25,10,5,2,3,235,16,8,32,"237,656",99,0,3,0,0,0,0,75,178,25,8
320,20,28,11,6,4,260,50,11,36,"284,031",97,0,1,4,1,0,0,65,168,23,3
186,14,28,4,3,3,155,12,14,34,"326,452",96,0,1,2,1,0,0,95,196,25,1
133,34,27,1,5,2,118,10,10,37,"308,593",95,0,1,0,0,0,0,83,172,28,2
420,36,13,4,4,3,118,13,18,50,"239,409",98,0,1,1,1,0,0,98,178,31,120
523,13,10,10,5,4,369,17,12,31,"284,853",91,0,1,3,1,0,0,70,169,25,8
218,36,13,5,4,3,118,13,18,50,"378,884",92,0,1,1,1,0,0,98,178,31,24
110,34,27,12,6,4,118,10,10,37,"261,306",97,0,1,0,0,0,0,83,172,28,2
276,8,0,9,3,1,231,35,14,39,"294,217",81,1,1,2,1,0,2,100,170,35,0
636,3,27,3,2,2,179,51,18,38,"222,196",99,0,1,0,1,0,0,89,170,31,3
255,9,18,8,3,1,228,14,16,58,"265,615",94,0,1,2,0,0,1,65,172,22,8
502,3,23,9,2,1,179,51,18,38,"261,756",87,0,1,0,1,0,0,89,170,31,4
314,22,1,10,4,4,179,26,9,30,"265,017",88,0,3,0,0,0,0,56,171,19,5
69,28,23,10,4,4,225,26,9,28,"253,465",93,0,1,1,0,0,2,69,169,24,2
560,28,23,12,4,4,225,26,9,28,"280,549",98,0,1,1,0,0,2,69,169,24,3
360,14,23,1,2,2,155,12,14,34,"330,061",100,0,1,2,1,0,0,95,196,25,2
102,28,23,12,5,4,225,26,9,28,"261,306",97,0,1,1,0,0,2,69,169,24,2
312,15,0,10,3,4,291,31,12,40,"265,017",88,1,1,1,1,0,1,73,171,25,0
53,34,23,9,3,4,118,10,10,37,"241,476",92,0,1,0,0,0,0,83,172,28,2
629,10,19,3,2,2,361,52,3,28,"222,196",99,0,1,1,1,0,4,80,172,27,8
12,20,11,7,4,1,260,50,11,36,"239,554",97,0,1,4,1,0,0,65,168,23,8
720,34,25,6,2,1,118,10,10,37,"275,089",96,0,1,0,0,0,0,83,172,28,3
26,11,23,8,3,1,289,36,13,33,"205,917",92,0,1,2,1,0,1,90,172,30,1
93,20,28,11,6,4,260,50,11,36,"306,345",93,0,1,4,1,0,0,65,168,23,4
214,18,0,5,4,3,330,16,4,28,"378,884",92,1,2,0,0,0,0,84,182,25,0
465,34,26,7,6,1,118,10,10,37,"230,290",92,0,1,0,0,0,0,83,172,28,8
566,28,23,12,3,4,225,26,9,28,"280,549",98,0,1,1,0,0,2,69,169,24,2
685,36,23,5,2,3,118,13,18,50,"237,656",99,0,1,1,1,0,0,98,178,31,2
96,11,7,11,4,4,289,36,13,33,"306,345",93,0,1,2,1,0,1,90,172,30,24
373,20,28,2,6,2,260,50,11,36,"251,818",96,0,1,4,1,0,0,65,168,23,3
361,1,13,1,3,2,235,11,14,37,"330,061",100,0,3,1,0,0,1,88,172,29,1
737,4,0,0,3,1,118,14,13,40,"271,219",95,0,1,1,1,0,8,98,170,34,0
443,34,28,6,3,3,118,10,10,37,"253,957",95,0,1,0,0,0,0,83,172,28,2
739,35,0,0,6,3,179,45,14,53,"271,219",95,0,1,1,0,0,1,77,175,25,0
510,32,14,10,4,4,289,48,29,49,"284,853",91,0,1,0,0,0,2,108,172,36,3
508,25,11,10,5,4,235,16,8,32,"284,853",91,0,3,0,0,0,0,75,178,25,3
309,36,28,10,5,4,118,13,18,50,"265,017",88,0,1,1,1,0,0,98,178,31,1
653,13,22,3,4,3,369,17,12,31,"222,196",99,0,1,3,1,0,0,70,169,25,8
20,18,10,8,4,1,330,16,4,28,"205,917",92,0,2,0,0,0,0,84,182,25,8
219,10,22,5,6,3,361,52,3,28,"378,884",92,0,1,1,1,0,4,80,172,27,8
450,3,28,6,2,3,179,51,18,38,"253,957",95,0,1,0,1,0,0,89,170,31,4
48,20,22,9,6,1,260,50,11,36,"241,476",92,0,1,4,1,0,0,65,168,23,8
31,2,18,8,5,1,235,29,12,48,"205,917",92,0,1,1,0,1,5,88,163,33,8
459,1,13,6,3,1,235,11,14,37,"253,957",95,0,3,1,0,0,1,88,172,29,8
547,28,23,11,3,4,225,26,9,28,"268,519",93,0,1,1,0,0,2,69,169,24,2
674,1,22,5,2,3,235,11,14,37,"237,656",99,0,3,1,0,0,1,88,172,29,8
589,28,28,2,5,2,225,26,9,28,"264,249",97,0,1,1,0,0,2,69,169,24,3
688,36,0,5,3,3,118,13,18,50,"237,656",99,1,1,1,1,0,0,98,178,31,0
87,15,14,11,2,4,291,31,12,40,"306,345",93,0,1,1,1,0,1,73,171,25,40
349,34,25,12,3,4,118,10,10,37,"236,629",93,0,1,0,0,0,0,83,172,28,8
369,34,28,2,3,2,118,10,10,37,"251,818",96,0,1,0,0,0,0,83,172,28,2
192,36,23,4,5,3,118,13,18,50,"326,452",96,0,1,1,1,0,0,98,178,31,1
263,36,13,8,5,1,118,13,18,50,"265,615",94,0,1,1,1,0,0,98,178,31,3
426,33,23,5,4,3,248,25,14,47,"246,074",99,0,1,2,0,0,1,86,165,32,2
76,28,28,10,3,4,225,26,9,28,"253,465",93,0,1,1,0,0,2,69,169,24,2
717,22,13,6,5,3,179,26,9,30,"275,089",96,0,3,0,0,0,0,56,171,19,2
70,33,23,10,4,4,248,25,14,47,"253,465",93,0,1,2,0,0,1,86,165,32,2
222,24,10,6,3,3,246,25,16,41,"377,550",94,0,1,0,1,0,0,67,170,23,24
242,14,25,7,6,1,155,12,14,34,"275,312",98,0,1,2,1,0,0,95,196,25,2
423,3,28,4,2,3,179,51,18,38,"239,409",98,0,1,0,1,0,0,89,170,31,4
208,28,19,5,3,3,225,26,9,28,"378,884",92,0,1,1,0,0,2,69,169,24,8
680,15,28,5,5,3,291,31,12,40,"237,656",99,0,1,1,1,0,1,73,171,25,2
667,28,19,4,2,3,225,26,9,28,"246,288",91,0,1,1,0,0,2,69,169,24,8
8,14,19,7,2,1,155,12,14,34,"239,554",97,0,1,2,1,0,0,95,196,25,40
731,34,23,7,4,1,118,10,10,37,"264,604",93,0,1,0,0,0,0,83,172,28,2
714,2,0,6,2,3,235,29,12,48,"275,089",96,1,1,1,0,1,5,88,163,33,0
245,30,25,7,2,1,157,27,6,29,"275,312",98,0,1,0,1,1,0,75,185,22,3
604,22,27,2,4,2,179,26,9,30,"264,249",97,0,3,0,0,0,0,56,171,19,2
291,11,26,10,2,4,289,36,13,33,"265,017",88,0,1,2,1,0,1,90,172,30,8
345,24,4,12,5,4,246,25,16,41,"236,629",93,0,1,0,1,0,0,67,170,23,8
220,24,19,6,2,3,246,25,16,41,"377,550",94,0,1,0,1,0,0,67,170,23,8
338,3,23,11,5,4,179,51,18,38,"284,031",97,0,1,0,1,0,0,89,170,31,1
709,34,10,6,4,3,118,10,10,37,"275,089",96,0,1,0,0,0,0,83,172,28,8
232,23,22,6,5,3,378,49,11,36,"377,550",94,0,1,2,0,1,4,65,174,21,8
194,24,14,4,6,3,246,25,16,41,"326,452",96,0,1,0,1,0,0,67,170,23,8
104,34,19,12,3,4,118,10,10,37,"261,306",97,0,1,0,0,0,0,83,172,28,56
704,14,10,5,6,3,155,12,14,34,"237,656",99,0,1,2,1,0,0,95,196,25,8
618,3,27,3,2,2,179,51,18,38,"222,196",99,0,1,0,1,0,0,89,170,31,2
416,33,26,4,2,3,248,25,14,47,"239,409",98,0,1,2,0,0,1,86,165,32,4
414,18,26,4,6,3,330,16,4,28,"239,409",98,0,2,0,0,0,0,84,182,25,4
411,24,28,3,3,3,246,25,16,41,"244,387",98,0,1,0,1,0,0,67,170,23,2
734,13,13,7,2,1,369,17,12,31,"264,604",93,0,1,3,1,0,0,70,169,25,80
535,3,28,11,6,4,179,51,18,38,"268,519",93,0,1,0,1,0,0,89,170,31,1
611,28,7,2,2,2,225,26,9,28,"264,249",97,0,1,1,0,0,2,69,169,24,2
