,Atr1;Atr2;Atr3;Atr4;Atr5;Atr6;Atr7;Atr8;Atr9;Atr10;Atr11;Atr12;Atr13;Atr14;Atr15;Atr16;Atr17;Atr18;Atr19;Atr20;Atr21;Atr22;Atr23;Atr24;Atr25;Atr26;Atr27;Atr28;Atr29;Atr30;Atr31;Atr32;Atr33;Atr34;Atr35;Atr36;Atr37;Atr38;Atr39;Atr40;Atr41;Atr42;Atr43;Atr44;Atr45;Atr46;Atr47;Atr48;Atr49;Atr50;Atr51;Atr52;Atr53;Atr54;Class
0,2;2;4;1;0;0;0;0;0;0;1;0;1;1;0;1;0;0;0;1;0;0;0;0;0;0;0;0;0;1;1;2;1;2;0;1;2;1;3;3;2;1;1;2;3;2;1;3;3;3;2;3;2;1;1
1,4;4;4;4;4;0;0;4;4;4;4;3;4;0;4;4;4;4;3;2;1;1;0;2;2;1;2;0;1;1;0;4;2;3;0;2;3;4;2;4;2;2;3;4;2;2;2;3;4;4;4;4;2;2;1
2,2;2;2;2;1;3;2;1;1;2;3;4;2;3;3;3;3;3;3;2;1;0;1;2;2;2;2;2;3;2;3;3;1;1;1;1;2;1;3;3;3;3;2;3;2;3;2;3;1;1;1;2;2;2;1
3,3;2;3;2;3;3;3;3;3;3;4;3;3;4;3;3;3;3;3;4;1;1;1;1;2;1;1;1;1;3;2;3;2;2;1;1;3;3;4;4;2;2;3;2;3;2;2;3;3;3;3;2;2;2;1
4,2;2;1;1;1;1;0;0;0;0;0;1;0;1;1;1;1;1;2;1;1;0;0;0;0;2;1;2;1;1;1;1;1;1;0;0;0;0;2;1;0;2;3;0;2;2;1;2;3;2;2;2;1;0;1
5,0;0;1;0;0;2;0;0;0;1;0;2;1;0;2;0;2;1;0;1;0;0;0;0;2;2;0;0;0;0;4;1;1;1;1;1;1;2;0;2;2;1;2;3;0;2;2;1;2;1;1;1;2;0;1
6,3;3;3;2;1;3;4;3;2;2;2;2;2;3;2;3;3;3;3;2;3;3;3;3;2;3;3;2;2;2;1;2;2;1;1;2;3;2;2;3;3;3;3;4;3;3;2;3;2;3;3;2;2;2;1
7,2;1;2;2;2;1;0;3;3;2;4;3;2;3;4;3;2;3;2;1;2;1;1;2;3;3;2;2;2;3;1;1;0;2;2;1;4;4;4;4;4;4;3;2;0;0;1;2;2;2;1;1;1;0;1
8,2;2;1;0;0;4;1;3;3;3;3;3;3;3;3;3;3;3;3;3;2;2;2;3;2;3;2;3;2;3;1;1;1;1;1;1;1;2;2;2;2;2;2;2;2;1;1;1;1;1;1;1;1;1;1
9,1;1;1;1;1;2;0;2;2;2;3;0;0;2;1;0;1;2;1;0;0;0;0;1;1;1;1;1;1;1;1;1;0;1;0;0;1;1;2;2;1;2;3;2;2;2;0;2;2;2;2;4;3;3;1
10,4;4;4;3;4;0;0;4;4;3;4;4;4;4;4;3;4;4;4;4;4;3;4;4;4;4;4;3;4;4;4;4;4;4;4;4;4;4;4;4;4;4;4;4;4;4;4;4;4;4;4;4;4;4;1
11,4;4;4;3;4;0;0;4;4;3;4;4;4;4;4;3;4;4;4;4;4;3;4;4;4;4;4;3;4;4;4;4;4;4;4;4;4;4;4;4;4;4;4;4;4;4;4;4;4;4;4;4;4;4;1
12,3;4;3;4;3;0;1;4;3;4;3;4;3;4;3;4;3;4;3;4;3;4;3;4;3;4;3;4;3;4;4;4;4;4;4;4;4;4;4;4;4;4;4;4;4;4;4;4;4;4;4;4;4;4;1
13,3;4;3;4;3;0;1;4;3;4;3;4;3;4;3;4;3;4;3;4;3;4;3;4;3;4;3;4;3;4;4;4;4;4;4;4;4;4;4;4;4;4;4;4;4;4;4;4;4;4;4;4;4;4;1
14,3;4;3;4;3;0;1;4;3;4;3;4;3;4;3;4;3;4;3;4;3;4;3;4;3;4;3;4;3;4;4;4;4;4;4;4;4;4;4;4;4;4;4;3;4;4;4;4;4;4;4;4;4;4;1
15,4;4;3;2;4;0;0;4;3;2;4;4;4;4;3;2;4;4;4;4;3;2;4;4;4;4;3;2;4;4;4;4;4;4;4;4;4;4;4;4;4;4;4;4;4;4;4;4;4;4;4;4;4;4;1
16,4;4;3;2;4;0;0;4;3;2;4;4;4;4;3;2;4;4;4;4;3;2;4;4;4;4;3;2;4;4;4;4;4;4;4;4;4;4;4;4;4;4;4;4;4;4;4;4;4;4;4;4;4;4;1
17,4;4;4;3;4;0;0;4;4;3;4;4;4;4;4;3;4;4;4;4;4;3;4;4;4;4;4;3;4;4;4;3;4;3;4;3;4;3;4;3;4;3;4;3;4;3;4;3;4;4;3;4;3;4;1
18,3;3;4;4;3;1;1;3;4;4;3;3;3;3;4;4;3;3;3;3;4;4;3;3;3;3;4;4;3;3;4;4;4;4;4;4;4;4;4;4;4;4;4;4;4;4;4;4;4;4;4;4;4;4;1
19,4;4;4;3;4;0;0;4;4;3;4;4;4;4;4;3;4;4;4;4;4;3;4;4;4;4;4;3;4;4;4;3;4;3;4;3;4;3;4;3;4;3;4;3;4;3;4;3;4;4;3;4;3;4;1
20,4;3;3;3;4;1;0;3;3;3;4;3;4;3;3;3;4;3;4;3;3;3;4;3;4;3;3;3;4;3;4;4;4;4;4;4;4;4;4;4;4;4;4;4;4;4;4;4;4;4;4;4;4;4;1
21,4;3;3;3;4;1;0;3;3;3;4;3;4;3;3;3;4;3;4;3;3;3;4;3;4;3;3;3;4;3;4;4;4;4;4;4;4;4;4;4;4;4;4;4;4;4;4;4;4;4;4;4;4;4;1
22,3;4;4;4;3;0;1;4;4;4;3;4;3;4;4;4;3;4;3;4;4;4;3;4;3;4;4;4;3;4;4;3;4;3;4;3;4;3;4;3;4;3;4;3;3;3;4;3;4;4;3;4;3;4;1
23,3;3;3;4;3;1;1;3;3;4;3;3;3;3;3;4;3;3;3;3;3;4;3;3;3;3;3;4;3;3;4;4;4;4;4;4;4;4;4;4;4;4;4;4;4;4;4;4;4;4;4;4;4;4;1
24,4;2;3;4;4;2;0;2;3;4;4;2;4;2;3;4;4;2;4;2;3;4;4;2;4;2;3;4;4;2;4;4;4;4;4;4;4;4;4;4;4;4;4;4;4;4;4;4;4;4;4;4;4;4;1
25,3;3;3;4;3;1;1;3;3;4;3;3;3;3;3;4;3;3;3;3;3;4;3;3;3;3;3;4;3;3;4;4;4;4;4;4;4;4;4;4;4;4;4;4;4;4;4;4;4;4;4;4;4;4;1
26,3;3;4;3;3;1;1;3;4;3;3;3;3;3;4;3;3;3;3;3;4;3;3;3;3;3;4;3;3;3;4;4;4;4;4;4;4;4;4;4;4;4;4;4;3;4;4;4;4;4;4;4;4;4;1
27,3;3;3;4;3;1;1;3;3;4;3;3;3;3;3;4;3;3;3;3;3;4;3;3;3;3;3;4;3;3;4;4;4;4;4;4;4;4;4;4;4;4;4;4;3;4;4;4;4;4;4;4;4;4;1
28,3;4;3;2;3;0;1;4;3;2;3;4;3;4;3;2;3;4;3;4;3;2;3;4;3;4;3;2;3;4;4;4;4;4;4;4;4;4;4;4;4;4;4;4;4;4;4;4;4;4;4;4;4;4;1
29,4;3;3;2;4;1;0;3;3;2;4;3;4;3;3;2;4;3;4;3;3;2;4;3;4;3;3;2;4;3;4;4;4;4;4;4;4;4;4;4;4;4;4;4;4;4;4;4;4;4;4;4;4;4;1
30,3;4;3;2;3;0;1;4;3;2;3;4;3;4;3;2;3;4;3;4;3;2;3;4;3;4;3;2;3;4;4;4;4;4;4;4;4;4;4;4;4;4;4;4;4;4;4;4;4;4;4;4;4;4;1
31,4;3;4;3;4;1;0;3;4;3;4;3;4;3;4;3;4;3;4;3;4;3;4;3;4;3;4;3;4;3;4;3;4;3;4;3;4;3;4;3;4;3;4;3;4;3;4;3;4;4;3;4;3;4;1
32,4;3;3;4;4;1;0;3;3;4;4;3;4;3;3;4;4;3;4;3;3;4;4;3;4;3;3;4;4;3;4;3;4;3;4;3;4;3;4;3;4;3;4;3;4;3;4;3;4;4;3;4;3;4;1
33,3;4;2;3;3;0;1;4;2;3;3;4;3;4;2;3;3;4;3;4;2;3;3;4;3;4;2;3;3;4;4;4;4;4;4;4;4;4;4;4;4;4;4;4;3;4;4;4;4;4;4;4;4;4;1
34,3;4;4;3;3;0;1;4;4;3;3;4;3;4;4;3;3;4;3;4;4;3;3;4;3;4;4;3;3;4;4;3;4;3;4;3;4;3;4;3;4;3;4;3;4;3;4;3;4;4;3;4;3;4;1
35,3;3;3;3;3;1;1;3;3;3;3;3;3;3;3;3;3;3;3;3;3;3;3;3;3;3;3;3;3;3;4;4;4;4;4;4;4;4;4;4;4;4;4;4;4;4;4;4;4;4;4;4;4;4;1
36,4;3;3;3;4;1;0;3;3;3;4;3;4;3;3;3;4;3;4;3;3;3;4;3;4;3;3;3;4;3;4;3;4;3;4;3;4;4;3;4;4;4;4;3;4;4;3;4;4;3;3;4;4;3;1
37,3;3;2;3;3;1;1;3;3;3;4;3;3;3;3;3;3;3;4;3;3;3;3;4;3;3;2;4;3;4;4;4;4;4;4;4;4;4;4;4;4;3;4;3;3;3;4;4;4;4;3;3;4;4;1
38,3;3;2;3;3;1;1;3;3;3;4;3;3;3;3;3;3;3;4;3;3;3;3;4;3;3;2;4;3;4;4;4;4;4;4;4;4;4;4;4;4;3;4;3;3;3;4;4;4;4;3;3;4;4;1
39,4;3;3;3;4;1;0;3;3;3;4;3;4;3;3;3;4;3;4;3;3;3;4;3;4;3;3;3;4;3;4;3;4;3;4;3;4;3;4;3;4;3;4;3;4;3;4;3;4;4;3;4;3;4;1
40,3;2;3;4;3;2;1;2;3;4;3;2;3;2;3;4;3;2;3;2;3;4;3;2;3;2;3;4;3;2;4;4;4;4;4;4;4;4;4;4;4;4;4;4;3;4;4;4;4;4;4;4;4;4;1
41,4;2;3;2;4;2;0;2;3;2;4;2;4;2;3;2;4;2;4;2;3;2;4;2;4;2;3;2;4;2;4;4;4;4;4;4;4;4;4;4;4;4;4;4;4;4;4;4;4;4;4;4;4;4;1
42,3;4;3;3;3;0;1;4;3;3;3;4;3;4;3;3;3;4;3;4;3;3;3;4;3;4;3;3;3;4;3;4;3;4;3;4;3;4;3;4;3;4;3;4;3;4;3;4;3;3;4;3;4;3;1
43,3;3;3;2;3;1;1;3;3;2;3;3;3;3;3;2;3;3;3;3;3;2;3;3;3;3;3;2;3;3;4;4;4;4;4;4;4;4;4;4;4;4;4;4;4;4;4;4;4;4;4;4;4;4;1
44,4;2;3;2;4;2;0;2;3;2;4;2;4;2;3;2;4;2;4;2;3;2;4;2;4;2;3;2;4;2;4;4;4;4;4;4;4;4;4;4;4;4;4;4;4;4;4;4;4;4;4;4;4;4;1
45,3;3;2;3;3;1;1;3;2;3;3;3;3;3;2;3;3;3;3;3;2;3;3;3;3;3;2;3;3;3;4;4;4;4;4;4;4;4;4;4;4;4;4;4;4;4;4;4;4;4;4;4;4;4;1
46,3;3;3;2;3;1;1;3;3;2;3;3;3;3;3;2;3;3;3;3;3;2;3;3;3;3;3;2;3;3;4;4;4;4;4;4;4;4;4;4;4;4;4;4;4;4;4;4;4;4;4;4;4;4;1
47,3;3;2;3;3;1;1;3;2;3;3;3;3;3;2;3;3;3;3;3;2;3;3;3;3;3;2;3;3;3;4;4;4;4;4;4;4;4;4;4;4;4;4;4;4;4;4;4;4;4;4;4;4;4;1
48,4;2;3;2;4;2;0;2;3;2;4;2;4;2;3;2;4;2;4;2;3;2;4;2;4;2;3;2;4;2;4;4;4;4;4;4;4;4;4;4;4;4;4;4;4;4;4;4;4;4;4;4;4;4;1
49,3;3;3;2;3;1;1;3;3;2;3;3;3;3;3;2;3;3;3;3;3;2;3;3;3;3;3;2;3;3;4;4;4;4;4;4;4;4;4;4;4;4;4;4;4;4;4;4;4;4;4;4;4;4;1
50,4;2;3;2;4;2;0;2;3;2;4;2;4;2;3;2;4;2;4;2;3;2;4;2;4;2;3;2;4;2;4;4;4;4;4;4;4;4;4;4;4;4;4;4;4;4;4;4;4;4;4;4;4;4;1
51,3;3;3;2;3;1;1;3;3;2;3;3;3;3;3;2;3;3;3;3;3;2;3;3;3;3;3;2;3;3;4;4;4;4;4;4;4;4;4;4;4;4;4;4;3;4;4;4;4;4;4;4;4;4;1
52,4;3;2;3;4;1;0;3;2;3;4;3;4;3;2;3;4;3;4;3;2;3;4;3;4;3;2;3;4;3;4;3;4;3;4;3;4;3;4;3;4;3;4;3;4;3;4;3;4;4;3;4;3;4;1
53,3;3;3;4;3;1;1;3;3;4;3;3;3;3;3;4;3;3;3;3;3;4;3;3;3;3;3;4;3;3;3;4;3;4;3;4;3;4;3;4;3;4;3;4;3;4;3;4;3;3;4;3;4;3;1
54,4;3;3;2;4;1;0;3;3;2;4;3;4;3;3;2;4;3;4;3;3;2;4;3;4;3;3;2;4;3;4;3;4;3;4;3;4;3;4;3;4;3;4;3;3;3;4;3;4;4;3;4;3;4;1
55,4;3;2;3;4;1;0;3;2;3;4;3;4;3;2;3;4;3;4;3;2;3;4;3;4;3;2;3;4;3;3;4;3;4;3;4;3;4;3;4;3;4;3;4;3;4;3;4;3;3;4;3;4;3;1
56,3;4;3;4;3;0;1;4;3;4;3;4;3;4;3;4;3;4;3;4;3;4;3;4;3;4;3;4;3;4;3;3;3;3;3;3;3;3;3;3;3;3;3;3;3;3;3;3;3;3;3;3;3;3;1
57,3;4;3;4;3;0;1;4;3;4;3;4;3;4;3;4;3;4;3;4;3;4;3;4;3;4;3;4;3;4;3;3;3;3;3;3;3;3;3;3;3;3;3;3;3;3;3;3;3;3;3;3;3;3;1
58,3;3;3;3;3;1;1;3;3;3;3;3;3;3;3;3;3;3;3;3;3;3;3;3;3;3;3;3;3;3;4;3;4;3;4;3;4;3;4;3;4;3;4;3;4;3;4;3;4;4;3;4;3;4;1
59,3;2;3;2;3;2;1;2;3;2;3;2;3;2;3;2;3;2;3;2;3;2;3;2;3;2;3;2;3;2;4;4;4;4;4;4;4;4;4;4;4;4;4;4;4;4;4;4;4;4;4;4;4;4;1
60,3;2;3;2;3;2;1;2;3;2;3;2;3;2;3;2;3;2;3;2;3;2;3;2;3;2;3;2;3;2;4;4;4;4;4;4;4;4;4;4;4;4;4;4;4;4;4;4;4;4;4;4;4;4;1
61,3;2;2;3;3;2;1;2;2;3;3;2;3;2;2;3;3;2;3;2;2;3;3;2;3;2;2;3;3;2;4;4;4;4;4;4;4;4;4;4;4;4;4;4;4;4;4;4;4;4;4;4;4;4;1
62,3;2;3;2;3;2;1;2;3;2;3;2;3;2;3;2;3;2;3;2;3;2;3;2;3;2;3;2;3;2;4;4;4;4;4;4;4;4;4;4;4;4;4;4;4;4;4;4;4;4;4;4;4;4;1
63,3;2;3;2;3;2;1;2;3;2;3;2;3;2;3;2;3;2;3;2;3;2;3;2;3;2;3;2;3;2;4;4;4;4;4;4;4;4;4;4;4;4;4;4;4;4;4;4;4;4;4;4;4;4;1
64,3;3;4;4;3;1;1;3;4;4;3;3;3;3;4;4;3;3;3;3;4;4;3;3;3;3;4;4;3;3;3;3;3;3;3;3;3;3;3;3;3;3;3;3;3;3;3;3;3;3;3;3;3;3;1
65,3;3;3;2;3;1;1;3;3;2;3;3;3;3;3;2;3;3;3;3;3;2;3;3;3;3;3;2;3;3;4;3;4;3;4;3;4;3;4;3;4;3;4;3;4;3;4;3;4;4;3;4;3;4;1
66,3;3;2;3;3;1;1;3;2;3;3;3;3;3;2;3;3;3;3;3;2;3;3;3;3;3;2;3;3;3;4;3;4;3;4;3;4;3;4;3;4;3;4;3;4;3;4;3;4;4;3;4;3;4;1
67,4;2;2;3;4;2;0;2;2;3;4;2;4;2;2;3;4;2;4;2;2;3;4;2;4;2;2;3;4;2;4;3;4;3;4;3;4;3;4;3;4;3;4;3;4;3;4;3;4;4;3;4;3;4;1
68,3;3;3;2;3;1;1;3;3;2;3;3;3;3;3;2;3;3;3;3;3;2;3;3;3;3;3;2;3;3;4;3;4;3;4;3;4;3;4;3;4;3;4;3;3;3;4;3;4;4;3;4;3;4;1
69,4;4;4;3;4;2;4;4;4;3;4;4;4;4;4;4;4;4;4;4;4;3;0;4;0;4;4;0;4;4;0;4;4;0;1;0;2;0;4;0;2;4;4;1;4;0;4;4;4;3;4;4;4;4;1
70,3;3;3;2;3;1;1;3;3;2;3;3;3;3;3;2;3;3;3;3;3;2;3;3;3;3;3;2;3;3;3;4;3;4;3;4;3;4;3;4;3;4;3;4;3;4;3;4;3;3;4;3;4;3;1
71,2;2;3;2;2;2;2;2;3;2;2;2;2;2;3;2;2;2;2;2;3;2;2;2;2;2;3;2;2;2;4;4;4;4;4;4;4;4;4;4;4;3;4;4;4;4;4;4;4;4;4;4;4;4;1
72,3;3;3;3;3;1;1;3;3;3;3;3;3;3;3;3;3;3;3;3;3;3;3;3;3;3;3;3;3;3;3;3;3;3;3;3;3;3;3;3;3;3;3;3;3;3;3;3;3;3;3;3;3;3;1
73,4;3;3;3;3;1;4;0;4;3;3;3;3;4;3;3;3;3;3;3;3;3;2;2;2;2;3;2;2;2;2;4;3;3;3;3;3;4;4;4;3;3;3;3;3;3;3;3;3;3;3;3;3;3;1
74,3;2;3;2;3;2;1;2;3;2;3;2;3;2;3;2;3;2;3;2;3;2;3;2;3;2;3;2;3;2;3;4;3;4;3;4;3;4;3;4;3;3;3;4;3;4;3;4;3;3;4;3;4;3;1
75,4;4;3;3;4;0;4;2;4;4;3;4;4;4;4;4;4;4;4;4;0;0;2;4;4;4;4;1;1;0;4;2;0;0;0;0;3;0;4;4;4;4;4;4;4;2;4;4;3;4;4;1;1;0;1
76,3;2;4;3;3;2;3;2;2;3;4;3;2;3;1;3;3;3;3;4;2;1;0;2;2;2;2;2;2;3;3;3;3;3;3;3;4;4;4;4;4;3;0;0;0;0;0;3;3;3;3;3;3;3;1
77,2;2;2;3;2;3;2;1;3;2;1;2;2;2;3;3;3;3;3;2;2;1;1;3;3;3;2;3;2;2;3;3;3;3;3;3;3;3;4;4;4;4;3;4;2;2;3;3;2;1;1;2;2;2;1
78,3;2;4;3;3;2;3;2;2;3;4;3;2;2;1;3;3;3;3;4;2;1;0;2;2;2;2;2;2;3;3;3;3;3;3;3;4;4;4;4;3;0;0;3;0;0;0;3;3;3;3;3;3;3;1
79,4;2;4;2;1;2;3;1;1;3;3;3;2;2;3;2;2;3;3;2;2;2;2;3;4;4;3;3;3;4;4;4;2;2;0;0;4;3;4;4;3;1;1;4;1;2;1;3;3;3;3;1;1;1;1
80,2;0;2;4;2;2;4;3;4;3;2;3;3;0;4;4;3;3;3;2;2;1;2;0;0;0;0;0;2;2;3;3;3;3;3;3;3;3;1;3;2;3;3;4;4;2;3;2;2;3;3;4;2;2;1
81,4;4;3;3;2;0;2;4;4;3;4;3;4;3;4;4;4;3;3;3;2;3;3;3;3;3;1;3;3;2;3;3;3;4;4;4;4;4;4;4;4;2;2;3;2;2;2;2;2;3;3;3;3;4;1
82,4;4;3;4;4;0;0;4;4;4;4;4;4;4;4;3;3;4;4;3;2;2;3;1;2;2;1;3;2;2;3;3;1;2;1;4;4;3;3;3;1;3;3;3;3;1;2;3;2;2;2;2;1;2;1
83,3;3;2;2;2;2;2;2;2;2;2;2;2;2;2;2;2;2;2;2;0;0;0;2;0;0;0;0;0;2;3;3;3;4;4;4;4;4;4;4;4;1;1;1;1;1;1;3;2;2;2;4;4;4;1
84,0;0;0;0;0;0;0;0;0;0;0;1;0;0;0;0;1;0;0;0;1;0;0;0;0;0;0;0;0;0;0;0;0;0;0;0;0;0;0;0;1;0;1;0;0;0;1;0;0;0;1;0;0;1;0
85,0;0;0;0;0;0;0;0;0;0;0;0;0;0;0;0;0;0;0;0;0;0;0;0;0;0;0;0;0;0;0;0;0;0;0;0;0;0;0;0;0;1;1;1;2;3;1;0;0;1;1;0;0;0;0
86,0;0;0;0;0;0;0;0;0;0;0;0;0;0;0;0;0;0;0;0;0;0;0;0;1;1;0;0;1;0;0;0;0;0;0;0;0;0;0;0;1;0;2;0;1;1;1;1;0;0;0;1;1;1;0
87,0;0;0;0;0;0;0;0;0;0;0;0;1;0;0;0;0;0;0;0;0;0;0;0;0;0;0;0;0;0;0;0;0;1;0;0;0;0;0;0;0;0;3;0;0;0;0;2;0;0;1;2;2;1;0
88,4;0;3;4;0;0;0;0;0;0;0;0;0;0;0;0;0;0;0;0;0;0;0;0;0;0;0;0;0;0;0;0;0;0;0;0;0;0;0;0;0;0;0;0;0;0;0;4;0;0;0;0;0;0;0
89,0;0;0;0;0;0;0;0;0;0;0;0;0;0;0;0;0;0;0;0;0;0;0;0;0;0;0;0;0;0;2;2;1;0;1;1;0;1;0;0;0;0;0;0;0;0;1;1;1;1;1;0;1;1;0
90,0;1;0;0;0;0;0;1;0;0;0;0;0;1;0;0;0;0;0;0;0;0;0;0;1;1;1;0;0;0;0;0;0;0;0;0;0;0;0;0;0;0;3;1;0;3;0;1;0;0;0;2;0;0;0
91,0;0;0;0;0;0;0;0;0;0;0;0;0;0;0;0;0;0;0;0;0;0;0;0;0;0;0;0;0;0;1;1;0;0;0;0;0;0;0;0;0;0;2;0;0;2;0;2;3;2;2;1;1;0;0
92,1;1;0;0;0;0;0;0;0;1;0;0;1;0;0;0;0;0;0;0;1;0;0;0;1;0;1;1;1;1;0;0;0;0;0;0;0;0;0;0;0;1;2;0;2;1;0;0;1;1;1;1;1;1;0
93,0;1;0;1;0;0;0;0;0;1;0;0;0;1;0;0;0;0;0;0;0;0;0;1;0;0;0;0;0;0;0;1;1;1;0;0;0;2;1;0;0;0;2;1;1;1;1;2;1;1;1;0;0;0;0
94,0;0;0;0;0;0;0;0;0;1;0;0;0;0;0;0;0;0;0;0;0;0;0;1;1;1;0;0;0;0;2;1;1;1;0;0;2;0;1;0;1;0;0;0;0;0;0;2;2;2;2;1;0;0;0
95,0;0;0;0;0;0;0;0;0;1;0;0;0;0;0;0;0;0;0;0;0;0;0;1;1;0;0;0;0;0;0;0;0;0;0;0;0;0;0;0;0;0;1;0;3;2;0;2;2;2;2;2;2;2;0
96,0;3;1;0;0;0;0;0;0;0;0;1;1;2;0;0;0;0;0;0;0;0;0;0;0;0;0;0;0;1;1;1;0;1;0;0;0;0;0;0;1;0;1;0;1;1;1;4;0;0;2;0;0;0;0
97,0;0;0;0;0;0;0;0;0;0;0;0;0;0;0;0;0;0;0;0;0;1;0;0;0;0;0;0;0;0;4;2;0;0;0;0;0;0;0;0;1;4;2;0;4;2;1;1;0;0;0;1;0;0;0
98,0;0;0;0;0;2;1;0;0;0;0;0;0;0;0;0;0;0;0;0;0;0;0;0;0;0;0;0;0;0;1;0;0;0;0;0;0;0;0;0;0;0;0;2;1;4;2;3;0;0;0;2;4;1;0
99,0;1;2;1;0;0;0;0;0;0;0;1;1;0;0;0;1;0;1;0;0;0;0;0;0;0;0;0;0;0;0;0;0;0;0;0;0;0;1;0;0;2;2;0;1;0;1;2;0;0;0;3;2;1;0
100,0;0;2;0;0;0;0;0;0;0;0;0;0;0;0;0;0;0;0;0;0;0;0;0;0;0;0;0;0;0;2;1;0;1;0;0;1;0;0;0;0;0;2;0;2;2;1;2;0;0;0;4;4;0;0
101,0;0;1;0;0;1;0;0;0;0;0;0;0;0;0;0;0;0;0;0;0;0;0;2;0;0;0;0;0;1;0;2;0;1;0;0;0;0;0;0;0;0;3;0;0;2;2;0;0;1;1;3;4;0;0
102,0;0;0;0;0;0;0;0;0;0;0;0;0;0;0;0;0;0;0;0;0;0;0;0;0;0;0;0;0;0;0;0;0;0;0;0;0;0;0;0;1;2;4;2;3;1;1;2;0;0;1;4;1;2;0
103,0;0;0;0;0;0;0;0;0;0;0;0;0;0;0;0;0;0;0;0;0;0;0;0;1;1;1;1;1;1;1;0;0;0;0;0;0;0;0;0;2;0;3;0;3;3;1;2;1;1;1;0;1;0;0
104,0;0;0;0;0;1;0;0;0;0;1;1;1;0;0;0;0;0;1;0;1;0;0;0;0;0;0;0;0;0;0;0;0;0;0;0;0;0;0;0;0;0;3;0;3;4;3;0;2;2;2;0;0;0;0
105,0;0;0;0;0;0;0;0;0;0;0;1;1;1;1;0;0;0;0;0;1;1;0;0;0;0;0;1;0;0;0;0;0;1;0;0;1;0;1;0;0;0;2;2;2;0;0;2;2;2;2;1;1;0;0
106,0;0;0;0;0;0;0;0;0;0;0;0;0;0;0;0;0;0;0;0;0;0;0;0;0;0;0;0;0;0;0;1;0;0;0;0;0;0;0;0;0;0;4;0;4;3;1;3;1;3;3;3;1;0;0
107,0;0;0;0;0;0;0;0;0;0;0;0;2;0;0;0;0;0;0;0;0;0;0;0;0;0;0;0;0;0;2;0;0;0;0;0;4;0;0;0;0;0;0;0;0;3;0;2;2;2;2;4;4;0;0
108,0;0;3;0;0;1;0;0;0;0;0;2;0;0;1;0;1;0;0;1;0;0;0;0;1;0;0;0;0;1;0;2;0;0;0;0;0;0;1;0;0;0;1;0;1;1;1;3;3;2;2;0;0;0;0
109,0;0;0;0;0;1;0;0;0;0;0;0;1;0;0;0;0;0;0;0;0;0;0;0;0;0;0;0;0;0;2;0;0;1;0;0;1;0;0;0;1;1;2;0;1;2;2;2;2;2;2;2;2;2;0
110,0;0;0;0;0;0;0;0;0;0;0;0;1;1;0;0;0;0;0;0;1;0;0;0;1;0;0;1;1;1;1;0;0;0;0;0;0;0;0;0;0;1;3;2;1;3;0;2;3;3;2;1;0;0;0
111,1;1;1;1;1;0;0;1;1;1;1;0;0;0;0;0;0;0;0;0;0;0;0;0;0;0;0;0;0;0;0;2;0;0;0;0;0;0;0;0;0;0;0;0;0;2;2;3;3;3;3;1;1;0;0
112,0;0;0;0;1;0;0;0;0;0;0;0;1;0;1;0;0;0;0;0;0;0;0;0;1;1;0;0;1;0;0;0;0;0;0;0;0;0;0;0;0;2;3;1;3;3;3;2;1;1;1;1;1;1;0
113,0;2;2;1;0;0;0;0;0;2;1;1;1;0;0;0;0;0;0;0;0;0;0;0;1;0;0;0;0;0;1;3;0;0;0;0;2;1;0;2;0;0;0;0;0;0;0;3;1;1;1;0;3;0;0
114,0;1;1;0;0;0;0;0;0;1;1;1;2;1;1;0;0;0;0;0;0;0;0;0;0;0;0;0;0;0;0;2;1;2;0;0;0;0;1;0;1;0;3;1;4;0;2;2;0;1;0;0;1;0;0
115,0;1;1;0;0;1;0;0;0;0;0;0;0;0;0;0;0;0;0;0;0;0;0;0;0;0;0;0;0;0;0;0;0;0;0;0;1;0;0;0;0;1;2;0;1;4;4;3;3;1;2;3;1;1;0
116,0;0;0;0;0;2;0;0;0;0;0;0;1;0;0;1;1;0;0;0;0;0;0;0;0;0;0;0;0;1;0;0;0;1;0;0;1;0;0;0;0;2;4;0;4;3;1;1;2;2;2;1;0;0;0
117,0;0;0;0;0;1;0;1;1;0;0;0;1;1;0;0;0;0;0;0;1;1;1;0;1;0;0;0;0;1;1;1;1;1;0;0;1;0;0;0;0;0;0;0;0;0;0;2;1;2;2;3;3;2;0
118,0;0;0;0;0;1;0;0;0;1;0;1;1;0;0;1;0;0;0;0;0;0;0;0;2;1;1;0;0;0;0;0;0;0;0;0;0;0;0;0;0;0;1;1;0;4;1;1;4;4;2;2;0;1;0
119,0;1;1;0;0;2;0;0;0;0;0;2;1;0;0;0;0;0;0;0;0;0;0;0;1;0;0;0;0;1;0;2;0;0;0;0;0;0;0;0;0;2;2;2;2;2;2;2;0;2;1;1;1;0;0
120,0;0;0;0;0;2;0;0;0;1;0;0;0;0;1;0;1;0;1;0;0;0;0;0;0;0;0;0;0;1;0;1;0;1;0;0;1;1;1;0;0;4;2;0;1;2;1;3;1;1;1;1;1;0;0
121,0;2;2;1;0;0;0;0;0;2;1;1;1;0;0;0;0;0;0;0;0;0;0;0;1;0;0;0;0;0;1;3;0;0;0;0;2;1;1;0;2;0;0;0;0;0;0;3;1;1;1;0;3;0;0
122,0;0;1;0;1;0;0;0;0;0;0;1;0;0;0;0;0;0;0;0;0;0;0;0;0;0;0;0;0;0;2;1;2;0;0;0;2;0;1;0;0;0;2;0;1;2;1;3;3;2;2;2;2;0;0
123,0;0;0;0;0;2;0;0;0;0;0;0;1;1;0;0;0;0;0;0;0;0;0;0;1;1;1;0;0;0;1;0;0;0;0;0;0;0;0;0;0;0;2;1;0;3;0;2;3;4;3;3;0;2;0
124,0;1;1;0;0;0;0;0;0;0;0;1;3;0;0;0;0;0;0;0;0;0;0;1;1;0;0;0;0;0;0;0;0;0;0;0;0;0;1;0;0;2;4;0;2;4;0;3;0;1;2;2;2;0;0
125,0;0;0;0;0;0;0;0;0;0;0;0;0;0;0;0;0;0;0;0;0;0;0;0;0;0;0;0;0;0;1;1;1;1;1;0;1;1;2;1;2;2;4;2;4;0;0;0;1;1;2;1;0;2;0
126,0;0;0;0;0;0;0;0;0;0;0;0;0;0;0;0;0;0;0;0;0;0;0;0;0;0;0;0;0;0;1;1;1;1;1;0;1;1;2;1;2;2;4;2;4;0;0;0;1;1;2;1;0;2;0
127,0;0;0;0;0;0;0;0;0;0;0;0;0;0;0;0;0;0;0;0;0;0;0;0;0;0;0;0;0;0;0;0;1;1;0;0;0;1;1;0;0;3;2;1;3;3;0;2;3;2;2;4;1;1;0
128,0;0;0;0;0;0;0;0;0;0;0;0;0;0;0;0;0;0;0;0;0;0;0;0;0;0;0;0;0;0;4;4;4;3;0;0;4;1;1;0;1;0;0;0;0;0;0;0;0;0;4;2;2;2;0
129,0;0;0;0;0;0;0;0;0;1;0;1;0;0;0;0;0;0;0;0;0;0;0;0;0;0;0;0;0;0;2;2;0;0;0;0;0;0;0;0;0;4;4;0;4;1;4;2;3;2;2;0;0;0;0
130,0;0;0;0;0;0;0;0;0;0;0;0;1;0;0;1;0;0;0;1;1;0;0;0;1;1;1;1;1;1;0;0;0;0;0;0;1;1;1;0;1;0;1;2;2;2;2;2;2;2;2;0;1;0;0
131,0;1;1;1;0;0;0;0;0;0;0;0;0;0;0;0;0;0;0;0;0;0;0;0;0;0;0;0;0;0;2;1;1;1;0;0;2;1;2;2;1;2;2;0;1;3;0;2;2;2;2;0;0;0;0
132,0;0;2;0;2;4;0;0;0;0;0;0;2;1;0;0;0;0;0;0;0;0;0;0;0;0;0;0;0;0;2;3;0;1;0;0;1;0;0;0;1;0;4;0;1;1;2;3;0;1;1;0;0;0;0
133,1;2;0;0;0;0;0;0;0;0;0;0;0;1;0;0;0;0;1;0;0;1;1;1;1;1;0;0;0;0;2;1;0;1;0;0;1;0;0;0;1;0;2;0;0;2;1;2;2;2;2;2;1;0;0
134,1;0;1;0;0;0;0;1;0;0;1;0;1;0;0;1;0;0;1;0;0;0;0;0;0;0;0;0;0;0;2;0;0;0;0;0;0;1;0;0;0;0;2;0;2;0;2;3;0;3;3;3;2;2;0
135,0;0;0;0;0;0;0;0;0;0;0;0;0;0;0;0;0;0;0;0;0;0;0;0;0;0;0;0;0;0;2;1;1;1;0;0;0;1;1;0;0;3;2;1;2;2;1;2;3;2;2;3;1;1;0
136,0;0;2;0;0;0;0;0;0;0;0;1;1;0;0;0;1;0;0;0;0;0;0;0;1;0;0;0;0;0;2;1;0;2;3;0;1;0;2;0;0;0;0;0;2;3;1;2;1;2;1;2;2;0;0
137,0;0;1;0;0;0;0;1;1;0;0;0;0;1;0;0;0;0;0;0;0;0;0;0;0;0;0;0;0;0;1;0;0;1;0;0;0;0;0;0;0;2;2;0;3;3;3;3;0;1;3;3;3;1;0
138,0;0;1;0;0;0;0;1;1;0;0;0;0;1;0;0;0;0;0;0;0;0;0;0;0;0;0;0;0;0;1;0;0;1;0;0;0;0;0;0;0;2;2;0;3;3;3;3;0;1;3;3;3;1;0
139,3;1;1;0;0;0;0;0;0;0;1;0;0;1;1;1;0;0;0;0;0;0;0;0;0;0;0;0;0;0;0;0;0;0;0;0;0;3;0;0;1;1;1;0;3;3;2;2;0;2;2;0;0;4;0
140,0;2;0;0;0;1;0;0;0;0;0;0;0;0;0;0;0;0;0;0;0;0;0;0;1;1;0;0;0;2;0;0;0;1;0;0;1;1;2;0;1;2;3;0;1;1;2;2;1;0;1;3;2;2;0
141,0;1;2;0;0;0;0;0;0;1;1;1;2;1;1;1;0;0;1;0;1;0;0;0;0;0;0;0;0;0;1;1;0;1;0;0;1;1;1;1;1;1;1;0;1;1;0;2;1;1;1;1;1;1;0
142,4;3;4;4;0;0;0;0;0;0;0;0;0;0;0;0;0;0;0;0;0;0;0;2;0;0;0;0;0;0;0;0;0;0;0;0;0;0;0;0;0;0;0;0;0;0;0;4;4;4;4;0;0;0;0
143,3;0;0;0;0;0;0;0;0;0;0;1;1;2;1;0;0;1;1;0;0;0;0;1;0;0;1;0;0;0;0;0;0;0;0;0;0;0;1;1;0;0;3;2;4;4;0;1;0;0;1;4;1;0;0
144,0;0;2;4;0;0;0;0;0;2;0;0;0;0;0;0;0;0;2;0;0;0;0;0;0;0;0;0;0;0;0;2;0;1;0;0;0;2;0;0;2;2;3;0;3;2;0;2;4;0;0;1;0;0;0
145,0;0;0;0;0;0;0;0;0;0;0;0;0;0;0;0;0;0;0;0;0;0;0;0;0;0;0;0;0;0;0;0;0;0;0;0;2;1;1;0;1;3;4;0;4;3;4;3;1;3;3;0;1;0;0
146,2;1;1;0;0;1;0;0;0;0;0;1;0;1;0;0;1;0;1;0;0;0;0;1;0;1;1;0;0;0;0;1;0;2;0;0;1;0;2;1;2;1;3;1;3;1;1;3;0;0;0;0;0;0;0
147,0;0;1;0;0;0;0;0;0;0;0;0;0;0;0;0;0;1;0;0;0;0;2;2;1;1;1;0;1;0;0;0;0;0;0;0;0;0;0;0;0;0;4;4;4;4;4;0;4;0;0;0;0;0;0
148,0;0;0;0;0;0;0;0;0;2;0;1;1;0;0;0;0;0;0;0;1;0;0;1;1;0;0;0;1;0;2;0;0;1;0;0;1;0;2;0;1;3;2;0;1;3;3;2;2;1;1;2;0;0;0
149,0;1;0;0;0;0;0;0;0;0;0;0;0;0;0;0;1;0;0;0;0;0;0;0;0;0;0;0;0;0;0;0;0;0;0;0;0;0;0;0;0;2;4;4;4;4;4;4;4;2;2;0;0;0;0
150,0;3;2;0;0;0;0;0;0;0;0;0;0;0;0;0;0;0;0;0;0;0;0;0;0;0;0;0;0;0;1;0;0;0;0;0;0;0;1;0;0;4;4;0;4;4;4;3;1;1;1;2;0;1;0
151,0;1;1;1;1;0;0;0;0;0;1;1;2;1;1;1;1;1;1;0;0;0;0;0;0;0;0;0;0;0;0;0;0;0;0;0;1;1;1;0;0;1;1;0;1;3;1;2;1;2;2;2;2;1;0
152,1;0;0;0;0;1;0;0;0;1;1;0;1;1;1;1;0;1;0;0;0;0;0;1;1;0;0;0;0;1;1;0;0;0;0;0;0;0;0;0;0;2;4;1;0;2;1;2;1;2;2;4;2;0;0
153,2;2;3;0;0;1;0;0;0;1;1;1;1;1;1;1;1;1;1;1;1;0;0;0;0;0;0;0;0;0;2;0;0;0;0;0;0;0;0;0;0;0;2;0;2;2;1;1;1;1;1;1;1;1;0
154,1;0;1;0;1;1;0;0;0;1;0;0;1;1;1;0;0;1;0;1;0;0;0;0;0;0;0;0;0;0;1;1;1;1;0;0;1;0;1;1;1;1;1;1;1;0;0;2;1;2;2;2;2;3;0
155,2;1;0;2;0;0;0;0;0;1;1;1;1;0;1;0;1;1;0;0;0;0;0;1;1;1;0;0;0;0;0;0;1;0;1;0;1;0;1;0;0;0;1;0;0;3;0;2;2;2;2;2;2;1;0
156,0;0;1;1;0;0;0;0;0;2;1;2;1;1;1;0;0;0;0;0;0;0;0;0;1;0;0;0;0;1;2;1;0;2;0;0;1;1;1;1;0;2;2;0;0;2;1;2;1;2;2;1;0;0;0
157,0;1;0;0;0;1;0;2;0;0;1;0;1;0;0;0;0;0;0;0;0;0;2;2;0;0;1;1;0;0;1;0;0;0;0;0;0;0;0;0;3;1;1;0;1;3;3;2;0;0;0;4;4;2;0
158,0;1;0;1;0;0;0;0;0;1;1;2;2;0;0;0;0;0;0;0;0;0;0;0;0;1;1;1;0;0;2;1;0;0;0;0;1;1;2;1;0;2;2;2;1;0;1;3;2;2;2;1;0;0;0
159,0;0;0;0;0;0;0;0;0;1;0;1;2;0;1;0;0;0;0;0;0;0;0;0;0;0;0;0;0;0;2;1;1;1;0;0;1;1;2;1;1;3;2;0;2;1;2;3;2;2;2;1;1;0;0
160,2;0;2;0;0;0;0;0;0;2;0;0;2;0;0;1;1;0;0;0;1;1;0;0;0;0;0;0;0;0;1;1;0;1;1;1;1;0;1;1;0;2;1;0;0;3;2;2;1;1;1;1;2;1;0
161,1;1;2;0;2;1;0;2;1;2;1;1;2;0;2;1;2;1;0;0;0;1;0;1;1;0;1;0;0;0;0;0;0;1;0;0;0;0;0;0;0;0;0;0;1;1;1;0;1;2;2;0;1;1;0
162,0;0;0;0;0;2;0;0;0;0;0;0;0;0;0;0;0;0;0;0;0;0;0;2;0;0;0;0;0;0;0;0;0;0;0;0;1;0;0;0;0;0;2;2;4;4;4;2;2;2;2;4;2;2;0
163,2;0;1;0;0;0;0;0;0;2;1;0;1;0;2;2;1;0;0;0;1;0;0;1;0;1;0;0;0;0;2;0;0;0;0;0;2;2;1;0;0;2;2;1;2;3;0;2;0;0;2;1;0;0;0
164,2;1;1;0;0;2;0;0;0;2;0;1;1;1;1;0;0;0;0;0;0;0;0;0;1;1;0;0;0;1;1;1;2;2;0;0;0;0;0;0;1;0;1;2;0;1;0;3;1;1;3;1;1;1;0
165,0;0;0;0;0;0;0;0;0;0;0;0;0;0;0;0;0;0;0;0;0;0;0;0;0;0;0;0;0;0;4;4;3;4;0;0;4;0;1;0;1;0;0;0;0;1;0;4;1;1;4;2;2;2;0
166,0;0;0;0;0;0;0;0;0;0;0;0;0;0;0;0;0;0;0;0;0;0;0;0;0;0;0;0;0;0;0;1;1;1;1;1;1;1;1;1;1;1;3;1;3;4;1;2;2;2;2;3;2;2;0
167,1;1;0;0;0;0;0;0;0;1;0;1;1;0;0;1;0;0;0;1;0;0;0;0;1;1;1;0;0;1;1;1;0;1;0;0;1;1;1;2;1;3;3;0;2;3;0;2;0;1;1;3;0;0;0
168,0;0;0;0;0;0;0;0;0;0;0;1;0;0;0;0;0;0;0;0;0;0;0;0;0;0;0;0;0;0;0;0;0;1;0;0;1;0;4;1;2;1;1;0;4;3;3;2;2;3;2;4;3;1;0
169,0;0;0;0;0;0;0;1;0;0;0;1;1;1;0;0;0;0;0;1;1;0;1;1;0;0;0;0;0;0;1;3;0;0;0;0;0;0;0;0;0;2;2;0;1;3;4;4;0;1;3;3;3;1;0
